0 0.345313 0.605556 0.345313 0.613889 0.342187 0.619444 0.340625 0.619444 0.334375 0.630556 0.332812 0.630556 0.323438 0.647222 0.323438 0.65 0.31875 0.658333 0.31875 0.661111 0.307813 0.680556 0.30625 0.680556 0.3 0.691667 0.3 0.694444 0.29375 0.705556 0.29375 0.708333 0.290625 0.713889 0.290625 0.716667 0.2875 0.722222 0.2875 0.725 0.284375 0.730556 0.284375 0.733333 0.282813 0.736111 0.282813 0.738889 0.279687 0.744444 0.279687 0.747222 0.278125 0.75 0.278125 0.752778 0.275 0.758333 0.275 0.761111 0.259375 0.788889 0.257812 0.788889 0.253125 0.797222 0.251563 0.797222 0.245312 0.808333 0.24375 0.808333 0.239063 0.816667 0.2375 0.816667 0.235938 0.819444 0.234375 0.819444 0.23125 0.825 0.229687 0.825 0.228125 0.827778 0.225 0.827778 0.223438 0.830556 0.221875 0.830556 0.220313 0.833333 0.21875 0.833333 0.215625 0.838889 0.214062 0.838889 0.2125 0.841667 0.210938 0.841667 0.207813 0.847222 0.20625 0.847222 0.204688 0.85 0.203125 0.85 0.196875 0.861111 0.195312 0.861111 0.173438 0.9 0.173438 0.902778 0.16875 0.911111 0.16875 0.913889 0.165625 0.919444 0.165625 0.922222 0.1625 0.927778 0.1625 0.930556 0.160938 0.933333 0.160938 0.936111 0.159375 0.938889 0.159375 0.941667 0.157813 0.944444 0.157813 0.947222 0.15625 0.95 0.15625 0.952778 0.154687 0.955556 0.154687 0.958333 0.151562 0.963889 0.146875 0.963889 0.146875 1 0.382812 1 0.382812 0.991667 0.38125 0.988889 0.38125 0.980556 0.379687 0.977778 0.379687 0.975 0.378125 0.972222 0.378125 0.969444 0.375 0.963889 0.375 0.961111 0.371875 0.955556 0.371875 0.952778 0.36875 0.947222 0.36875 0.938889 0.367188 0.936111 0.367188 0.919444 0.365625 0.916667 0.365625 0.902778 0.364062 0.9 0.364062 0.894444 0.3625 0.891667 0.3625 0.886111 0.360938 0.883333 0.360938 0.880556 0.359375 0.877778 0.359375 0.875 0.35625 0.869444 0.35625 0.866667 0.354688 0.863889 0.353125 0.863889 0.35 0.858333 0.348437 0.858333 0.346875 0.855556 0.345313 0.855556 0.34375 0.852778 0.342187 0.852778 0.340625 0.85 0.339063 0.85 0.329688 0.833333 0.329688 0.830556 0.328125 0.827778 0.328125 0.813889 0.329688 0.811111 0.329688 0.808333 0.33125 0.805556 0.33125 0.8 0.332812 0.797222 0.332812 0.791667 0.3375 0.783333 0.3375 0.780556 0.339063 0.777778 0.339063 0.772222 0.342187 0.766667 0.342187 0.763889 0.34375 0.761111 0.34375 0.758333 0.346875 0.752778 0.346875 0.75 0.35 0.744444 0.35 0.741667 0.351562 0.738889 0.351562 0.736111 0.353125 0.733333 0.353125 0.730556 0.359375 0.719444 0.359375 0.716667 0.376563 0.686111 0.376563 0.683333 0.379687 0.677778 0.379687 0.675 0.38125 0.672222 0.38125 0.663889 0.382812 0.661111 0.382812 0.638889 0.38125 0.636111 0.38125 0.630556 0.379687 0.627778 0.379687 0.625 0.378125 0.622222 0.376563 0.622222 0.375 0.619444 0.373437 0.619444 0.371875 0.616667 0.371875 0.605556 0.770772
62 0.160938 0.0388889 0.160938 0.0638889 0.159375 0.0666667 0.159375 0.130556 0.157813 0.133333 0.157813 0.172222 0.15625 0.175 0.15625 0.269444 0.154687 0.272222 0.154687 0.327778 0.153125 0.330556 0.153125 0.377778 0.151562 0.380556 0.151562 0.436111 0.15 0.438889 0.151562 0.441667 0.151562 0.45 0.15 0.452778 0.15 0.538889 0.148438 0.541667 0.148438 0.555556 0.15 0.558333 0.15 0.563889 0.148438 0.566667 0.148438 0.591667 0.146875 0.594444 0.146875 0.613889 0.145313 0.616667 0.145313 0.630556 0.14375 0.633333 0.14375 0.647222 0.142188 0.65 0.142188 0.669444 0.140625 0.672222 0.140625 0.686111 0.139062 0.688889 0.134375 0.688889 0.134375 0.783333 0.139062 0.783333 0.142188 0.788889 0.142188 0.794444 0.14375 0.797222 0.14375 0.8 0.145313 0.802778 0.145313 0.805556 0.146875 0.808333 0.146875 0.811111 0.15 0.816667 0.15 0.819444 0.153125 0.825 0.153125 0.827778 0.157813 0.836111 0.157813 0.838889 0.159375 0.841667 0.159375 0.844444 0.1625 0.85 0.164062 0.85 0.165625 0.852778 0.165625 0.855556 0.171875 0.866667 0.18125 0.866667 0.182812 0.869444 0.184375 0.866667 0.185937 0.866667 0.189063 0.861111 0.190625 0.861111 0.19375 0.855556 0.195312 0.855556 0.198437 0.85 0.201562 0.85 0.207813 0.838889 0.209375 0.838889 0.210938 0.836111 0.2125 0.836111 0.215625 0.830556 0.217187 0.830556 0.21875 0.827778 0.221875 0.827778 0.223438 0.825 0.226562 0.825 0.23125 0.816667 0.232812 0.816667 0.234375 0.813889 0.235938 0.813889 0.239063 0.808333 0.240625 0.808333 0.25 0.791667 0.251563 0.791667 0.253125 0.788889 0.253125 0.786111 0.254687 0.783333 0.25625 0.783333 0.260938 0.775 0.2625 0.775 0.264062 0.772222 0.265625 0.772222 0.275 0.755556 0.275 0.752778 0.276563 0.75 0.276563 0.747222 0.278125 0.744444 0.278125 0.741667 0.28125 0.736111 0.28125 0.733333 0.284375 0.727778 0.284375 0.725 0.292188 0.711111 0.292188 0.708333 0.296875 0.7 0.296875 0.697222 0.301562 0.688889 0.301562 0.686111 0.3125 0.666667 0.314063 0.666667 0.314063 0.663889 0.321875 0.65 0.321875 0.647222 0.326562 0.638889 0.328125 0.638889 0.334375 0.627778 0.3375 0.627778 0.339063 0.625 0.340625 0.625 0.34375 0.619444 0.345313 0.619444 0.346875 0.616667 0.351562 0.616667 0.353125 0.613889 0.360938 0.613889 0.3625 0.611111 0.365625 0.611111 0.367188 0.613889 0.370313 0.613889 0.371875 0.616667 0.373437 0.616667 0.375 0.619444 0.376563 0.619444 0.38125 0.627778 0.38125 0.630556 0.382812 0.633333 0.382812 0.669444 0.38125 0.672222 0.38125 0.675 0.379687 0.677778 0.379687 0.680556 0.376563 0.686111 0.376563 0.688889 0.373437 0.694444 0.371875 0.694444 0.371875 0.697222 0.365625 0.708333 0.365625 0.711111 0.357812 0.725 0.357812 0.727778 0.35625 0.730556 0.35625 0.733333 0.354688 0.736111 0.354688 0.738889 0.353125 0.741667 0.353125 0.747222 0.351562 0.75 0.351562 0.752778 0.348437 0.758333 0.346875 0.758333 0.346875 0.763889 0.345313 0.766667 0.345313 0.769444 0.342187 0.775 0.342187 0.777778 0.340625 0.780556 0.340625 0.791667 0.339063 0.794444 0.3375 0.794444 0.3375 0.808333 0.335938 0.811111 0.335938 0.827778 0.3375 0.830556 0.3375 0.836111 0.340625 0.841667 0.342187 0.841667 0.345313 0.847222 0.346875 0.847222 0.348437 0.85 0.35 0.85 0.353125 0.855556 0.353125 0.858333 0.354688 0.858333 0.359375 0.866667 0.359375 0.869444 0.360938 0.869444 0.364062 0.875 0.364062 0.880556 0.365625 0.883333 0.365625 0.886111 0.367188 0.888889 0.36875 0.888889 0.370313 0.891667 0.373437 0.891667 0.375 0.894444 0.376563 0.894444 0.382812 0.905556 0.390625 0.905556 0.392188 0.908333 0.404687 0.908333 0.410937 0.919444 0.4125 0.919444 0.414062 0.922222 0.415625 0.922222 0.417188 0.925 0.420312 0.925 0.421875 0.927778 0.425 0.927778 0.426562 0.925 0.4375 0.925 0.439063 0.927778 0.453125 0.927778 0.454688 0.930556 0.459375 0.930556 0.460938 0.927778 0.479688 0.927778 0.48125 0.930556 0.495313 0.930556 0.496875 0.933333 0.507812 0.933333 0.509375 0.936111 0.515625 0.936111 0.517187 0.938889 0.523438 0.938889 0.525 0.941667 0.534375 0.941667 0.535937 0.944444 0.55 0.944444 0.551562 0.947222 0.564062 0.947222 0.565625 0.95 0.584375 0.95 0.585938 0.952778 0.603125 0.952778 0.604688 0.955556 0.617188 0.955556 0.61875 0.958333 0.623438 0.958333 0.625 0.961111 0.625 0.969444 0.854688 0.969444 0.854688 0.961111 0.857813 0.955556 0.859375 0.955556 0.860937 0.952778 0.864062 0.952778 0.867188 0.947222 0.86875 0.947222 0.871875 0.941667 0.873438 0.941667 0.875 0.938889 0.876562 0.938889 0.88125 0.930556 0.882812 0.930556 0.8875 0.922222 0.8875 0.919444 0.890625 0.913889 0.890625 0.883333 0.892187 0.880556 0.892187 0.833333 0.89375 0.830556 0.89375 0.788889 0.895312 0.786111 0.895312 0.766667 0.896875 0.763889 0.896875 0.755556 0.898438 0.752778 0.898438 0.727778 0.9 0.725 0.9 0.702778 0.901563 0.7 0.901563 0.691667 0.9 0.688889 0.9 0.563889 0.901563 0.561111 0.901563 0.522222 0.903125 0.519444 0.903125 0.483333 0.904688 0.480556 0.904688 0.447222 0.90625 0.444444 0.90625 0.413889 0.907812 0.411111 0.907812 0.355556 0.909375 0.352778 0.909375 0.316667 0.910937 0.313889 0.910937 0.291667 0.9125 0.288889 0.9125 0.272222 0.914062 0.269444 0.914062 0.263889 0.915625 0.261111 0.920313 0.261111 0.920313 0.0888889 0.914062 0.0888889 0.9125 0.0861111 0.910937 0.0861111 0.909375 0.0833333 0.904688 0.0833333 0.903125 0.0805556 0.882812 0.0805556 0.88125 0.0777778 0.865625 0.0777778 0.864062 0.075 0.839063 0.075 0.8375 0.0722222 0.804688 0.0722222 0.803125 0.0694444 0.8 0.0694444 0.798437 0.0722222 0.795313 0.0722222 0.79375 0.0694444 0.778125 0.0694444 0.776563 0.0666667 0.775 0.0694444 0.771875 0.0694444 0.770312 0.0666667 0.751562 0.0666667 0.75 0.0638889 0.667188 0.0638889 0.665625 0.0611111 0.664062 0.0611111 0.6625 0.0638889 0.65625 0.0638889 0.654688 0.0611111 0.626562 0.0611111 0.625 0.0583333 0.6 0.0583333 0.598437 0.0555556 0.554688 0.0555556 0.553125 0.0527778 0.54375 0.0527778 0.542188 0.0555556 0.539062 0.0555556 0.5375 0.0527778 0.53125 0.0527778 0.529688 0.0555556 0.520312 0.0555556 0.51875 0.0527778 0.470313 0.0527778 0.46875 0.05 0.457812 0.05 0.45625 0.0472222 0.45625 0.0388889 0.413414
62 0.003125 0.216667 0.003125 0.683333 0.009375 0.683333 0.0109375 0.686111 0.0109375 0.688889 0.0171875 0.7 0.0171875 0.702778 0.01875 0.705556 0.01875 0.711111 0.021875 0.716667 0.021875 0.722222 0.0203125 0.725 0.0203125 0.736111 0.0171875 0.741667 0.0171875 0.747222 0.015625 0.75 0.015625 0.755556 0.0125 0.761111 0.0125 0.763889 0.0109375 0.766667 0.0109375 0.769444 0.0078125 0.775 0.003125 0.775 0.003125 0.802778 0.104687 0.802778 0.104687 0.794444 0.107813 0.788889 0.126563 0.788889 0.126563 0.711111 0.11875 0.711111 0.117188 0.708333 0.114063 0.708333 0.110937 0.702778 0.110937 0.697222 0.107813 0.691667 0.107813 0.686111 0.10625 0.683333 0.10625 0.619444 0.107813 0.616667 0.107813 0.602778 0.109375 0.6 0.109375 0.591667 0.110937 0.588889 0.110937 0.580556 0.1125 0.577778 0.1125 0.566667 0.114063 0.563889 0.114063 0.472222 0.1125 0.469444 0.1125 0.45 0.110937 0.447222 0.110937 0.436111 0.1125 0.433333 0.1125 0.422222 0.114063 0.419444 0.114063 0.416667 0.115625 0.413889 0.115625 0.408333 0.117188 0.405556 0.117188 0.4 0.11875 0.397222 0.11875 0.316667 0.117188 0.313889 0.11875 0.311111 0.11875 0.252778 0.120312 0.25 0.11875 0.247222 0.11875 0.244444 0.117188 0.241667 0.117188 0.238889 0.114063 0.233333 0.1125 0.233333 0.110937 0.230556 0.109375 0.230556 0.10625 0.225 0.10625 0.216667 0.341347
0 0.0421875 0.988889 0.040625 0.988889 0.0390625 0.986111 0.0375 0.986111 0.034375 0.980556 0.034375 0.977778 0.028125 0.988889 0.0265625 0.988889 0.021875 0.980556 0.021875 0.977778 0.0203125 0.977778 0.0140625 0.988889 0.009375 0.988889 0.009375 1 0.04375 1 0.04375 0.994444 0.0421875 0.991667 0.0421875 0.988889 0.0515625 0.975 0.142188 0.994444 0.142188 1 0.382812 1 0.382812 0.991667 0.38125 0.988889 0.38125 0.977778 0.379687 0.975 0.379687 0.972222 0.376563 0.966667 0.376563 0.963889 0.373437 0.958333 0.373437 0.955556 0.370313 0.95 0.370313 0.947222 0.36875 0.944444 0.36875 0.938889 0.367188 0.936111 0.367188 0.919444 0.365625 0.916667 0.365625 0.902778 0.364062 0.9 0.364062 0.894444 0.3625 0.891667 0.3625 0.886111 0.360938 0.883333 0.360938 0.880556 0.359375 0.877778 0.359375 0.875 0.35 0.858333 0.348437 0.858333 0.346875 0.855556 0.345313 0.855556 0.34375 0.852778 0.342187 0.852778 0.340625 0.85 0.339063 0.85 0.329688 0.833333 0.329688 0.830556 0.326562 0.825 0.328125 0.822222 0.328125 0.813889 0.329688 0.811111 0.329688 0.808333 0.33125 0.805556 0.33125 0.8 0.332812 0.797222 0.332812 0.794444 0.334375 0.791667 0.334375 0.788889 0.3375 0.783333 0.3375 0.780556 0.339063 0.777778 0.339063 0.772222 0.342187 0.766667 0.342187 0.763889 0.345313 0.758333 0.345313 0.755556 0.348437 0.75 0.348437 0.747222 0.35 0.744444 0.35 0.741667 0.351562 0.738889 0.351562 0.736111 0.354688 0.730556 0.354688 0.727778 0.357812 0.722222 0.357812 0.719444 0.375 0.688889 0.375 0.686111 0.378125 0.680556 0.378125 0.677778 0.379687 0.675 0.379687 0.672222 0.38125 0.669444 0.38125 0.633333 0.379687 0.630556 0.379687 0.616667 0.3375 0.616667 0.3375 0.625 0.334375 0.630556 0.332812 0.630556 0.325 0.644444 0.325 0.647222 0.320312 0.655556 0.320312 0.658333 0.307813 0.680556 0.30625 0.680556 0.3 0.691667 0.3 0.694444 0.295312 0.702778 0.295312 0.705556 0.292188 0.711111 0.292188 0.713889 0.2875 0.722222 0.2875 0.725 0.284375 0.730556 0.284375 0.733333 0.28125 0.738889 0.28125 0.741667 0.279687 0.744444 0.279687 0.747222 0.278125 0.75 0.278125 0.752778 0.275 0.758333 0.275 0.761111 0.259375 0.788889 0.257812 0.788889 0.253125 0.797222 0.251563 0.797222 0.245312 0.808333 0.24375 0.808333 0.239063 0.816667 0.2375 0.816667 0.235938 0.819444 0.234375 0.819444 0.23125 0.825 0.229687 0.825 0.228125 0.827778 0.225 0.827778 0.223438 0.830556 0.221875 0.830556 0.220313 0.833333 0.21875 0.833333 0.215625 0.838889 0.214062 0.838889 0.2125 0.841667 0.210938 0.841667 0.207813 0.847222 0.20625 0.847222 0.204688 0.85 0.203125 0.85 0.196875 0.861111 0.195312 0.861111 0.170312 0.905556 0.170312 0.908333 0.167187 0.913889 0.167187 0.916667 0.164062 0.922222 0.164062 0.925 0.1625 0.927778 0.1625 0.930556 0.160938 0.933333 0.160938 0.936111 0.157813 0.941667 0.157813 0.944444 0.15625 0.947222 0.15625 0.95 0.154687 0.952778 0.154687 0.955556 0.153125 0.958333 0.153125 0.961111 0.151562 0.963889 0.151562 0.966667 0.15 0.969444 0.15 0.972222 0.148438 0.975 0.148438 0.980556 0.146875 0.983333 0.146875 0.986111 0.142188 0.994444 0.0515625 0.975 0.0515625 0.972222 0.0515625 0.975 0.293068
67 0.160938 0.0388889 0.160938 0.0638889 0.159375 0.0666667 0.159375 0.130556 0.157813 0.133333 0.157813 0.172222 0.15625 0.175 0.15625 0.269444 0.154687 0.272222 0.154687 0.327778 0.153125 0.330556 0.153125 0.377778 0.151562 0.380556 0.151562 0.436111 0.15 0.438889 0.151562 0.441667 0.151562 0.45 0.15 0.452778 0.15 0.538889 0.148438 0.541667 0.148438 0.555556 0.15 0.558333 0.15 0.563889 0.148438 0.566667 0.148438 0.591667 0.146875 0.594444 0.146875 0.613889 0.145313 0.616667 0.145313 0.630556 0.14375 0.633333 0.14375 0.647222 0.142188 0.65 0.142188 0.669444 0.140625 0.672222 0.140625 0.686111 0.139062 0.688889 0.134375 0.688889 0.134375 0.783333 0.139062 0.783333 0.142188 0.788889 0.142188 0.794444 0.14375 0.797222 0.14375 0.8 0.145313 0.802778 0.145313 0.805556 0.146875 0.808333 0.146875 0.811111 0.15 0.816667 0.15 0.819444 0.153125 0.825 0.153125 0.827778 0.157813 0.836111 0.157813 0.838889 0.159375 0.841667 0.159375 0.844444 0.1625 0.85 0.164062 0.85 0.165625 0.852778 0.165625 0.855556 0.171875 0.866667 0.18125 0.866667 0.182812 0.869444 0.184375 0.866667 0.185937 0.866667 0.189063 0.861111 0.190625 0.861111 0.19375 0.855556 0.195312 0.855556 0.198437 0.85 0.201562 0.85 0.207813 0.838889 0.209375 0.838889 0.210938 0.836111 0.2125 0.836111 0.215625 0.830556 0.217187 0.830556 0.21875 0.827778 0.221875 0.827778 0.223438 0.825 0.226562 0.825 0.23125 0.816667 0.232812 0.816667 0.234375 0.813889 0.235938 0.813889 0.239063 0.808333 0.240625 0.808333 0.25 0.791667 0.251563 0.791667 0.253125 0.788889 0.253125 0.786111 0.254687 0.783333 0.25625 0.783333 0.260938 0.775 0.2625 0.775 0.264062 0.772222 0.265625 0.772222 0.275 0.755556 0.275 0.752778 0.276563 0.75 0.276563 0.747222 0.278125 0.744444 0.278125 0.741667 0.28125 0.736111 0.28125 0.733333 0.284375 0.727778 0.284375 0.725 0.292188 0.711111 0.292188 0.708333 0.296875 0.7 0.296875 0.697222 0.301562 0.688889 0.301562 0.686111 0.3125 0.666667 0.314063 0.666667 0.314063 0.663889 0.321875 0.65 0.321875 0.647222 0.326562 0.638889 0.328125 0.638889 0.334375 0.627778 0.3375 0.627778 0.339063 0.625 0.340625 0.625 0.34375 0.619444 0.345313 0.619444 0.346875 0.616667 0.351562 0.616667 0.353125 0.613889 0.360938 0.613889 0.3625 0.611111 0.365625 0.611111 0.367188 0.613889 0.370313 0.613889 0.371875 0.616667 0.373437 0.616667 0.375 0.619444 0.376563 0.619444 0.38125 0.627778 0.38125 0.630556 0.382812 0.633333 0.382812 0.669444 0.38125 0.672222 0.38125 0.675 0.379687 0.677778 0.379687 0.680556 0.376563 0.686111 0.376563 0.688889 0.373437 0.694444 0.371875 0.694444 0.371875 0.697222 0.365625 0.708333 0.365625 0.711111 0.357812 0.725 0.357812 0.727778 0.35625 0.730556 0.35625 0.733333 0.354688 0.736111 0.354688 0.738889 0.353125 0.741667 0.353125 0.747222 0.351562 0.75 0.351562 0.752778 0.348437 0.758333 0.346875 0.758333 0.346875 0.763889 0.345313 0.766667 0.345313 0.769444 0.342187 0.775 0.342187 0.777778 0.340625 0.780556 0.340625 0.791667 0.339063 0.794444 0.3375 0.794444 0.3375 0.808333 0.335938 0.811111 0.335938 0.827778 0.3375 0.830556 0.3375 0.836111 0.340625 0.841667 0.342187 0.841667 0.345313 0.847222 0.346875 0.847222 0.348437 0.85 0.35 0.85 0.353125 0.855556 0.353125 0.858333 0.354688 0.858333 0.359375 0.866667 0.359375 0.869444 0.360938 0.869444 0.364062 0.875 0.364062 0.880556 0.365625 0.883333 0.365625 0.886111 0.367188 0.888889 0.36875 0.888889 0.370313 0.891667 0.373437 0.891667 0.375 0.894444 0.376563 0.894444 0.382812 0.905556 0.390625 0.905556 0.392188 0.908333 0.404687 0.908333 0.410937 0.919444 0.4125 0.919444 0.414062 0.922222 0.415625 0.922222 0.417188 0.925 0.420312 0.925 0.421875 0.927778 0.425 0.927778 0.426562 0.925 0.4375 0.925 0.439063 0.927778 0.453125 0.927778 0.454688 0.930556 0.459375 0.930556 0.460938 0.927778 0.479688 0.927778 0.48125 0.930556 0.495313 0.930556 0.496875 0.933333 0.507812 0.933333 0.509375 0.936111 0.515625 0.936111 0.517187 0.938889 0.523438 0.938889 0.525 0.941667 0.534375 0.941667 0.535937 0.944444 0.55 0.944444 0.551562 0.947222 0.564062 0.947222 0.565625 0.95 0.584375 0.95 0.585938 0.952778 0.603125 0.952778 0.604688 0.955556 0.617188 0.955556 0.61875 0.958333 0.623438 0.958333 0.625 0.961111 0.625 0.969444 0.854688 0.969444 0.854688 0.961111 0.857813 0.955556 0.859375 0.955556 0.860937 0.952778 0.864062 0.952778 0.867188 0.947222 0.86875 0.947222 0.871875 0.941667 0.873438 0.941667 0.875 0.938889 0.876562 0.938889 0.88125 0.930556 0.882812 0.930556 0.8875 0.922222 0.8875 0.919444 0.890625 0.913889 0.890625 0.883333 0.892187 0.880556 0.892187 0.833333 0.89375 0.830556 0.89375 0.788889 0.895312 0.786111 0.895312 0.766667 0.896875 0.763889 0.896875 0.755556 0.898438 0.752778 0.898438 0.727778 0.9 0.725 0.9 0.702778 0.901563 0.7 0.901563 0.691667 0.9 0.688889 0.9 0.563889 0.901563 0.561111 0.901563 0.522222 0.903125 0.519444 0.903125 0.483333 0.904688 0.480556 0.904688 0.447222 0.90625 0.444444 0.90625 0.413889 0.907812 0.411111 0.907812 0.355556 0.909375 0.352778 0.909375 0.316667 0.910937 0.313889 0.910937 0.291667 0.9125 0.288889 0.9125 0.272222 0.914062 0.269444 0.914062 0.263889 0.915625 0.261111 0.920313 0.261111 0.920313 0.0888889 0.914062 0.0888889 0.9125 0.0861111 0.910937 0.0861111 0.909375 0.0833333 0.904688 0.0833333 0.903125 0.0805556 0.882812 0.0805556 0.88125 0.0777778 0.865625 0.0777778 0.864062 0.075 0.839063 0.075 0.8375 0.0722222 0.804688 0.0722222 0.803125 0.0694444 0.8 0.0694444 0.798437 0.0722222 0.795313 0.0722222 0.79375 0.0694444 0.778125 0.0694444 0.776563 0.0666667 0.775 0.0694444 0.771875 0.0694444 0.770312 0.0666667 0.751562 0.0666667 0.75 0.0638889 0.667188 0.0638889 0.665625 0.0611111 0.664062 0.0611111 0.6625 0.0638889 0.65625 0.0638889 0.654688 0.0611111 0.626562 0.0611111 0.625 0.0583333 0.6 0.0583333 0.598437 0.0555556 0.554688 0.0555556 0.553125 0.0527778 0.54375 0.0527778 0.542188 0.0555556 0.539062 0.0555556 0.5375 0.0527778 0.53125 0.0527778 0.529688 0.0555556 0.520312 0.0555556 0.51875 0.0527778 0.470313 0.0527778 0.46875 0.05 0.457812 0.05 0.45625 0.0472222 0.45625 0.0388889 0.258515
0 0.345313 0.605556 0.345313 0.613889 0.342187 0.619444 0.340625 0.619444 0.334375 0.630556 0.332812 0.630556 0.323438 0.647222 0.323438 0.65 0.31875 0.658333 0.31875 0.661111 0.307813 0.680556 0.30625 0.680556 0.3 0.691667 0.3 0.694444 0.29375 0.705556 0.29375 0.708333 0.290625 0.713889 0.290625 0.716667 0.2875 0.722222 0.2875 0.725 0.284375 0.730556 0.284375 0.733333 0.282813 0.736111 0.282813 0.738889 0.279687 0.744444 0.279687 0.747222 0.278125 0.75 0.278125 0.752778 0.275 0.758333 0.275 0.761111 0.259375 0.788889 0.257812 0.788889 0.253125 0.797222 0.251563 0.797222 0.245312 0.808333 0.24375 0.808333 0.239063 0.816667 0.2375 0.816667 0.235938 0.819444 0.234375 0.819444 0.23125 0.825 0.229687 0.825 0.228125 0.827778 0.225 0.827778 0.223438 0.830556 0.221875 0.830556 0.220313 0.833333 0.21875 0.833333 0.215625 0.838889 0.214062 0.838889 0.2125 0.841667 0.210938 0.841667 0.207813 0.847222 0.20625 0.847222 0.204688 0.85 0.203125 0.85 0.196875 0.861111 0.195312 0.861111 0.173438 0.9 0.173438 0.902778 0.16875 0.911111 0.16875 0.913889 0.165625 0.919444 0.165625 0.922222 0.1625 0.927778 0.1625 0.930556 0.160938 0.933333 0.160938 0.936111 0.159375 0.938889 0.159375 0.941667 0.157813 0.944444 0.157813 0.947222 0.15625 0.95 0.15625 0.952778 0.154687 0.955556 0.154687 0.958333 0.151562 0.963889 0.146875 0.963889 0.146875 1 0.382812 1 0.382812 0.991667 0.38125 0.988889 0.38125 0.980556 0.379687 0.977778 0.379687 0.975 0.378125 0.972222 0.378125 0.969444 0.375 0.963889 0.375 0.961111 0.371875 0.955556 0.371875 0.952778 0.36875 0.947222 0.36875 0.938889 0.367188 0.936111 0.367188 0.919444 0.365625 0.916667 0.365625 0.902778 0.364062 0.9 0.364062 0.894444 0.3625 0.891667 0.3625 0.886111 0.360938 0.883333 0.360938 0.880556 0.359375 0.877778 0.359375 0.875 0.35625 0.869444 0.35625 0.866667 0.354688 0.863889 0.353125 0.863889 0.35 0.858333 0.348437 0.858333 0.346875 0.855556 0.345313 0.855556 0.34375 0.852778 0.342187 0.852778 0.340625 0.85 0.339063 0.85 0.329688 0.833333 0.329688 0.830556 0.328125 0.827778 0.328125 0.813889 0.329688 0.811111 0.329688 0.808333 0.33125 0.805556 0.33125 0.8 0.332812 0.797222 0.332812 0.791667 0.3375 0.783333 0.3375 0.780556 0.339063 0.777778 0.339063 0.772222 0.342187 0.766667 0.342187 0.763889 0.34375 0.761111 0.34375 0.758333 0.346875 0.752778 0.346875 0.75 0.35 0.744444 0.35 0.741667 0.351562 0.738889 0.351562 0.736111 0.353125 0.733333 0.353125 0.730556 0.359375 0.719444 0.359375 0.716667 0.376563 0.686111 0.376563 0.683333 0.379687 0.677778 0.379687 0.675 0.38125 0.672222 0.38125 0.663889 0.382812 0.661111 0.382812 0.638889 0.38125 0.636111 0.38125 0.630556 0.379687 0.627778 0.379687 0.625 0.378125 0.622222 0.376563 0.622222 0.375 0.619444 0.373437 0.619444 0.371875 0.616667 0.371875 0.605556 0.770772
62 0.160938 0.0388889 0.160938 0.0638889 0.159375 0.0666667 0.159375 0.130556 0.157813 0.133333 0.157813 0.172222 0.15625 0.175 0.15625 0.269444 0.154687 0.272222 0.154687 0.327778 0.153125 0.330556 0.153125 0.377778 0.151562 0.380556 0.151562 0.436111 0.15 0.438889 0.151562 0.441667 0.151562 0.45 0.15 0.452778 0.15 0.538889 0.148438 0.541667 0.148438 0.555556 0.15 0.558333 0.15 0.563889 0.148438 0.566667 0.148438 0.591667 0.146875 0.594444 0.146875 0.613889 0.145313 0.616667 0.145313 0.630556 0.14375 0.633333 0.14375 0.647222 0.142188 0.65 0.142188 0.669444 0.140625 0.672222 0.140625 0.686111 0.139062 0.688889 0.134375 0.688889 0.134375 0.783333 0.139062 0.783333 0.142188 0.788889 0.142188 0.794444 0.14375 0.797222 0.14375 0.8 0.145313 0.802778 0.145313 0.805556 0.146875 0.808333 0.146875 0.811111 0.15 0.816667 0.15 0.819444 0.153125 0.825 0.153125 0.827778 0.157813 0.836111 0.157813 0.838889 0.159375 0.841667 0.159375 0.844444 0.1625 0.85 0.164062 0.85 0.165625 0.852778 0.165625 0.855556 0.171875 0.866667 0.18125 0.866667 0.182812 0.869444 0.184375 0.866667 0.185937 0.866667 0.189063 0.861111 0.190625 0.861111 0.19375 0.855556 0.195312 0.855556 0.198437 0.85 0.201562 0.85 0.207813 0.838889 0.209375 0.838889 0.210938 0.836111 0.2125 0.836111 0.215625 0.830556 0.217187 0.830556 0.21875 0.827778 0.221875 0.827778 0.223438 0.825 0.226562 0.825 0.23125 0.816667 0.232812 0.816667 0.234375 0.813889 0.235938 0.813889 0.239063 0.808333 0.240625 0.808333 0.25 0.791667 0.251563 0.791667 0.253125 0.788889 0.253125 0.786111 0.254687 0.783333 0.25625 0.783333 0.260938 0.775 0.2625 0.775 0.264062 0.772222 0.265625 0.772222 0.275 0.755556 0.275 0.752778 0.276563 0.75 0.276563 0.747222 0.278125 0.744444 0.278125 0.741667 0.28125 0.736111 0.28125 0.733333 0.284375 0.727778 0.284375 0.725 0.292188 0.711111 0.292188 0.708333 0.296875 0.7 0.296875 0.697222 0.301562 0.688889 0.301562 0.686111 0.3125 0.666667 0.314063 0.666667 0.314063 0.663889 0.321875 0.65 0.321875 0.647222 0.326562 0.638889 0.328125 0.638889 0.334375 0.627778 0.3375 0.627778 0.339063 0.625 0.340625 0.625 0.34375 0.619444 0.345313 0.619444 0.346875 0.616667 0.351562 0.616667 0.353125 0.613889 0.360938 0.613889 0.3625 0.611111 0.365625 0.611111 0.367188 0.613889 0.370313 0.613889 0.371875 0.616667 0.373437 0.616667 0.375 0.619444 0.376563 0.619444 0.38125 0.627778 0.38125 0.630556 0.382812 0.633333 0.382812 0.669444 0.38125 0.672222 0.38125 0.675 0.379687 0.677778 0.379687 0.680556 0.376563 0.686111 0.376563 0.688889 0.373437 0.694444 0.371875 0.694444 0.371875 0.697222 0.365625 0.708333 0.365625 0.711111 0.357812 0.725 0.357812 0.727778 0.35625 0.730556 0.35625 0.733333 0.354688 0.736111 0.354688 0.738889 0.353125 0.741667 0.353125 0.747222 0.351562 0.75 0.351562 0.752778 0.348437 0.758333 0.346875 0.758333 0.346875 0.763889 0.345313 0.766667 0.345313 0.769444 0.342187 0.775 0.342187 0.777778 0.340625 0.780556 0.340625 0.791667 0.339063 0.794444 0.3375 0.794444 0.3375 0.808333 0.335938 0.811111 0.335938 0.827778 0.3375 0.830556 0.3375 0.836111 0.340625 0.841667 0.342187 0.841667 0.345313 0.847222 0.346875 0.847222 0.348437 0.85 0.35 0.85 0.353125 0.855556 0.353125 0.858333 0.354688 0.858333 0.359375 0.866667 0.359375 0.869444 0.360938 0.869444 0.364062 0.875 0.364062 0.880556 0.365625 0.883333 0.365625 0.886111 0.367188 0.888889 0.36875 0.888889 0.370313 0.891667 0.373437 0.891667 0.375 0.894444 0.376563 0.894444 0.382812 0.905556 0.390625 0.905556 0.392188 0.908333 0.404687 0.908333 0.410937 0.919444 0.4125 0.919444 0.414062 0.922222 0.415625 0.922222 0.417188 0.925 0.420312 0.925 0.421875 0.927778 0.425 0.927778 0.426562 0.925 0.4375 0.925 0.439063 0.927778 0.453125 0.927778 0.454688 0.930556 0.459375 0.930556 0.460938 0.927778 0.479688 0.927778 0.48125 0.930556 0.495313 0.930556 0.496875 0.933333 0.507812 0.933333 0.509375 0.936111 0.515625 0.936111 0.517187 0.938889 0.523438 0.938889 0.525 0.941667 0.534375 0.941667 0.535937 0.944444 0.55 0.944444 0.551562 0.947222 0.564062 0.947222 0.565625 0.95 0.584375 0.95 0.585938 0.952778 0.603125 0.952778 0.604688 0.955556 0.617188 0.955556 0.61875 0.958333 0.623438 0.958333 0.625 0.961111 0.625 0.969444 0.854688 0.969444 0.854688 0.961111 0.857813 0.955556 0.859375 0.955556 0.860937 0.952778 0.864062 0.952778 0.867188 0.947222 0.86875 0.947222 0.871875 0.941667 0.873438 0.941667 0.875 0.938889 0.876562 0.938889 0.88125 0.930556 0.882812 0.930556 0.8875 0.922222 0.8875 0.919444 0.890625 0.913889 0.890625 0.883333 0.892187 0.880556 0.892187 0.833333 0.89375 0.830556 0.89375 0.788889 0.895312 0.786111 0.895312 0.766667 0.896875 0.763889 0.896875 0.755556 0.898438 0.752778 0.898438 0.727778 0.9 0.725 0.9 0.702778 0.901563 0.7 0.901563 0.691667 0.9 0.688889 0.9 0.563889 0.901563 0.561111 0.901563 0.522222 0.903125 0.519444 0.903125 0.483333 0.904688 0.480556 0.904688 0.447222 0.90625 0.444444 0.90625 0.413889 0.907812 0.411111 0.907812 0.355556 0.909375 0.352778 0.909375 0.316667 0.910937 0.313889 0.910937 0.291667 0.9125 0.288889 0.9125 0.272222 0.914062 0.269444 0.914062 0.263889 0.915625 0.261111 0.920313 0.261111 0.920313 0.0888889 0.914062 0.0888889 0.9125 0.0861111 0.910937 0.0861111 0.909375 0.0833333 0.904688 0.0833333 0.903125 0.0805556 0.882812 0.0805556 0.88125 0.0777778 0.865625 0.0777778 0.864062 0.075 0.839063 0.075 0.8375 0.0722222 0.804688 0.0722222 0.803125 0.0694444 0.8 0.0694444 0.798437 0.0722222 0.795313 0.0722222 0.79375 0.0694444 0.778125 0.0694444 0.776563 0.0666667 0.775 0.0694444 0.771875 0.0694444 0.770312 0.0666667 0.751562 0.0666667 0.75 0.0638889 0.667188 0.0638889 0.665625 0.0611111 0.664062 0.0611111 0.6625 0.0638889 0.65625 0.0638889 0.654688 0.0611111 0.626562 0.0611111 0.625 0.0583333 0.6 0.0583333 0.598437 0.0555556 0.554688 0.0555556 0.553125 0.0527778 0.54375 0.0527778 0.542188 0.0555556 0.539062 0.0555556 0.5375 0.0527778 0.53125 0.0527778 0.529688 0.0555556 0.520312 0.0555556 0.51875 0.0527778 0.470313 0.0527778 0.46875 0.05 0.457812 0.05 0.45625 0.0472222 0.45625 0.0388889 0.413414
62 0.003125 0.216667 0.003125 0.683333 0.009375 0.683333 0.0109375 0.686111 0.0109375 0.688889 0.0171875 0.7 0.0171875 0.702778 0.01875 0.705556 0.01875 0.711111 0.021875 0.716667 0.021875 0.722222 0.0203125 0.725 0.0203125 0.736111 0.0171875 0.741667 0.0171875 0.747222 0.015625 0.75 0.015625 0.755556 0.0125 0.761111 0.0125 0.763889 0.0109375 0.766667 0.0109375 0.769444 0.0078125 0.775 0.003125 0.775 0.003125 0.802778 0.104687 0.802778 0.104687 0.794444 0.107813 0.788889 0.126563 0.788889 0.126563 0.711111 0.11875 0.711111 0.117188 0.708333 0.114063 0.708333 0.110937 0.702778 0.110937 0.697222 0.107813 0.691667 0.107813 0.686111 0.10625 0.683333 0.10625 0.619444 0.107813 0.616667 0.107813 0.602778 0.109375 0.6 0.109375 0.591667 0.110937 0.588889 0.110937 0.580556 0.1125 0.577778 0.1125 0.566667 0.114063 0.563889 0.114063 0.472222 0.1125 0.469444 0.1125 0.45 0.110937 0.447222 0.110937 0.436111 0.1125 0.433333 0.1125 0.422222 0.114063 0.419444 0.114063 0.416667 0.115625 0.413889 0.115625 0.408333 0.117188 0.405556 0.117188 0.4 0.11875 0.397222 0.11875 0.316667 0.117188 0.313889 0.11875 0.311111 0.11875 0.252778 0.120312 0.25 0.11875 0.247222 0.11875 0.244444 0.117188 0.241667 0.117188 0.238889 0.114063 0.233333 0.1125 0.233333 0.110937 0.230556 0.109375 0.230556 0.10625 0.225 0.10625 0.216667 0.341347
0 0.0421875 0.988889 0.040625 0.988889 0.0390625 0.986111 0.0375 0.986111 0.034375 0.980556 0.034375 0.977778 0.028125 0.988889 0.0265625 0.988889 0.021875 0.980556 0.021875 0.977778 0.0203125 0.977778 0.0140625 0.988889 0.009375 0.988889 0.009375 1 0.04375 1 0.04375 0.994444 0.0421875 0.991667 0.0421875 0.988889 0.0515625 0.975 0.142188 0.994444 0.142188 1 0.382812 1 0.382812 0.991667 0.38125 0.988889 0.38125 0.977778 0.379687 0.975 0.379687 0.972222 0.376563 0.966667 0.376563 0.963889 0.373437 0.958333 0.373437 0.955556 0.370313 0.95 0.370313 0.947222 0.36875 0.944444 0.36875 0.938889 0.367188 0.936111 0.367188 0.919444 0.365625 0.916667 0.365625 0.902778 0.364062 0.9 0.364062 0.894444 0.3625 0.891667 0.3625 0.886111 0.360938 0.883333 0.360938 0.880556 0.359375 0.877778 0.359375 0.875 0.35 0.858333 0.348437 0.858333 0.346875 0.855556 0.345313 0.855556 0.34375 0.852778 0.342187 0.852778 0.340625 0.85 0.339063 0.85 0.329688 0.833333 0.329688 0.830556 0.326562 0.825 0.328125 0.822222 0.328125 0.813889 0.329688 0.811111 0.329688 0.808333 0.33125 0.805556 0.33125 0.8 0.332812 0.797222 0.332812 0.794444 0.334375 0.791667 0.334375 0.788889 0.3375 0.783333 0.3375 0.780556 0.339063 0.777778 0.339063 0.772222 0.342187 0.766667 0.342187 0.763889 0.345313 0.758333 0.345313 0.755556 0.348437 0.75 0.348437 0.747222 0.35 0.744444 0.35 0.741667 0.351562 0.738889 0.351562 0.736111 0.354688 0.730556 0.354688 0.727778 0.357812 0.722222 0.357812 0.719444 0.375 0.688889 0.375 0.686111 0.378125 0.680556 0.378125 0.677778 0.379687 0.675 0.379687 0.672222 0.38125 0.669444 0.38125 0.633333 0.379687 0.630556 0.379687 0.616667 0.3375 0.616667 0.3375 0.625 0.334375 0.630556 0.332812 0.630556 0.325 0.644444 0.325 0.647222 0.320312 0.655556 0.320312 0.658333 0.307813 0.680556 0.30625 0.680556 0.3 0.691667 0.3 0.694444 0.295312 0.702778 0.295312 0.705556 0.292188 0.711111 0.292188 0.713889 0.2875 0.722222 0.2875 0.725 0.284375 0.730556 0.284375 0.733333 0.28125 0.738889 0.28125 0.741667 0.279687 0.744444 0.279687 0.747222 0.278125 0.75 0.278125 0.752778 0.275 0.758333 0.275 0.761111 0.259375 0.788889 0.257812 0.788889 0.253125 0.797222 0.251563 0.797222 0.245312 0.808333 0.24375 0.808333 0.239063 0.816667 0.2375 0.816667 0.235938 0.819444 0.234375 0.819444 0.23125 0.825 0.229687 0.825 0.228125 0.827778 0.225 0.827778 0.223438 0.830556 0.221875 0.830556 0.220313 0.833333 0.21875 0.833333 0.215625 0.838889 0.214062 0.838889 0.2125 0.841667 0.210938 0.841667 0.207813 0.847222 0.20625 0.847222 0.204688 0.85 0.203125 0.85 0.196875 0.861111 0.195312 0.861111 0.170312 0.905556 0.170312 0.908333 0.167187 0.913889 0.167187 0.916667 0.164062 0.922222 0.164062 0.925 0.1625 0.927778 0.1625 0.930556 0.160938 0.933333 0.160938 0.936111 0.157813 0.941667 0.157813 0.944444 0.15625 0.947222 0.15625 0.95 0.154687 0.952778 0.154687 0.955556 0.153125 0.958333 0.153125 0.961111 0.151562 0.963889 0.151562 0.966667 0.15 0.969444 0.15 0.972222 0.148438 0.975 0.148438 0.980556 0.146875 0.983333 0.146875 0.986111 0.142188 0.994444 0.0515625 0.975 0.0515625 0.972222 0.0515625 0.975 0.293068
67 0.160938 0.0388889 0.160938 0.0638889 0.159375 0.0666667 0.159375 0.130556 0.157813 0.133333 0.157813 0.172222 0.15625 0.175 0.15625 0.269444 0.154687 0.272222 0.154687 0.327778 0.153125 0.330556 0.153125 0.377778 0.151562 0.380556 0.151562 0.436111 0.15 0.438889 0.151562 0.441667 0.151562 0.45 0.15 0.452778 0.15 0.538889 0.148438 0.541667 0.148438 0.555556 0.15 0.558333 0.15 0.563889 0.148438 0.566667 0.148438 0.591667 0.146875 0.594444 0.146875 0.613889 0.145313 0.616667 0.145313 0.630556 0.14375 0.633333 0.14375 0.647222 0.142188 0.65 0.142188 0.669444 0.140625 0.672222 0.140625 0.686111 0.139062 0.688889 0.134375 0.688889 0.134375 0.783333 0.139062 0.783333 0.142188 0.788889 0.142188 0.794444 0.14375 0.797222 0.14375 0.8 0.145313 0.802778 0.145313 0.805556 0.146875 0.808333 0.146875 0.811111 0.15 0.816667 0.15 0.819444 0.153125 0.825 0.153125 0.827778 0.157813 0.836111 0.157813 0.838889 0.159375 0.841667 0.159375 0.844444 0.1625 0.85 0.164062 0.85 0.165625 0.852778 0.165625 0.855556 0.171875 0.866667 0.18125 0.866667 0.182812 0.869444 0.184375 0.866667 0.185937 0.866667 0.189063 0.861111 0.190625 0.861111 0.19375 0.855556 0.195312 0.855556 0.198437 0.85 0.201562 0.85 0.207813 0.838889 0.209375 0.838889 0.210938 0.836111 0.2125 0.836111 0.215625 0.830556 0.217187 0.830556 0.21875 0.827778 0.221875 0.827778 0.223438 0.825 0.226562 0.825 0.23125 0.816667 0.232812 0.816667 0.234375 0.813889 0.235938 0.813889 0.239063 0.808333 0.240625 0.808333 0.25 0.791667 0.251563 0.791667 0.253125 0.788889 0.253125 0.786111 0.254687 0.783333 0.25625 0.783333 0.260938 0.775 0.2625 0.775 0.264062 0.772222 0.265625 0.772222 0.275 0.755556 0.275 0.752778 0.276563 0.75 0.276563 0.747222 0.278125 0.744444 0.278125 0.741667 0.28125 0.736111 0.28125 0.733333 0.284375 0.727778 0.284375 0.725 0.292188 0.711111 0.292188 0.708333 0.296875 0.7 0.296875 0.697222 0.301562 0.688889 0.301562 0.686111 0.3125 0.666667 0.314063 0.666667 0.314063 0.663889 0.321875 0.65 0.321875 0.647222 0.326562 0.638889 0.328125 0.638889 0.334375 0.627778 0.3375 0.627778 0.339063 0.625 0.340625 0.625 0.34375 0.619444 0.345313 0.619444 0.346875 0.616667 0.351562 0.616667 0.353125 0.613889 0.360938 0.613889 0.3625 0.611111 0.365625 0.611111 0.367188 0.613889 0.370313 0.613889 0.371875 0.616667 0.373437 0.616667 0.375 0.619444 0.376563 0.619444 0.38125 0.627778 0.38125 0.630556 0.382812 0.633333 0.382812 0.669444 0.38125 0.672222 0.38125 0.675 0.379687 0.677778 0.379687 0.680556 0.376563 0.686111 0.376563 0.688889 0.373437 0.694444 0.371875 0.694444 0.371875 0.697222 0.365625 0.708333 0.365625 0.711111 0.357812 0.725 0.357812 0.727778 0.35625 0.730556 0.35625 0.733333 0.354688 0.736111 0.354688 0.738889 0.353125 0.741667 0.353125 0.747222 0.351562 0.75 0.351562 0.752778 0.348437 0.758333 0.346875 0.758333 0.346875 0.763889 0.345313 0.766667 0.345313 0.769444 0.342187 0.775 0.342187 0.777778 0.340625 0.780556 0.340625 0.791667 0.339063 0.794444 0.3375 0.794444 0.3375 0.808333 0.335938 0.811111 0.335938 0.827778 0.3375 0.830556 0.3375 0.836111 0.340625 0.841667 0.342187 0.841667 0.345313 0.847222 0.346875 0.847222 0.348437 0.85 0.35 0.85 0.353125 0.855556 0.353125 0.858333 0.354688 0.858333 0.359375 0.866667 0.359375 0.869444 0.360938 0.869444 0.364062 0.875 0.364062 0.880556 0.365625 0.883333 0.365625 0.886111 0.367188 0.888889 0.36875 0.888889 0.370313 0.891667 0.373437 0.891667 0.375 0.894444 0.376563 0.894444 0.382812 0.905556 0.390625 0.905556 0.392188 0.908333 0.404687 0.908333 0.410937 0.919444 0.4125 0.919444 0.414062 0.922222 0.415625 0.922222 0.417188 0.925 0.420312 0.925 0.421875 0.927778 0.425 0.927778 0.426562 0.925 0.4375 0.925 0.439063 0.927778 0.453125 0.927778 0.454688 0.930556 0.459375 0.930556 0.460938 0.927778 0.479688 0.927778 0.48125 0.930556 0.495313 0.930556 0.496875 0.933333 0.507812 0.933333 0.509375 0.936111 0.515625 0.936111 0.517187 0.938889 0.523438 0.938889 0.525 0.941667 0.534375 0.941667 0.535937 0.944444 0.55 0.944444 0.551562 0.947222 0.564062 0.947222 0.565625 0.95 0.584375 0.95 0.585938 0.952778 0.603125 0.952778 0.604688 0.955556 0.617188 0.955556 0.61875 0.958333 0.623438 0.958333 0.625 0.961111 0.625 0.969444 0.854688 0.969444 0.854688 0.961111 0.857813 0.955556 0.859375 0.955556 0.860937 0.952778 0.864062 0.952778 0.867188 0.947222 0.86875 0.947222 0.871875 0.941667 0.873438 0.941667 0.875 0.938889 0.876562 0.938889 0.88125 0.930556 0.882812 0.930556 0.8875 0.922222 0.8875 0.919444 0.890625 0.913889 0.890625 0.883333 0.892187 0.880556 0.892187 0.833333 0.89375 0.830556 0.89375 0.788889 0.895312 0.786111 0.895312 0.766667 0.896875 0.763889 0.896875 0.755556 0.898438 0.752778 0.898438 0.727778 0.9 0.725 0.9 0.702778 0.901563 0.7 0.901563 0.691667 0.9 0.688889 0.9 0.563889 0.901563 0.561111 0.901563 0.522222 0.903125 0.519444 0.903125 0.483333 0.904688 0.480556 0.904688 0.447222 0.90625 0.444444 0.90625 0.413889 0.907812 0.411111 0.907812 0.355556 0.909375 0.352778 0.909375 0.316667 0.910937 0.313889 0.910937 0.291667 0.9125 0.288889 0.9125 0.272222 0.914062 0.269444 0.914062 0.263889 0.915625 0.261111 0.920313 0.261111 0.920313 0.0888889 0.914062 0.0888889 0.9125 0.0861111 0.910937 0.0861111 0.909375 0.0833333 0.904688 0.0833333 0.903125 0.0805556 0.882812 0.0805556 0.88125 0.0777778 0.865625 0.0777778 0.864062 0.075 0.839063 0.075 0.8375 0.0722222 0.804688 0.0722222 0.803125 0.0694444 0.8 0.0694444 0.798437 0.0722222 0.795313 0.0722222 0.79375 0.0694444 0.778125 0.0694444 0.776563 0.0666667 0.775 0.0694444 0.771875 0.0694444 0.770312 0.0666667 0.751562 0.0666667 0.75 0.0638889 0.667188 0.0638889 0.665625 0.0611111 0.664062 0.0611111 0.6625 0.0638889 0.65625 0.0638889 0.654688 0.0611111 0.626562 0.0611111 0.625 0.0583333 0.6 0.0583333 0.598437 0.0555556 0.554688 0.0555556 0.553125 0.0527778 0.54375 0.0527778 0.542188 0.0555556 0.539062 0.0555556 0.5375 0.0527778 0.53125 0.0527778 0.529688 0.0555556 0.520312 0.0555556 0.51875 0.0527778 0.470313 0.0527778 0.46875 0.05 0.457812 0.05 0.45625 0.0472222 0.45625 0.0388889 0.258515
0 0.345313 0.605556 0.345313 0.613889 0.342187 0.619444 0.340625 0.619444 0.334375 0.630556 0.332812 0.630556 0.323438 0.647222 0.323438 0.65 0.31875 0.658333 0.31875 0.661111 0.307813 0.680556 0.30625 0.680556 0.3 0.691667 0.3 0.694444 0.29375 0.705556 0.29375 0.708333 0.290625 0.713889 0.290625 0.716667 0.2875 0.722222 0.2875 0.725 0.284375 0.730556 0.284375 0.733333 0.282813 0.736111 0.282813 0.738889 0.279687 0.744444 0.279687 0.747222 0.278125 0.75 0.278125 0.752778 0.275 0.758333 0.275 0.761111 0.259375 0.788889 0.257812 0.788889 0.253125 0.797222 0.251563 0.797222 0.245312 0.808333 0.24375 0.808333 0.239063 0.816667 0.2375 0.816667 0.235938 0.819444 0.234375 0.819444 0.23125 0.825 0.229687 0.825 0.228125 0.827778 0.225 0.827778 0.223438 0.830556 0.221875 0.830556 0.220313 0.833333 0.21875 0.833333 0.215625 0.838889 0.214062 0.838889 0.2125 0.841667 0.210938 0.841667 0.207813 0.847222 0.20625 0.847222 0.204688 0.85 0.203125 0.85 0.196875 0.861111 0.195312 0.861111 0.173438 0.9 0.173438 0.902778 0.16875 0.911111 0.16875 0.913889 0.165625 0.919444 0.165625 0.922222 0.1625 0.927778 0.1625 0.930556 0.160938 0.933333 0.160938 0.936111 0.159375 0.938889 0.159375 0.941667 0.157813 0.944444 0.157813 0.947222 0.15625 0.95 0.15625 0.952778 0.154687 0.955556 0.154687 0.958333 0.151562 0.963889 0.146875 0.963889 0.146875 1 0.382812 1 0.382812 0.991667 0.38125 0.988889 0.38125 0.980556 0.379687 0.977778 0.379687 0.975 0.378125 0.972222 0.378125 0.969444 0.375 0.963889 0.375 0.961111 0.371875 0.955556 0.371875 0.952778 0.36875 0.947222 0.36875 0.938889 0.367188 0.936111 0.367188 0.919444 0.365625 0.916667 0.365625 0.902778 0.364062 0.9 0.364062 0.894444 0.3625 0.891667 0.3625 0.886111 0.360938 0.883333 0.360938 0.880556 0.359375 0.877778 0.359375 0.875 0.35625 0.869444 0.35625 0.866667 0.354688 0.863889 0.353125 0.863889 0.35 0.858333 0.348437 0.858333 0.346875 0.855556 0.345313 0.855556 0.34375 0.852778 0.342187 0.852778 0.340625 0.85 0.339063 0.85 0.329688 0.833333 0.329688 0.830556 0.328125 0.827778 0.328125 0.813889 0.329688 0.811111 0.329688 0.808333 0.33125 0.805556 0.33125 0.8 0.332812 0.797222 0.332812 0.791667 0.3375 0.783333 0.3375 0.780556 0.339063 0.777778 0.339063 0.772222 0.342187 0.766667 0.342187 0.763889 0.34375 0.761111 0.34375 0.758333 0.346875 0.752778 0.346875 0.75 0.35 0.744444 0.35 0.741667 0.351562 0.738889 0.351562 0.736111 0.353125 0.733333 0.353125 0.730556 0.359375 0.719444 0.359375 0.716667 0.376563 0.686111 0.376563 0.683333 0.379687 0.677778 0.379687 0.675 0.38125 0.672222 0.38125 0.663889 0.382812 0.661111 0.382812 0.638889 0.38125 0.636111 0.38125 0.630556 0.379687 0.627778 0.379687 0.625 0.378125 0.622222 0.376563 0.622222 0.375 0.619444 0.373437 0.619444 0.371875 0.616667 0.371875 0.605556 0.770772
62 0.160938 0.0388889 0.160938 0.0638889 0.159375 0.0666667 0.159375 0.130556 0.157813 0.133333 0.157813 0.172222 0.15625 0.175 0.15625 0.269444 0.154687 0.272222 0.154687 0.327778 0.153125 0.330556 0.153125 0.377778 0.151562 0.380556 0.151562 0.436111 0.15 0.438889 0.151562 0.441667 0.151562 0.45 0.15 0.452778 0.15 0.538889 0.148438 0.541667 0.148438 0.555556 0.15 0.558333 0.15 0.563889 0.148438 0.566667 0.148438 0.591667 0.146875 0.594444 0.146875 0.613889 0.145313 0.616667 0.145313 0.630556 0.14375 0.633333 0.14375 0.647222 0.142188 0.65 0.142188 0.669444 0.140625 0.672222 0.140625 0.686111 0.139062 0.688889 0.134375 0.688889 0.134375 0.783333 0.139062 0.783333 0.142188 0.788889 0.142188 0.794444 0.14375 0.797222 0.14375 0.8 0.145313 0.802778 0.145313 0.805556 0.146875 0.808333 0.146875 0.811111 0.15 0.816667 0.15 0.819444 0.153125 0.825 0.153125 0.827778 0.157813 0.836111 0.157813 0.838889 0.159375 0.841667 0.159375 0.844444 0.1625 0.85 0.164062 0.85 0.165625 0.852778 0.165625 0.855556 0.171875 0.866667 0.18125 0.866667 0.182812 0.869444 0.184375 0.866667 0.185937 0.866667 0.189063 0.861111 0.190625 0.861111 0.19375 0.855556 0.195312 0.855556 0.198437 0.85 0.201562 0.85 0.207813 0.838889 0.209375 0.838889 0.210938 0.836111 0.2125 0.836111 0.215625 0.830556 0.217187 0.830556 0.21875 0.827778 0.221875 0.827778 0.223438 0.825 0.226562 0.825 0.23125 0.816667 0.232812 0.816667 0.234375 0.813889 0.235938 0.813889 0.239063 0.808333 0.240625 0.808333 0.25 0.791667 0.251563 0.791667 0.253125 0.788889 0.253125 0.786111 0.254687 0.783333 0.25625 0.783333 0.260938 0.775 0.2625 0.775 0.264062 0.772222 0.265625 0.772222 0.275 0.755556 0.275 0.752778 0.276563 0.75 0.276563 0.747222 0.278125 0.744444 0.278125 0.741667 0.28125 0.736111 0.28125 0.733333 0.284375 0.727778 0.284375 0.725 0.292188 0.711111 0.292188 0.708333 0.296875 0.7 0.296875 0.697222 0.301562 0.688889 0.301562 0.686111 0.3125 0.666667 0.314063 0.666667 0.314063 0.663889 0.321875 0.65 0.321875 0.647222 0.326562 0.638889 0.328125 0.638889 0.334375 0.627778 0.3375 0.627778 0.339063 0.625 0.340625 0.625 0.34375 0.619444 0.345313 0.619444 0.346875 0.616667 0.351562 0.616667 0.353125 0.613889 0.360938 0.613889 0.3625 0.611111 0.365625 0.611111 0.367188 0.613889 0.370313 0.613889 0.371875 0.616667 0.373437 0.616667 0.375 0.619444 0.376563 0.619444 0.38125 0.627778 0.38125 0.630556 0.382812 0.633333 0.382812 0.669444 0.38125 0.672222 0.38125 0.675 0.379687 0.677778 0.379687 0.680556 0.376563 0.686111 0.376563 0.688889 0.373437 0.694444 0.371875 0.694444 0.371875 0.697222 0.365625 0.708333 0.365625 0.711111 0.357812 0.725 0.357812 0.727778 0.35625 0.730556 0.35625 0.733333 0.354688 0.736111 0.354688 0.738889 0.353125 0.741667 0.353125 0.747222 0.351562 0.75 0.351562 0.752778 0.348437 0.758333 0.346875 0.758333 0.346875 0.763889 0.345313 0.766667 0.345313 0.769444 0.342187 0.775 0.342187 0.777778 0.340625 0.780556 0.340625 0.791667 0.339063 0.794444 0.3375 0.794444 0.3375 0.808333 0.335938 0.811111 0.335938 0.827778 0.3375 0.830556 0.3375 0.836111 0.340625 0.841667 0.342187 0.841667 0.345313 0.847222 0.346875 0.847222 0.348437 0.85 0.35 0.85 0.353125 0.855556 0.353125 0.858333 0.354688 0.858333 0.359375 0.866667 0.359375 0.869444 0.360938 0.869444 0.364062 0.875 0.364062 0.880556 0.365625 0.883333 0.365625 0.886111 0.367188 0.888889 0.36875 0.888889 0.370313 0.891667 0.373437 0.891667 0.375 0.894444 0.376563 0.894444 0.382812 0.905556 0.390625 0.905556 0.392188 0.908333 0.404687 0.908333 0.410937 0.919444 0.4125 0.919444 0.414062 0.922222 0.415625 0.922222 0.417188 0.925 0.420312 0.925 0.421875 0.927778 0.425 0.927778 0.426562 0.925 0.4375 0.925 0.439063 0.927778 0.453125 0.927778 0.454688 0.930556 0.459375 0.930556 0.460938 0.927778 0.479688 0.927778 0.48125 0.930556 0.495313 0.930556 0.496875 0.933333 0.507812 0.933333 0.509375 0.936111 0.515625 0.936111 0.517187 0.938889 0.523438 0.938889 0.525 0.941667 0.534375 0.941667 0.535937 0.944444 0.55 0.944444 0.551562 0.947222 0.564062 0.947222 0.565625 0.95 0.584375 0.95 0.585938 0.952778 0.603125 0.952778 0.604688 0.955556 0.617188 0.955556 0.61875 0.958333 0.623438 0.958333 0.625 0.961111 0.625 0.969444 0.854688 0.969444 0.854688 0.961111 0.857813 0.955556 0.859375 0.955556 0.860937 0.952778 0.864062 0.952778 0.867188 0.947222 0.86875 0.947222 0.871875 0.941667 0.873438 0.941667 0.875 0.938889 0.876562 0.938889 0.88125 0.930556 0.882812 0.930556 0.8875 0.922222 0.8875 0.919444 0.890625 0.913889 0.890625 0.883333 0.892187 0.880556 0.892187 0.833333 0.89375 0.830556 0.89375 0.788889 0.895312 0.786111 0.895312 0.766667 0.896875 0.763889 0.896875 0.755556 0.898438 0.752778 0.898438 0.727778 0.9 0.725 0.9 0.702778 0.901563 0.7 0.901563 0.691667 0.9 0.688889 0.9 0.563889 0.901563 0.561111 0.901563 0.522222 0.903125 0.519444 0.903125 0.483333 0.904688 0.480556 0.904688 0.447222 0.90625 0.444444 0.90625 0.413889 0.907812 0.411111 0.907812 0.355556 0.909375 0.352778 0.909375 0.316667 0.910937 0.313889 0.910937 0.291667 0.9125 0.288889 0.9125 0.272222 0.914062 0.269444 0.914062 0.263889 0.915625 0.261111 0.920313 0.261111 0.920313 0.0888889 0.914062 0.0888889 0.9125 0.0861111 0.910937 0.0861111 0.909375 0.0833333 0.904688 0.0833333 0.903125 0.0805556 0.882812 0.0805556 0.88125 0.0777778 0.865625 0.0777778 0.864062 0.075 0.839063 0.075 0.8375 0.0722222 0.804688 0.0722222 0.803125 0.0694444 0.8 0.0694444 0.798437 0.0722222 0.795313 0.0722222 0.79375 0.0694444 0.778125 0.0694444 0.776563 0.0666667 0.775 0.0694444 0.771875 0.0694444 0.770312 0.0666667 0.751562 0.0666667 0.75 0.0638889 0.667188 0.0638889 0.665625 0.0611111 0.664062 0.0611111 0.6625 0.0638889 0.65625 0.0638889 0.654688 0.0611111 0.626562 0.0611111 0.625 0.0583333 0.6 0.0583333 0.598437 0.0555556 0.554688 0.0555556 0.553125 0.0527778 0.54375 0.0527778 0.542188 0.0555556 0.539062 0.0555556 0.5375 0.0527778 0.53125 0.0527778 0.529688 0.0555556 0.520312 0.0555556 0.51875 0.0527778 0.470313 0.0527778 0.46875 0.05 0.457812 0.05 0.45625 0.0472222 0.45625 0.0388889 0.413414
62 0.003125 0.216667 0.003125 0.683333 0.009375 0.683333 0.0109375 0.686111 0.0109375 0.688889 0.0171875 0.7 0.0171875 0.702778 0.01875 0.705556 0.01875 0.711111 0.021875 0.716667 0.021875 0.722222 0.0203125 0.725 0.0203125 0.736111 0.0171875 0.741667 0.0171875 0.747222 0.015625 0.75 0.015625 0.755556 0.0125 0.761111 0.0125 0.763889 0.0109375 0.766667 0.0109375 0.769444 0.0078125 0.775 0.003125 0.775 0.003125 0.802778 0.104687 0.802778 0.104687 0.794444 0.107813 0.788889 0.126563 0.788889 0.126563 0.711111 0.11875 0.711111 0.117188 0.708333 0.114063 0.708333 0.110937 0.702778 0.110937 0.697222 0.107813 0.691667 0.107813 0.686111 0.10625 0.683333 0.10625 0.619444 0.107813 0.616667 0.107813 0.602778 0.109375 0.6 0.109375 0.591667 0.110937 0.588889 0.110937 0.580556 0.1125 0.577778 0.1125 0.566667 0.114063 0.563889 0.114063 0.472222 0.1125 0.469444 0.1125 0.45 0.110937 0.447222 0.110937 0.436111 0.1125 0.433333 0.1125 0.422222 0.114063 0.419444 0.114063 0.416667 0.115625 0.413889 0.115625 0.408333 0.117188 0.405556 0.117188 0.4 0.11875 0.397222 0.11875 0.316667 0.117188 0.313889 0.11875 0.311111 0.11875 0.252778 0.120312 0.25 0.11875 0.247222 0.11875 0.244444 0.117188 0.241667 0.117188 0.238889 0.114063 0.233333 0.1125 0.233333 0.110937 0.230556 0.109375 0.230556 0.10625 0.225 0.10625 0.216667 0.341347
0 0.0421875 0.988889 0.040625 0.988889 0.0390625 0.986111 0.0375 0.986111 0.034375 0.980556 0.034375 0.977778 0.028125 0.988889 0.0265625 0.988889 0.021875 0.980556 0.021875 0.977778 0.0203125 0.977778 0.0140625 0.988889 0.009375 0.988889 0.009375 1 0.04375 1 0.04375 0.994444 0.0421875 0.991667 0.0421875 0.988889 0.0515625 0.975 0.142188 0.994444 0.142188 1 0.382812 1 0.382812 0.991667 0.38125 0.988889 0.38125 0.977778 0.379687 0.975 0.379687 0.972222 0.376563 0.966667 0.376563 0.963889 0.373437 0.958333 0.373437 0.955556 0.370313 0.95 0.370313 0.947222 0.36875 0.944444 0.36875 0.938889 0.367188 0.936111 0.367188 0.919444 0.365625 0.916667 0.365625 0.902778 0.364062 0.9 0.364062 0.894444 0.3625 0.891667 0.3625 0.886111 0.360938 0.883333 0.360938 0.880556 0.359375 0.877778 0.359375 0.875 0.35 0.858333 0.348437 0.858333 0.346875 0.855556 0.345313 0.855556 0.34375 0.852778 0.342187 0.852778 0.340625 0.85 0.339063 0.85 0.329688 0.833333 0.329688 0.830556 0.326562 0.825 0.328125 0.822222 0.328125 0.813889 0.329688 0.811111 0.329688 0.808333 0.33125 0.805556 0.33125 0.8 0.332812 0.797222 0.332812 0.794444 0.334375 0.791667 0.334375 0.788889 0.3375 0.783333 0.3375 0.780556 0.339063 0.777778 0.339063 0.772222 0.342187 0.766667 0.342187 0.763889 0.345313 0.758333 0.345313 0.755556 0.348437 0.75 0.348437 0.747222 0.35 0.744444 0.35 0.741667 0.351562 0.738889 0.351562 0.736111 0.354688 0.730556 0.354688 0.727778 0.357812 0.722222 0.357812 0.719444 0.375 0.688889 0.375 0.686111 0.378125 0.680556 0.378125 0.677778 0.379687 0.675 0.379687 0.672222 0.38125 0.669444 0.38125 0.633333 0.379687 0.630556 0.379687 0.616667 0.3375 0.616667 0.3375 0.625 0.334375 0.630556 0.332812 0.630556 0.325 0.644444 0.325 0.647222 0.320312 0.655556 0.320312 0.658333 0.307813 0.680556 0.30625 0.680556 0.3 0.691667 0.3 0.694444 0.295312 0.702778 0.295312 0.705556 0.292188 0.711111 0.292188 0.713889 0.2875 0.722222 0.2875 0.725 0.284375 0.730556 0.284375 0.733333 0.28125 0.738889 0.28125 0.741667 0.279687 0.744444 0.279687 0.747222 0.278125 0.75 0.278125 0.752778 0.275 0.758333 0.275 0.761111 0.259375 0.788889 0.257812 0.788889 0.253125 0.797222 0.251563 0.797222 0.245312 0.808333 0.24375 0.808333 0.239063 0.816667 0.2375 0.816667 0.235938 0.819444 0.234375 0.819444 0.23125 0.825 0.229687 0.825 0.228125 0.827778 0.225 0.827778 0.223438 0.830556 0.221875 0.830556 0.220313 0.833333 0.21875 0.833333 0.215625 0.838889 0.214062 0.838889 0.2125 0.841667 0.210938 0.841667 0.207813 0.847222 0.20625 0.847222 0.204688 0.85 0.203125 0.85 0.196875 0.861111 0.195312 0.861111 0.170312 0.905556 0.170312 0.908333 0.167187 0.913889 0.167187 0.916667 0.164062 0.922222 0.164062 0.925 0.1625 0.927778 0.1625 0.930556 0.160938 0.933333 0.160938 0.936111 0.157813 0.941667 0.157813 0.944444 0.15625 0.947222 0.15625 0.95 0.154687 0.952778 0.154687 0.955556 0.153125 0.958333 0.153125 0.961111 0.151562 0.963889 0.151562 0.966667 0.15 0.969444 0.15 0.972222 0.148438 0.975 0.148438 0.980556 0.146875 0.983333 0.146875 0.986111 0.142188 0.994444 0.0515625 0.975 0.0515625 0.972222 0.0515625 0.975 0.293068
67 0.160938 0.0388889 0.160938 0.0638889 0.159375 0.0666667 0.159375 0.130556 0.157813 0.133333 0.157813 0.172222 0.15625 0.175 0.15625 0.269444 0.154687 0.272222 0.154687 0.327778 0.153125 0.330556 0.153125 0.377778 0.151562 0.380556 0.151562 0.436111 0.15 0.438889 0.151562 0.441667 0.151562 0.45 0.15 0.452778 0.15 0.538889 0.148438 0.541667 0.148438 0.555556 0.15 0.558333 0.15 0.563889 0.148438 0.566667 0.148438 0.591667 0.146875 0.594444 0.146875 0.613889 0.145313 0.616667 0.145313 0.630556 0.14375 0.633333 0.14375 0.647222 0.142188 0.65 0.142188 0.669444 0.140625 0.672222 0.140625 0.686111 0.139062 0.688889 0.134375 0.688889 0.134375 0.783333 0.139062 0.783333 0.142188 0.788889 0.142188 0.794444 0.14375 0.797222 0.14375 0.8 0.145313 0.802778 0.145313 0.805556 0.146875 0.808333 0.146875 0.811111 0.15 0.816667 0.15 0.819444 0.153125 0.825 0.153125 0.827778 0.157813 0.836111 0.157813 0.838889 0.159375 0.841667 0.159375 0.844444 0.1625 0.85 0.164062 0.85 0.165625 0.852778 0.165625 0.855556 0.171875 0.866667 0.18125 0.866667 0.182812 0.869444 0.184375 0.866667 0.185937 0.866667 0.189063 0.861111 0.190625 0.861111 0.19375 0.855556 0.195312 0.855556 0.198437 0.85 0.201562 0.85 0.207813 0.838889 0.209375 0.838889 0.210938 0.836111 0.2125 0.836111 0.215625 0.830556 0.217187 0.830556 0.21875 0.827778 0.221875 0.827778 0.223438 0.825 0.226562 0.825 0.23125 0.816667 0.232812 0.816667 0.234375 0.813889 0.235938 0.813889 0.239063 0.808333 0.240625 0.808333 0.25 0.791667 0.251563 0.791667 0.253125 0.788889 0.253125 0.786111 0.254687 0.783333 0.25625 0.783333 0.260938 0.775 0.2625 0.775 0.264062 0.772222 0.265625 0.772222 0.275 0.755556 0.275 0.752778 0.276563 0.75 0.276563 0.747222 0.278125 0.744444 0.278125 0.741667 0.28125 0.736111 0.28125 0.733333 0.284375 0.727778 0.284375 0.725 0.292188 0.711111 0.292188 0.708333 0.296875 0.7 0.296875 0.697222 0.301562 0.688889 0.301562 0.686111 0.3125 0.666667 0.314063 0.666667 0.314063 0.663889 0.321875 0.65 0.321875 0.647222 0.326562 0.638889 0.328125 0.638889 0.334375 0.627778 0.3375 0.627778 0.339063 0.625 0.340625 0.625 0.34375 0.619444 0.345313 0.619444 0.346875 0.616667 0.351562 0.616667 0.353125 0.613889 0.360938 0.613889 0.3625 0.611111 0.365625 0.611111 0.367188 0.613889 0.370313 0.613889 0.371875 0.616667 0.373437 0.616667 0.375 0.619444 0.376563 0.619444 0.38125 0.627778 0.38125 0.630556 0.382812 0.633333 0.382812 0.669444 0.38125 0.672222 0.38125 0.675 0.379687 0.677778 0.379687 0.680556 0.376563 0.686111 0.376563 0.688889 0.373437 0.694444 0.371875 0.694444 0.371875 0.697222 0.365625 0.708333 0.365625 0.711111 0.357812 0.725 0.357812 0.727778 0.35625 0.730556 0.35625 0.733333 0.354688 0.736111 0.354688 0.738889 0.353125 0.741667 0.353125 0.747222 0.351562 0.75 0.351562 0.752778 0.348437 0.758333 0.346875 0.758333 0.346875 0.763889 0.345313 0.766667 0.345313 0.769444 0.342187 0.775 0.342187 0.777778 0.340625 0.780556 0.340625 0.791667 0.339063 0.794444 0.3375 0.794444 0.3375 0.808333 0.335938 0.811111 0.335938 0.827778 0.3375 0.830556 0.3375 0.836111 0.340625 0.841667 0.342187 0.841667 0.345313 0.847222 0.346875 0.847222 0.348437 0.85 0.35 0.85 0.353125 0.855556 0.353125 0.858333 0.354688 0.858333 0.359375 0.866667 0.359375 0.869444 0.360938 0.869444 0.364062 0.875 0.364062 0.880556 0.365625 0.883333 0.365625 0.886111 0.367188 0.888889 0.36875 0.888889 0.370313 0.891667 0.373437 0.891667 0.375 0.894444 0.376563 0.894444 0.382812 0.905556 0.390625 0.905556 0.392188 0.908333 0.404687 0.908333 0.410937 0.919444 0.4125 0.919444 0.414062 0.922222 0.415625 0.922222 0.417188 0.925 0.420312 0.925 0.421875 0.927778 0.425 0.927778 0.426562 0.925 0.4375 0.925 0.439063 0.927778 0.453125 0.927778 0.454688 0.930556 0.459375 0.930556 0.460938 0.927778 0.479688 0.927778 0.48125 0.930556 0.495313 0.930556 0.496875 0.933333 0.507812 0.933333 0.509375 0.936111 0.515625 0.936111 0.517187 0.938889 0.523438 0.938889 0.525 0.941667 0.534375 0.941667 0.535937 0.944444 0.55 0.944444 0.551562 0.947222 0.564062 0.947222 0.565625 0.95 0.584375 0.95 0.585938 0.952778 0.603125 0.952778 0.604688 0.955556 0.617188 0.955556 0.61875 0.958333 0.623438 0.958333 0.625 0.961111 0.625 0.969444 0.854688 0.969444 0.854688 0.961111 0.857813 0.955556 0.859375 0.955556 0.860937 0.952778 0.864062 0.952778 0.867188 0.947222 0.86875 0.947222 0.871875 0.941667 0.873438 0.941667 0.875 0.938889 0.876562 0.938889 0.88125 0.930556 0.882812 0.930556 0.8875 0.922222 0.8875 0.919444 0.890625 0.913889 0.890625 0.883333 0.892187 0.880556 0.892187 0.833333 0.89375 0.830556 0.89375 0.788889 0.895312 0.786111 0.895312 0.766667 0.896875 0.763889 0.896875 0.755556 0.898438 0.752778 0.898438 0.727778 0.9 0.725 0.9 0.702778 0.901563 0.7 0.901563 0.691667 0.9 0.688889 0.9 0.563889 0.901563 0.561111 0.901563 0.522222 0.903125 0.519444 0.903125 0.483333 0.904688 0.480556 0.904688 0.447222 0.90625 0.444444 0.90625 0.413889 0.907812 0.411111 0.907812 0.355556 0.909375 0.352778 0.909375 0.316667 0.910937 0.313889 0.910937 0.291667 0.9125 0.288889 0.9125 0.272222 0.914062 0.269444 0.914062 0.263889 0.915625 0.261111 0.920313 0.261111 0.920313 0.0888889 0.914062 0.0888889 0.9125 0.0861111 0.910937 0.0861111 0.909375 0.0833333 0.904688 0.0833333 0.903125 0.0805556 0.882812 0.0805556 0.88125 0.0777778 0.865625 0.0777778 0.864062 0.075 0.839063 0.075 0.8375 0.0722222 0.804688 0.0722222 0.803125 0.0694444 0.8 0.0694444 0.798437 0.0722222 0.795313 0.0722222 0.79375 0.0694444 0.778125 0.0694444 0.776563 0.0666667 0.775 0.0694444 0.771875 0.0694444 0.770312 0.0666667 0.751562 0.0666667 0.75 0.0638889 0.667188 0.0638889 0.665625 0.0611111 0.664062 0.0611111 0.6625 0.0638889 0.65625 0.0638889 0.654688 0.0611111 0.626562 0.0611111 0.625 0.0583333 0.6 0.0583333 0.598437 0.0555556 0.554688 0.0555556 0.553125 0.0527778 0.54375 0.0527778 0.542188 0.0555556 0.539062 0.0555556 0.5375 0.0527778 0.53125 0.0527778 0.529688 0.0555556 0.520312 0.0555556 0.51875 0.0527778 0.470313 0.0527778 0.46875 0.05 0.457812 0.05 0.45625 0.0472222 0.45625 0.0388889 0.258515
0 0.345313 0.605556 0.345313 0.613889 0.342187 0.619444 0.340625 0.619444 0.334375 0.630556 0.332812 0.630556 0.323438 0.647222 0.323438 0.65 0.31875 0.658333 0.31875 0.661111 0.307813 0.680556 0.30625 0.680556 0.3 0.691667 0.3 0.694444 0.29375 0.705556 0.29375 0.708333 0.290625 0.713889 0.290625 0.716667 0.2875 0.722222 0.2875 0.725 0.284375 0.730556 0.284375 0.733333 0.282813 0.736111 0.282813 0.738889 0.279687 0.744444 0.279687 0.747222 0.278125 0.75 0.278125 0.752778 0.275 0.758333 0.275 0.761111 0.259375 0.788889 0.257812 0.788889 0.253125 0.797222 0.251563 0.797222 0.245312 0.808333 0.24375 0.808333 0.239063 0.816667 0.2375 0.816667 0.235938 0.819444 0.234375 0.819444 0.23125 0.825 0.229687 0.825 0.228125 0.827778 0.225 0.827778 0.223438 0.830556 0.221875 0.830556 0.220313 0.833333 0.21875 0.833333 0.215625 0.838889 0.214062 0.838889 0.2125 0.841667 0.210938 0.841667 0.207813 0.847222 0.20625 0.847222 0.204688 0.85 0.203125 0.85 0.196875 0.861111 0.195312 0.861111 0.173438 0.9 0.173438 0.902778 0.16875 0.911111 0.16875 0.913889 0.165625 0.919444 0.165625 0.922222 0.1625 0.927778 0.1625 0.930556 0.160938 0.933333 0.160938 0.936111 0.159375 0.938889 0.159375 0.941667 0.157813 0.944444 0.157813 0.947222 0.15625 0.95 0.15625 0.952778 0.154687 0.955556 0.154687 0.958333 0.151562 0.963889 0.146875 0.963889 0.146875 1 0.382812 1 0.382812 0.991667 0.38125 0.988889 0.38125 0.980556 0.379687 0.977778 0.379687 0.975 0.378125 0.972222 0.378125 0.969444 0.375 0.963889 0.375 0.961111 0.371875 0.955556 0.371875 0.952778 0.36875 0.947222 0.36875 0.938889 0.367188 0.936111 0.367188 0.919444 0.365625 0.916667 0.365625 0.902778 0.364062 0.9 0.364062 0.894444 0.3625 0.891667 0.3625 0.886111 0.360938 0.883333 0.360938 0.880556 0.359375 0.877778 0.359375 0.875 0.35625 0.869444 0.35625 0.866667 0.354688 0.863889 0.353125 0.863889 0.35 0.858333 0.348437 0.858333 0.346875 0.855556 0.345313 0.855556 0.34375 0.852778 0.342187 0.852778 0.340625 0.85 0.339063 0.85 0.329688 0.833333 0.329688 0.830556 0.328125 0.827778 0.328125 0.813889 0.329688 0.811111 0.329688 0.808333 0.33125 0.805556 0.33125 0.8 0.332812 0.797222 0.332812 0.791667 0.3375 0.783333 0.3375 0.780556 0.339063 0.777778 0.339063 0.772222 0.342187 0.766667 0.342187 0.763889 0.34375 0.761111 0.34375 0.758333 0.346875 0.752778 0.346875 0.75 0.35 0.744444 0.35 0.741667 0.351562 0.738889 0.351562 0.736111 0.353125 0.733333 0.353125 0.730556 0.359375 0.719444 0.359375 0.716667 0.376563 0.686111 0.376563 0.683333 0.379687 0.677778 0.379687 0.675 0.38125 0.672222 0.38125 0.663889 0.382812 0.661111 0.382812 0.638889 0.38125 0.636111 0.38125 0.630556 0.379687 0.627778 0.379687 0.625 0.378125 0.622222 0.376563 0.622222 0.375 0.619444 0.373437 0.619444 0.371875 0.616667 0.371875 0.605556 0.770772
62 0.160938 0.0388889 0.160938 0.0638889 0.159375 0.0666667 0.159375 0.130556 0.157813 0.133333 0.157813 0.172222 0.15625 0.175 0.15625 0.269444 0.154687 0.272222 0.154687 0.327778 0.153125 0.330556 0.153125 0.377778 0.151562 0.380556 0.151562 0.436111 0.15 0.438889 0.151562 0.441667 0.151562 0.45 0.15 0.452778 0.15 0.538889 0.148438 0.541667 0.148438 0.555556 0.15 0.558333 0.15 0.563889 0.148438 0.566667 0.148438 0.591667 0.146875 0.594444 0.146875 0.613889 0.145313 0.616667 0.145313 0.630556 0.14375 0.633333 0.14375 0.647222 0.142188 0.65 0.142188 0.669444 0.140625 0.672222 0.140625 0.686111 0.139062 0.688889 0.134375 0.688889 0.134375 0.783333 0.139062 0.783333 0.142188 0.788889 0.142188 0.794444 0.14375 0.797222 0.14375 0.8 0.145313 0.802778 0.145313 0.805556 0.146875 0.808333 0.146875 0.811111 0.15 0.816667 0.15 0.819444 0.153125 0.825 0.153125 0.827778 0.157813 0.836111 0.157813 0.838889 0.159375 0.841667 0.159375 0.844444 0.1625 0.85 0.164062 0.85 0.165625 0.852778 0.165625 0.855556 0.171875 0.866667 0.18125 0.866667 0.182812 0.869444 0.184375 0.866667 0.185937 0.866667 0.189063 0.861111 0.190625 0.861111 0.19375 0.855556 0.195312 0.855556 0.198437 0.85 0.201562 0.85 0.207813 0.838889 0.209375 0.838889 0.210938 0.836111 0.2125 0.836111 0.215625 0.830556 0.217187 0.830556 0.21875 0.827778 0.221875 0.827778 0.223438 0.825 0.226562 0.825 0.23125 0.816667 0.232812 0.816667 0.234375 0.813889 0.235938 0.813889 0.239063 0.808333 0.240625 0.808333 0.25 0.791667 0.251563 0.791667 0.253125 0.788889 0.253125 0.786111 0.254687 0.783333 0.25625 0.783333 0.260938 0.775 0.2625 0.775 0.264062 0.772222 0.265625 0.772222 0.275 0.755556 0.275 0.752778 0.276563 0.75 0.276563 0.747222 0.278125 0.744444 0.278125 0.741667 0.28125 0.736111 0.28125 0.733333 0.284375 0.727778 0.284375 0.725 0.292188 0.711111 0.292188 0.708333 0.296875 0.7 0.296875 0.697222 0.301562 0.688889 0.301562 0.686111 0.3125 0.666667 0.314063 0.666667 0.314063 0.663889 0.321875 0.65 0.321875 0.647222 0.326562 0.638889 0.328125 0.638889 0.334375 0.627778 0.3375 0.627778 0.339063 0.625 0.340625 0.625 0.34375 0.619444 0.345313 0.619444 0.346875 0.616667 0.351562 0.616667 0.353125 0.613889 0.360938 0.613889 0.3625 0.611111 0.365625 0.611111 0.367188 0.613889 0.370313 0.613889 0.371875 0.616667 0.373437 0.616667 0.375 0.619444 0.376563 0.619444 0.38125 0.627778 0.38125 0.630556 0.382812 0.633333 0.382812 0.669444 0.38125 0.672222 0.38125 0.675 0.379687 0.677778 0.379687 0.680556 0.376563 0.686111 0.376563 0.688889 0.373437 0.694444 0.371875 0.694444 0.371875 0.697222 0.365625 0.708333 0.365625 0.711111 0.357812 0.725 0.357812 0.727778 0.35625 0.730556 0.35625 0.733333 0.354688 0.736111 0.354688 0.738889 0.353125 0.741667 0.353125 0.747222 0.351562 0.75 0.351562 0.752778 0.348437 0.758333 0.346875 0.758333 0.346875 0.763889 0.345313 0.766667 0.345313 0.769444 0.342187 0.775 0.342187 0.777778 0.340625 0.780556 0.340625 0.791667 0.339063 0.794444 0.3375 0.794444 0.3375 0.808333 0.335938 0.811111 0.335938 0.827778 0.3375 0.830556 0.3375 0.836111 0.340625 0.841667 0.342187 0.841667 0.345313 0.847222 0.346875 0.847222 0.348437 0.85 0.35 0.85 0.353125 0.855556 0.353125 0.858333 0.354688 0.858333 0.359375 0.866667 0.359375 0.869444 0.360938 0.869444 0.364062 0.875 0.364062 0.880556 0.365625 0.883333 0.365625 0.886111 0.367188 0.888889 0.36875 0.888889 0.370313 0.891667 0.373437 0.891667 0.375 0.894444 0.376563 0.894444 0.382812 0.905556 0.390625 0.905556 0.392188 0.908333 0.404687 0.908333 0.410937 0.919444 0.4125 0.919444 0.414062 0.922222 0.415625 0.922222 0.417188 0.925 0.420312 0.925 0.421875 0.927778 0.425 0.927778 0.426562 0.925 0.4375 0.925 0.439063 0.927778 0.453125 0.927778 0.454688 0.930556 0.459375 0.930556 0.460938 0.927778 0.479688 0.927778 0.48125 0.930556 0.495313 0.930556 0.496875 0.933333 0.507812 0.933333 0.509375 0.936111 0.515625 0.936111 0.517187 0.938889 0.523438 0.938889 0.525 0.941667 0.534375 0.941667 0.535937 0.944444 0.55 0.944444 0.551562 0.947222 0.564062 0.947222 0.565625 0.95 0.584375 0.95 0.585938 0.952778 0.603125 0.952778 0.604688 0.955556 0.617188 0.955556 0.61875 0.958333 0.623438 0.958333 0.625 0.961111 0.625 0.969444 0.854688 0.969444 0.854688 0.961111 0.857813 0.955556 0.859375 0.955556 0.860937 0.952778 0.864062 0.952778 0.867188 0.947222 0.86875 0.947222 0.871875 0.941667 0.873438 0.941667 0.875 0.938889 0.876562 0.938889 0.88125 0.930556 0.882812 0.930556 0.8875 0.922222 0.8875 0.919444 0.890625 0.913889 0.890625 0.883333 0.892187 0.880556 0.892187 0.833333 0.89375 0.830556 0.89375 0.788889 0.895312 0.786111 0.895312 0.766667 0.896875 0.763889 0.896875 0.755556 0.898438 0.752778 0.898438 0.727778 0.9 0.725 0.9 0.702778 0.901563 0.7 0.901563 0.691667 0.9 0.688889 0.9 0.563889 0.901563 0.561111 0.901563 0.522222 0.903125 0.519444 0.903125 0.483333 0.904688 0.480556 0.904688 0.447222 0.90625 0.444444 0.90625 0.413889 0.907812 0.411111 0.907812 0.355556 0.909375 0.352778 0.909375 0.316667 0.910937 0.313889 0.910937 0.291667 0.9125 0.288889 0.9125 0.272222 0.914062 0.269444 0.914062 0.263889 0.915625 0.261111 0.920313 0.261111 0.920313 0.0888889 0.914062 0.0888889 0.9125 0.0861111 0.910937 0.0861111 0.909375 0.0833333 0.904688 0.0833333 0.903125 0.0805556 0.882812 0.0805556 0.88125 0.0777778 0.865625 0.0777778 0.864062 0.075 0.839063 0.075 0.8375 0.0722222 0.804688 0.0722222 0.803125 0.0694444 0.8 0.0694444 0.798437 0.0722222 0.795313 0.0722222 0.79375 0.0694444 0.778125 0.0694444 0.776563 0.0666667 0.775 0.0694444 0.771875 0.0694444 0.770312 0.0666667 0.751562 0.0666667 0.75 0.0638889 0.667188 0.0638889 0.665625 0.0611111 0.664062 0.0611111 0.6625 0.0638889 0.65625 0.0638889 0.654688 0.0611111 0.626562 0.0611111 0.625 0.0583333 0.6 0.0583333 0.598437 0.0555556 0.554688 0.0555556 0.553125 0.0527778 0.54375 0.0527778 0.542188 0.0555556 0.539062 0.0555556 0.5375 0.0527778 0.53125 0.0527778 0.529688 0.0555556 0.520312 0.0555556 0.51875 0.0527778 0.470313 0.0527778 0.46875 0.05 0.457812 0.05 0.45625 0.0472222 0.45625 0.0388889 0.413414
62 0.003125 0.216667 0.003125 0.683333 0.009375 0.683333 0.0109375 0.686111 0.0109375 0.688889 0.0171875 0.7 0.0171875 0.702778 0.01875 0.705556 0.01875 0.711111 0.021875 0.716667 0.021875 0.722222 0.0203125 0.725 0.0203125 0.736111 0.0171875 0.741667 0.0171875 0.747222 0.015625 0.75 0.015625 0.755556 0.0125 0.761111 0.0125 0.763889 0.0109375 0.766667 0.0109375 0.769444 0.0078125 0.775 0.003125 0.775 0.003125 0.802778 0.104687 0.802778 0.104687 0.794444 0.107813 0.788889 0.126563 0.788889 0.126563 0.711111 0.11875 0.711111 0.117188 0.708333 0.114063 0.708333 0.110937 0.702778 0.110937 0.697222 0.107813 0.691667 0.107813 0.686111 0.10625 0.683333 0.10625 0.619444 0.107813 0.616667 0.107813 0.602778 0.109375 0.6 0.109375 0.591667 0.110937 0.588889 0.110937 0.580556 0.1125 0.577778 0.1125 0.566667 0.114063 0.563889 0.114063 0.472222 0.1125 0.469444 0.1125 0.45 0.110937 0.447222 0.110937 0.436111 0.1125 0.433333 0.1125 0.422222 0.114063 0.419444 0.114063 0.416667 0.115625 0.413889 0.115625 0.408333 0.117188 0.405556 0.117188 0.4 0.11875 0.397222 0.11875 0.316667 0.117188 0.313889 0.11875 0.311111 0.11875 0.252778 0.120312 0.25 0.11875 0.247222 0.11875 0.244444 0.117188 0.241667 0.117188 0.238889 0.114063 0.233333 0.1125 0.233333 0.110937 0.230556 0.109375 0.230556 0.10625 0.225 0.10625 0.216667 0.341347
0 0.0421875 0.988889 0.040625 0.988889 0.0390625 0.986111 0.0375 0.986111 0.034375 0.980556 0.034375 0.977778 0.028125 0.988889 0.0265625 0.988889 0.021875 0.980556 0.021875 0.977778 0.0203125 0.977778 0.0140625 0.988889 0.009375 0.988889 0.009375 1 0.04375 1 0.04375 0.994444 0.0421875 0.991667 0.0421875 0.988889 0.0515625 0.975 0.142188 0.994444 0.142188 1 0.382812 1 0.382812 0.991667 0.38125 0.988889 0.38125 0.977778 0.379687 0.975 0.379687 0.972222 0.376563 0.966667 0.376563 0.963889 0.373437 0.958333 0.373437 0.955556 0.370313 0.95 0.370313 0.947222 0.36875 0.944444 0.36875 0.938889 0.367188 0.936111 0.367188 0.919444 0.365625 0.916667 0.365625 0.902778 0.364062 0.9 0.364062 0.894444 0.3625 0.891667 0.3625 0.886111 0.360938 0.883333 0.360938 0.880556 0.359375 0.877778 0.359375 0.875 0.35 0.858333 0.348437 0.858333 0.346875 0.855556 0.345313 0.855556 0.34375 0.852778 0.342187 0.852778 0.340625 0.85 0.339063 0.85 0.329688 0.833333 0.329688 0.830556 0.326562 0.825 0.328125 0.822222 0.328125 0.813889 0.329688 0.811111 0.329688 0.808333 0.33125 0.805556 0.33125 0.8 0.332812 0.797222 0.332812 0.794444 0.334375 0.791667 0.334375 0.788889 0.3375 0.783333 0.3375 0.780556 0.339063 0.777778 0.339063 0.772222 0.342187 0.766667 0.342187 0.763889 0.345313 0.758333 0.345313 0.755556 0.348437 0.75 0.348437 0.747222 0.35 0.744444 0.35 0.741667 0.351562 0.738889 0.351562 0.736111 0.354688 0.730556 0.354688 0.727778 0.357812 0.722222 0.357812 0.719444 0.375 0.688889 0.375 0.686111 0.378125 0.680556 0.378125 0.677778 0.379687 0.675 0.379687 0.672222 0.38125 0.669444 0.38125 0.633333 0.379687 0.630556 0.379687 0.616667 0.3375 0.616667 0.3375 0.625 0.334375 0.630556 0.332812 0.630556 0.325 0.644444 0.325 0.647222 0.320312 0.655556 0.320312 0.658333 0.307813 0.680556 0.30625 0.680556 0.3 0.691667 0.3 0.694444 0.295312 0.702778 0.295312 0.705556 0.292188 0.711111 0.292188 0.713889 0.2875 0.722222 0.2875 0.725 0.284375 0.730556 0.284375 0.733333 0.28125 0.738889 0.28125 0.741667 0.279687 0.744444 0.279687 0.747222 0.278125 0.75 0.278125 0.752778 0.275 0.758333 0.275 0.761111 0.259375 0.788889 0.257812 0.788889 0.253125 0.797222 0.251563 0.797222 0.245312 0.808333 0.24375 0.808333 0.239063 0.816667 0.2375 0.816667 0.235938 0.819444 0.234375 0.819444 0.23125 0.825 0.229687 0.825 0.228125 0.827778 0.225 0.827778 0.223438 0.830556 0.221875 0.830556 0.220313 0.833333 0.21875 0.833333 0.215625 0.838889 0.214062 0.838889 0.2125 0.841667 0.210938 0.841667 0.207813 0.847222 0.20625 0.847222 0.204688 0.85 0.203125 0.85 0.196875 0.861111 0.195312 0.861111 0.170312 0.905556 0.170312 0.908333 0.167187 0.913889 0.167187 0.916667 0.164062 0.922222 0.164062 0.925 0.1625 0.927778 0.1625 0.930556 0.160938 0.933333 0.160938 0.936111 0.157813 0.941667 0.157813 0.944444 0.15625 0.947222 0.15625 0.95 0.154687 0.952778 0.154687 0.955556 0.153125 0.958333 0.153125 0.961111 0.151562 0.963889 0.151562 0.966667 0.15 0.969444 0.15 0.972222 0.148438 0.975 0.148438 0.980556 0.146875 0.983333 0.146875 0.986111 0.142188 0.994444 0.0515625 0.975 0.0515625 0.972222 0.0515625 0.975 0.293068
67 0.160938 0.0388889 0.160938 0.0638889 0.159375 0.0666667 0.159375 0.130556 0.157813 0.133333 0.157813 0.172222 0.15625 0.175 0.15625 0.269444 0.154687 0.272222 0.154687 0.327778 0.153125 0.330556 0.153125 0.377778 0.151562 0.380556 0.151562 0.436111 0.15 0.438889 0.151562 0.441667 0.151562 0.45 0.15 0.452778 0.15 0.538889 0.148438 0.541667 0.148438 0.555556 0.15 0.558333 0.15 0.563889 0.148438 0.566667 0.148438 0.591667 0.146875 0.594444 0.146875 0.613889 0.145313 0.616667 0.145313 0.630556 0.14375 0.633333 0.14375 0.647222 0.142188 0.65 0.142188 0.669444 0.140625 0.672222 0.140625 0.686111 0.139062 0.688889 0.134375 0.688889 0.134375 0.783333 0.139062 0.783333 0.142188 0.788889 0.142188 0.794444 0.14375 0.797222 0.14375 0.8 0.145313 0.802778 0.145313 0.805556 0.146875 0.808333 0.146875 0.811111 0.15 0.816667 0.15 0.819444 0.153125 0.825 0.153125 0.827778 0.157813 0.836111 0.157813 0.838889 0.159375 0.841667 0.159375 0.844444 0.1625 0.85 0.164062 0.85 0.165625 0.852778 0.165625 0.855556 0.171875 0.866667 0.18125 0.866667 0.182812 0.869444 0.184375 0.866667 0.185937 0.866667 0.189063 0.861111 0.190625 0.861111 0.19375 0.855556 0.195312 0.855556 0.198437 0.85 0.201562 0.85 0.207813 0.838889 0.209375 0.838889 0.210938 0.836111 0.2125 0.836111 0.215625 0.830556 0.217187 0.830556 0.21875 0.827778 0.221875 0.827778 0.223438 0.825 0.226562 0.825 0.23125 0.816667 0.232812 0.816667 0.234375 0.813889 0.235938 0.813889 0.239063 0.808333 0.240625 0.808333 0.25 0.791667 0.251563 0.791667 0.253125 0.788889 0.253125 0.786111 0.254687 0.783333 0.25625 0.783333 0.260938 0.775 0.2625 0.775 0.264062 0.772222 0.265625 0.772222 0.275 0.755556 0.275 0.752778 0.276563 0.75 0.276563 0.747222 0.278125 0.744444 0.278125 0.741667 0.28125 0.736111 0.28125 0.733333 0.284375 0.727778 0.284375 0.725 0.292188 0.711111 0.292188 0.708333 0.296875 0.7 0.296875 0.697222 0.301562 0.688889 0.301562 0.686111 0.3125 0.666667 0.314063 0.666667 0.314063 0.663889 0.321875 0.65 0.321875 0.647222 0.326562 0.638889 0.328125 0.638889 0.334375 0.627778 0.3375 0.627778 0.339063 0.625 0.340625 0.625 0.34375 0.619444 0.345313 0.619444 0.346875 0.616667 0.351562 0.616667 0.353125 0.613889 0.360938 0.613889 0.3625 0.611111 0.365625 0.611111 0.367188 0.613889 0.370313 0.613889 0.371875 0.616667 0.373437 0.616667 0.375 0.619444 0.376563 0.619444 0.38125 0.627778 0.38125 0.630556 0.382812 0.633333 0.382812 0.669444 0.38125 0.672222 0.38125 0.675 0.379687 0.677778 0.379687 0.680556 0.376563 0.686111 0.376563 0.688889 0.373437 0.694444 0.371875 0.694444 0.371875 0.697222 0.365625 0.708333 0.365625 0.711111 0.357812 0.725 0.357812 0.727778 0.35625 0.730556 0.35625 0.733333 0.354688 0.736111 0.354688 0.738889 0.353125 0.741667 0.353125 0.747222 0.351562 0.75 0.351562 0.752778 0.348437 0.758333 0.346875 0.758333 0.346875 0.763889 0.345313 0.766667 0.345313 0.769444 0.342187 0.775 0.342187 0.777778 0.340625 0.780556 0.340625 0.791667 0.339063 0.794444 0.3375 0.794444 0.3375 0.808333 0.335938 0.811111 0.335938 0.827778 0.3375 0.830556 0.3375 0.836111 0.340625 0.841667 0.342187 0.841667 0.345313 0.847222 0.346875 0.847222 0.348437 0.85 0.35 0.85 0.353125 0.855556 0.353125 0.858333 0.354688 0.858333 0.359375 0.866667 0.359375 0.869444 0.360938 0.869444 0.364062 0.875 0.364062 0.880556 0.365625 0.883333 0.365625 0.886111 0.367188 0.888889 0.36875 0.888889 0.370313 0.891667 0.373437 0.891667 0.375 0.894444 0.376563 0.894444 0.382812 0.905556 0.390625 0.905556 0.392188 0.908333 0.404687 0.908333 0.410937 0.919444 0.4125 0.919444 0.414062 0.922222 0.415625 0.922222 0.417188 0.925 0.420312 0.925 0.421875 0.927778 0.425 0.927778 0.426562 0.925 0.4375 0.925 0.439063 0.927778 0.453125 0.927778 0.454688 0.930556 0.459375 0.930556 0.460938 0.927778 0.479688 0.927778 0.48125 0.930556 0.495313 0.930556 0.496875 0.933333 0.507812 0.933333 0.509375 0.936111 0.515625 0.936111 0.517187 0.938889 0.523438 0.938889 0.525 0.941667 0.534375 0.941667 0.535937 0.944444 0.55 0.944444 0.551562 0.947222 0.564062 0.947222 0.565625 0.95 0.584375 0.95 0.585938 0.952778 0.603125 0.952778 0.604688 0.955556 0.617188 0.955556 0.61875 0.958333 0.623438 0.958333 0.625 0.961111 0.625 0.969444 0.854688 0.969444 0.854688 0.961111 0.857813 0.955556 0.859375 0.955556 0.860937 0.952778 0.864062 0.952778 0.867188 0.947222 0.86875 0.947222 0.871875 0.941667 0.873438 0.941667 0.875 0.938889 0.876562 0.938889 0.88125 0.930556 0.882812 0.930556 0.8875 0.922222 0.8875 0.919444 0.890625 0.913889 0.890625 0.883333 0.892187 0.880556 0.892187 0.833333 0.89375 0.830556 0.89375 0.788889 0.895312 0.786111 0.895312 0.766667 0.896875 0.763889 0.896875 0.755556 0.898438 0.752778 0.898438 0.727778 0.9 0.725 0.9 0.702778 0.901563 0.7 0.901563 0.691667 0.9 0.688889 0.9 0.563889 0.901563 0.561111 0.901563 0.522222 0.903125 0.519444 0.903125 0.483333 0.904688 0.480556 0.904688 0.447222 0.90625 0.444444 0.90625 0.413889 0.907812 0.411111 0.907812 0.355556 0.909375 0.352778 0.909375 0.316667 0.910937 0.313889 0.910937 0.291667 0.9125 0.288889 0.9125 0.272222 0.914062 0.269444 0.914062 0.263889 0.915625 0.261111 0.920313 0.261111 0.920313 0.0888889 0.914062 0.0888889 0.9125 0.0861111 0.910937 0.0861111 0.909375 0.0833333 0.904688 0.0833333 0.903125 0.0805556 0.882812 0.0805556 0.88125 0.0777778 0.865625 0.0777778 0.864062 0.075 0.839063 0.075 0.8375 0.0722222 0.804688 0.0722222 0.803125 0.0694444 0.8 0.0694444 0.798437 0.0722222 0.795313 0.0722222 0.79375 0.0694444 0.778125 0.0694444 0.776563 0.0666667 0.775 0.0694444 0.771875 0.0694444 0.770312 0.0666667 0.751562 0.0666667 0.75 0.0638889 0.667188 0.0638889 0.665625 0.0611111 0.664062 0.0611111 0.6625 0.0638889 0.65625 0.0638889 0.654688 0.0611111 0.626562 0.0611111 0.625 0.0583333 0.6 0.0583333 0.598437 0.0555556 0.554688 0.0555556 0.553125 0.0527778 0.54375 0.0527778 0.542188 0.0555556 0.539062 0.0555556 0.5375 0.0527778 0.53125 0.0527778 0.529688 0.0555556 0.520312 0.0555556 0.51875 0.0527778 0.470313 0.0527778 0.46875 0.05 0.457812 0.05 0.45625 0.0472222 0.45625 0.0388889 0.258515
0 0.345313 0.605556 0.345313 0.613889 0.342187 0.619444 0.340625 0.619444 0.334375 0.630556 0.332812 0.630556 0.323438 0.647222 0.323438 0.65 0.31875 0.658333 0.31875 0.661111 0.307813 0.680556 0.30625 0.680556 0.3 0.691667 0.3 0.694444 0.29375 0.705556 0.29375 0.708333 0.290625 0.713889 0.290625 0.716667 0.2875 0.722222 0.2875 0.725 0.284375 0.730556 0.284375 0.733333 0.282813 0.736111 0.282813 0.738889 0.279687 0.744444 0.279687 0.747222 0.278125 0.75 0.278125 0.752778 0.275 0.758333 0.275 0.761111 0.259375 0.788889 0.257812 0.788889 0.253125 0.797222 0.251563 0.797222 0.245312 0.808333 0.24375 0.808333 0.239063 0.816667 0.2375 0.816667 0.235938 0.819444 0.234375 0.819444 0.23125 0.825 0.229687 0.825 0.228125 0.827778 0.225 0.827778 0.223438 0.830556 0.221875 0.830556 0.220313 0.833333 0.21875 0.833333 0.215625 0.838889 0.214062 0.838889 0.2125 0.841667 0.210938 0.841667 0.207813 0.847222 0.20625 0.847222 0.204688 0.85 0.203125 0.85 0.196875 0.861111 0.195312 0.861111 0.173438 0.9 0.173438 0.902778 0.16875 0.911111 0.16875 0.913889 0.165625 0.919444 0.165625 0.922222 0.1625 0.927778 0.1625 0.930556 0.160938 0.933333 0.160938 0.936111 0.159375 0.938889 0.159375 0.941667 0.157813 0.944444 0.157813 0.947222 0.15625 0.95 0.15625 0.952778 0.154687 0.955556 0.154687 0.958333 0.151562 0.963889 0.146875 0.963889 0.146875 1 0.382812 1 0.382812 0.991667 0.38125 0.988889 0.38125 0.980556 0.379687 0.977778 0.379687 0.975 0.378125 0.972222 0.378125 0.969444 0.375 0.963889 0.375 0.961111 0.371875 0.955556 0.371875 0.952778 0.36875 0.947222 0.36875 0.938889 0.367188 0.936111 0.367188 0.919444 0.365625 0.916667 0.365625 0.902778 0.364062 0.9 0.364062 0.894444 0.3625 0.891667 0.3625 0.886111 0.360938 0.883333 0.360938 0.880556 0.359375 0.877778 0.359375 0.875 0.35625 0.869444 0.35625 0.866667 0.354688 0.863889 0.353125 0.863889 0.35 0.858333 0.348437 0.858333 0.346875 0.855556 0.345313 0.855556 0.34375 0.852778 0.342187 0.852778 0.340625 0.85 0.339063 0.85 0.329688 0.833333 0.329688 0.830556 0.328125 0.827778 0.328125 0.813889 0.329688 0.811111 0.329688 0.808333 0.33125 0.805556 0.33125 0.8 0.332812 0.797222 0.332812 0.791667 0.3375 0.783333 0.3375 0.780556 0.339063 0.777778 0.339063 0.772222 0.342187 0.766667 0.342187 0.763889 0.34375 0.761111 0.34375 0.758333 0.346875 0.752778 0.346875 0.75 0.35 0.744444 0.35 0.741667 0.351562 0.738889 0.351562 0.736111 0.353125 0.733333 0.353125 0.730556 0.359375 0.719444 0.359375 0.716667 0.376563 0.686111 0.376563 0.683333 0.379687 0.677778 0.379687 0.675 0.38125 0.672222 0.38125 0.663889 0.382812 0.661111 0.382812 0.638889 0.38125 0.636111 0.38125 0.630556 0.379687 0.627778 0.379687 0.625 0.378125 0.622222 0.376563 0.622222 0.375 0.619444 0.373437 0.619444 0.371875 0.616667 0.371875 0.605556 0.770772
62 0.160938 0.0388889 0.160938 0.0638889 0.159375 0.0666667 0.159375 0.130556 0.157813 0.133333 0.157813 0.172222 0.15625 0.175 0.15625 0.269444 0.154687 0.272222 0.154687 0.327778 0.153125 0.330556 0.153125 0.377778 0.151562 0.380556 0.151562 0.436111 0.15 0.438889 0.151562 0.441667 0.151562 0.45 0.15 0.452778 0.15 0.538889 0.148438 0.541667 0.148438 0.555556 0.15 0.558333 0.15 0.563889 0.148438 0.566667 0.148438 0.591667 0.146875 0.594444 0.146875 0.613889 0.145313 0.616667 0.145313 0.630556 0.14375 0.633333 0.14375 0.647222 0.142188 0.65 0.142188 0.669444 0.140625 0.672222 0.140625 0.686111 0.139062 0.688889 0.134375 0.688889 0.134375 0.783333 0.139062 0.783333 0.142188 0.788889 0.142188 0.794444 0.14375 0.797222 0.14375 0.8 0.145313 0.802778 0.145313 0.805556 0.146875 0.808333 0.146875 0.811111 0.15 0.816667 0.15 0.819444 0.153125 0.825 0.153125 0.827778 0.157813 0.836111 0.157813 0.838889 0.159375 0.841667 0.159375 0.844444 0.1625 0.85 0.164062 0.85 0.165625 0.852778 0.165625 0.855556 0.171875 0.866667 0.18125 0.866667 0.182812 0.869444 0.184375 0.866667 0.185937 0.866667 0.189063 0.861111 0.190625 0.861111 0.19375 0.855556 0.195312 0.855556 0.198437 0.85 0.201562 0.85 0.207813 0.838889 0.209375 0.838889 0.210938 0.836111 0.2125 0.836111 0.215625 0.830556 0.217187 0.830556 0.21875 0.827778 0.221875 0.827778 0.223438 0.825 0.226562 0.825 0.23125 0.816667 0.232812 0.816667 0.234375 0.813889 0.235938 0.813889 0.239063 0.808333 0.240625 0.808333 0.25 0.791667 0.251563 0.791667 0.253125 0.788889 0.253125 0.786111 0.254687 0.783333 0.25625 0.783333 0.260938 0.775 0.2625 0.775 0.264062 0.772222 0.265625 0.772222 0.275 0.755556 0.275 0.752778 0.276563 0.75 0.276563 0.747222 0.278125 0.744444 0.278125 0.741667 0.28125 0.736111 0.28125 0.733333 0.284375 0.727778 0.284375 0.725 0.292188 0.711111 0.292188 0.708333 0.296875 0.7 0.296875 0.697222 0.301562 0.688889 0.301562 0.686111 0.3125 0.666667 0.314063 0.666667 0.314063 0.663889 0.321875 0.65 0.321875 0.647222 0.326562 0.638889 0.328125 0.638889 0.334375 0.627778 0.3375 0.627778 0.339063 0.625 0.340625 0.625 0.34375 0.619444 0.345313 0.619444 0.346875 0.616667 0.351562 0.616667 0.353125 0.613889 0.360938 0.613889 0.3625 0.611111 0.365625 0.611111 0.367188 0.613889 0.370313 0.613889 0.371875 0.616667 0.373437 0.616667 0.375 0.619444 0.376563 0.619444 0.38125 0.627778 0.38125 0.630556 0.382812 0.633333 0.382812 0.669444 0.38125 0.672222 0.38125 0.675 0.379687 0.677778 0.379687 0.680556 0.376563 0.686111 0.376563 0.688889 0.373437 0.694444 0.371875 0.694444 0.371875 0.697222 0.365625 0.708333 0.365625 0.711111 0.357812 0.725 0.357812 0.727778 0.35625 0.730556 0.35625 0.733333 0.354688 0.736111 0.354688 0.738889 0.353125 0.741667 0.353125 0.747222 0.351562 0.75 0.351562 0.752778 0.348437 0.758333 0.346875 0.758333 0.346875 0.763889 0.345313 0.766667 0.345313 0.769444 0.342187 0.775 0.342187 0.777778 0.340625 0.780556 0.340625 0.791667 0.339063 0.794444 0.3375 0.794444 0.3375 0.808333 0.335938 0.811111 0.335938 0.827778 0.3375 0.830556 0.3375 0.836111 0.340625 0.841667 0.342187 0.841667 0.345313 0.847222 0.346875 0.847222 0.348437 0.85 0.35 0.85 0.353125 0.855556 0.353125 0.858333 0.354688 0.858333 0.359375 0.866667 0.359375 0.869444 0.360938 0.869444 0.364062 0.875 0.364062 0.880556 0.365625 0.883333 0.365625 0.886111 0.367188 0.888889 0.36875 0.888889 0.370313 0.891667 0.373437 0.891667 0.375 0.894444 0.376563 0.894444 0.382812 0.905556 0.390625 0.905556 0.392188 0.908333 0.404687 0.908333 0.410937 0.919444 0.4125 0.919444 0.414062 0.922222 0.415625 0.922222 0.417188 0.925 0.420312 0.925 0.421875 0.927778 0.425 0.927778 0.426562 0.925 0.4375 0.925 0.439063 0.927778 0.453125 0.927778 0.454688 0.930556 0.459375 0.930556 0.460938 0.927778 0.479688 0.927778 0.48125 0.930556 0.495313 0.930556 0.496875 0.933333 0.507812 0.933333 0.509375 0.936111 0.515625 0.936111 0.517187 0.938889 0.523438 0.938889 0.525 0.941667 0.534375 0.941667 0.535937 0.944444 0.55 0.944444 0.551562 0.947222 0.564062 0.947222 0.565625 0.95 0.584375 0.95 0.585938 0.952778 0.603125 0.952778 0.604688 0.955556 0.617188 0.955556 0.61875 0.958333 0.623438 0.958333 0.625 0.961111 0.625 0.969444 0.854688 0.969444 0.854688 0.961111 0.857813 0.955556 0.859375 0.955556 0.860937 0.952778 0.864062 0.952778 0.867188 0.947222 0.86875 0.947222 0.871875 0.941667 0.873438 0.941667 0.875 0.938889 0.876562 0.938889 0.88125 0.930556 0.882812 0.930556 0.8875 0.922222 0.8875 0.919444 0.890625 0.913889 0.890625 0.883333 0.892187 0.880556 0.892187 0.833333 0.89375 0.830556 0.89375 0.788889 0.895312 0.786111 0.895312 0.766667 0.896875 0.763889 0.896875 0.755556 0.898438 0.752778 0.898438 0.727778 0.9 0.725 0.9 0.702778 0.901563 0.7 0.901563 0.691667 0.9 0.688889 0.9 0.563889 0.901563 0.561111 0.901563 0.522222 0.903125 0.519444 0.903125 0.483333 0.904688 0.480556 0.904688 0.447222 0.90625 0.444444 0.90625 0.413889 0.907812 0.411111 0.907812 0.355556 0.909375 0.352778 0.909375 0.316667 0.910937 0.313889 0.910937 0.291667 0.9125 0.288889 0.9125 0.272222 0.914062 0.269444 0.914062 0.263889 0.915625 0.261111 0.920313 0.261111 0.920313 0.0888889 0.914062 0.0888889 0.9125 0.0861111 0.910937 0.0861111 0.909375 0.0833333 0.904688 0.0833333 0.903125 0.0805556 0.882812 0.0805556 0.88125 0.0777778 0.865625 0.0777778 0.864062 0.075 0.839063 0.075 0.8375 0.0722222 0.804688 0.0722222 0.803125 0.0694444 0.8 0.0694444 0.798437 0.0722222 0.795313 0.0722222 0.79375 0.0694444 0.778125 0.0694444 0.776563 0.0666667 0.775 0.0694444 0.771875 0.0694444 0.770312 0.0666667 0.751562 0.0666667 0.75 0.0638889 0.667188 0.0638889 0.665625 0.0611111 0.664062 0.0611111 0.6625 0.0638889 0.65625 0.0638889 0.654688 0.0611111 0.626562 0.0611111 0.625 0.0583333 0.6 0.0583333 0.598437 0.0555556 0.554688 0.0555556 0.553125 0.0527778 0.54375 0.0527778 0.542188 0.0555556 0.539062 0.0555556 0.5375 0.0527778 0.53125 0.0527778 0.529688 0.0555556 0.520312 0.0555556 0.51875 0.0527778 0.470313 0.0527778 0.46875 0.05 0.457812 0.05 0.45625 0.0472222 0.45625 0.0388889 0.413414
62 0.003125 0.216667 0.003125 0.683333 0.009375 0.683333 0.0109375 0.686111 0.0109375 0.688889 0.0171875 0.7 0.0171875 0.702778 0.01875 0.705556 0.01875 0.711111 0.021875 0.716667 0.021875 0.722222 0.0203125 0.725 0.0203125 0.736111 0.0171875 0.741667 0.0171875 0.747222 0.015625 0.75 0.015625 0.755556 0.0125 0.761111 0.0125 0.763889 0.0109375 0.766667 0.0109375 0.769444 0.0078125 0.775 0.003125 0.775 0.003125 0.802778 0.104687 0.802778 0.104687 0.794444 0.107813 0.788889 0.126563 0.788889 0.126563 0.711111 0.11875 0.711111 0.117188 0.708333 0.114063 0.708333 0.110937 0.702778 0.110937 0.697222 0.107813 0.691667 0.107813 0.686111 0.10625 0.683333 0.10625 0.619444 0.107813 0.616667 0.107813 0.602778 0.109375 0.6 0.109375 0.591667 0.110937 0.588889 0.110937 0.580556 0.1125 0.577778 0.1125 0.566667 0.114063 0.563889 0.114063 0.472222 0.1125 0.469444 0.1125 0.45 0.110937 0.447222 0.110937 0.436111 0.1125 0.433333 0.1125 0.422222 0.114063 0.419444 0.114063 0.416667 0.115625 0.413889 0.115625 0.408333 0.117188 0.405556 0.117188 0.4 0.11875 0.397222 0.11875 0.316667 0.117188 0.313889 0.11875 0.311111 0.11875 0.252778 0.120312 0.25 0.11875 0.247222 0.11875 0.244444 0.117188 0.241667 0.117188 0.238889 0.114063 0.233333 0.1125 0.233333 0.110937 0.230556 0.109375 0.230556 0.10625 0.225 0.10625 0.216667 0.341347
0 0.0421875 0.988889 0.040625 0.988889 0.0390625 0.986111 0.0375 0.986111 0.034375 0.980556 0.034375 0.977778 0.028125 0.988889 0.0265625 0.988889 0.021875 0.980556 0.021875 0.977778 0.0203125 0.977778 0.0140625 0.988889 0.009375 0.988889 0.009375 1 0.04375 1 0.04375 0.994444 0.0421875 0.991667 0.0421875 0.988889 0.0515625 0.975 0.142188 0.994444 0.142188 1 0.382812 1 0.382812 0.991667 0.38125 0.988889 0.38125 0.977778 0.379687 0.975 0.379687 0.972222 0.376563 0.966667 0.376563 0.963889 0.373437 0.958333 0.373437 0.955556 0.370313 0.95 0.370313 0.947222 0.36875 0.944444 0.36875 0.938889 0.367188 0.936111 0.367188 0.919444 0.365625 0.916667 0.365625 0.902778 0.364062 0.9 0.364062 0.894444 0.3625 0.891667 0.3625 0.886111 0.360938 0.883333 0.360938 0.880556 0.359375 0.877778 0.359375 0.875 0.35 0.858333 0.348437 0.858333 0.346875 0.855556 0.345313 0.855556 0.34375 0.852778 0.342187 0.852778 0.340625 0.85 0.339063 0.85 0.329688 0.833333 0.329688 0.830556 0.326562 0.825 0.328125 0.822222 0.328125 0.813889 0.329688 0.811111 0.329688 0.808333 0.33125 0.805556 0.33125 0.8 0.332812 0.797222 0.332812 0.794444 0.334375 0.791667 0.334375 0.788889 0.3375 0.783333 0.3375 0.780556 0.339063 0.777778 0.339063 0.772222 0.342187 0.766667 0.342187 0.763889 0.345313 0.758333 0.345313 0.755556 0.348437 0.75 0.348437 0.747222 0.35 0.744444 0.35 0.741667 0.351562 0.738889 0.351562 0.736111 0.354688 0.730556 0.354688 0.727778 0.357812 0.722222 0.357812 0.719444 0.375 0.688889 0.375 0.686111 0.378125 0.680556 0.378125 0.677778 0.379687 0.675 0.379687 0.672222 0.38125 0.669444 0.38125 0.633333 0.379687 0.630556 0.379687 0.616667 0.3375 0.616667 0.3375 0.625 0.334375 0.630556 0.332812 0.630556 0.325 0.644444 0.325 0.647222 0.320312 0.655556 0.320312 0.658333 0.307813 0.680556 0.30625 0.680556 0.3 0.691667 0.3 0.694444 0.295312 0.702778 0.295312 0.705556 0.292188 0.711111 0.292188 0.713889 0.2875 0.722222 0.2875 0.725 0.284375 0.730556 0.284375 0.733333 0.28125 0.738889 0.28125 0.741667 0.279687 0.744444 0.279687 0.747222 0.278125 0.75 0.278125 0.752778 0.275 0.758333 0.275 0.761111 0.259375 0.788889 0.257812 0.788889 0.253125 0.797222 0.251563 0.797222 0.245312 0.808333 0.24375 0.808333 0.239063 0.816667 0.2375 0.816667 0.235938 0.819444 0.234375 0.819444 0.23125 0.825 0.229687 0.825 0.228125 0.827778 0.225 0.827778 0.223438 0.830556 0.221875 0.830556 0.220313 0.833333 0.21875 0.833333 0.215625 0.838889 0.214062 0.838889 0.2125 0.841667 0.210938 0.841667 0.207813 0.847222 0.20625 0.847222 0.204688 0.85 0.203125 0.85 0.196875 0.861111 0.195312 0.861111 0.170312 0.905556 0.170312 0.908333 0.167187 0.913889 0.167187 0.916667 0.164062 0.922222 0.164062 0.925 0.1625 0.927778 0.1625 0.930556 0.160938 0.933333 0.160938 0.936111 0.157813 0.941667 0.157813 0.944444 0.15625 0.947222 0.15625 0.95 0.154687 0.952778 0.154687 0.955556 0.153125 0.958333 0.153125 0.961111 0.151562 0.963889 0.151562 0.966667 0.15 0.969444 0.15 0.972222 0.148438 0.975 0.148438 0.980556 0.146875 0.983333 0.146875 0.986111 0.142188 0.994444 0.0515625 0.975 0.0515625 0.972222 0.0515625 0.975 0.293068
67 0.160938 0.0388889 0.160938 0.0638889 0.159375 0.0666667 0.159375 0.130556 0.157813 0.133333 0.157813 0.172222 0.15625 0.175 0.15625 0.269444 0.154687 0.272222 0.154687 0.327778 0.153125 0.330556 0.153125 0.377778 0.151562 0.380556 0.151562 0.436111 0.15 0.438889 0.151562 0.441667 0.151562 0.45 0.15 0.452778 0.15 0.538889 0.148438 0.541667 0.148438 0.555556 0.15 0.558333 0.15 0.563889 0.148438 0.566667 0.148438 0.591667 0.146875 0.594444 0.146875 0.613889 0.145313 0.616667 0.145313 0.630556 0.14375 0.633333 0.14375 0.647222 0.142188 0.65 0.142188 0.669444 0.140625 0.672222 0.140625 0.686111 0.139062 0.688889 0.134375 0.688889 0.134375 0.783333 0.139062 0.783333 0.142188 0.788889 0.142188 0.794444 0.14375 0.797222 0.14375 0.8 0.145313 0.802778 0.145313 0.805556 0.146875 0.808333 0.146875 0.811111 0.15 0.816667 0.15 0.819444 0.153125 0.825 0.153125 0.827778 0.157813 0.836111 0.157813 0.838889 0.159375 0.841667 0.159375 0.844444 0.1625 0.85 0.164062 0.85 0.165625 0.852778 0.165625 0.855556 0.171875 0.866667 0.18125 0.866667 0.182812 0.869444 0.184375 0.866667 0.185937 0.866667 0.189063 0.861111 0.190625 0.861111 0.19375 0.855556 0.195312 0.855556 0.198437 0.85 0.201562 0.85 0.207813 0.838889 0.209375 0.838889 0.210938 0.836111 0.2125 0.836111 0.215625 0.830556 0.217187 0.830556 0.21875 0.827778 0.221875 0.827778 0.223438 0.825 0.226562 0.825 0.23125 0.816667 0.232812 0.816667 0.234375 0.813889 0.235938 0.813889 0.239063 0.808333 0.240625 0.808333 0.25 0.791667 0.251563 0.791667 0.253125 0.788889 0.253125 0.786111 0.254687 0.783333 0.25625 0.783333 0.260938 0.775 0.2625 0.775 0.264062 0.772222 0.265625 0.772222 0.275 0.755556 0.275 0.752778 0.276563 0.75 0.276563 0.747222 0.278125 0.744444 0.278125 0.741667 0.28125 0.736111 0.28125 0.733333 0.284375 0.727778 0.284375 0.725 0.292188 0.711111 0.292188 0.708333 0.296875 0.7 0.296875 0.697222 0.301562 0.688889 0.301562 0.686111 0.3125 0.666667 0.314063 0.666667 0.314063 0.663889 0.321875 0.65 0.321875 0.647222 0.326562 0.638889 0.328125 0.638889 0.334375 0.627778 0.3375 0.627778 0.339063 0.625 0.340625 0.625 0.34375 0.619444 0.345313 0.619444 0.346875 0.616667 0.351562 0.616667 0.353125 0.613889 0.360938 0.613889 0.3625 0.611111 0.365625 0.611111 0.367188 0.613889 0.370313 0.613889 0.371875 0.616667 0.373437 0.616667 0.375 0.619444 0.376563 0.619444 0.38125 0.627778 0.38125 0.630556 0.382812 0.633333 0.382812 0.669444 0.38125 0.672222 0.38125 0.675 0.379687 0.677778 0.379687 0.680556 0.376563 0.686111 0.376563 0.688889 0.373437 0.694444 0.371875 0.694444 0.371875 0.697222 0.365625 0.708333 0.365625 0.711111 0.357812 0.725 0.357812 0.727778 0.35625 0.730556 0.35625 0.733333 0.354688 0.736111 0.354688 0.738889 0.353125 0.741667 0.353125 0.747222 0.351562 0.75 0.351562 0.752778 0.348437 0.758333 0.346875 0.758333 0.346875 0.763889 0.345313 0.766667 0.345313 0.769444 0.342187 0.775 0.342187 0.777778 0.340625 0.780556 0.340625 0.791667 0.339063 0.794444 0.3375 0.794444 0.3375 0.808333 0.335938 0.811111 0.335938 0.827778 0.3375 0.830556 0.3375 0.836111 0.340625 0.841667 0.342187 0.841667 0.345313 0.847222 0.346875 0.847222 0.348437 0.85 0.35 0.85 0.353125 0.855556 0.353125 0.858333 0.354688 0.858333 0.359375 0.866667 0.359375 0.869444 0.360938 0.869444 0.364062 0.875 0.364062 0.880556 0.365625 0.883333 0.365625 0.886111 0.367188 0.888889 0.36875 0.888889 0.370313 0.891667 0.373437 0.891667 0.375 0.894444 0.376563 0.894444 0.382812 0.905556 0.390625 0.905556 0.392188 0.908333 0.404687 0.908333 0.410937 0.919444 0.4125 0.919444 0.414062 0.922222 0.415625 0.922222 0.417188 0.925 0.420312 0.925 0.421875 0.927778 0.425 0.927778 0.426562 0.925 0.4375 0.925 0.439063 0.927778 0.453125 0.927778 0.454688 0.930556 0.459375 0.930556 0.460938 0.927778 0.479688 0.927778 0.48125 0.930556 0.495313 0.930556 0.496875 0.933333 0.507812 0.933333 0.509375 0.936111 0.515625 0.936111 0.517187 0.938889 0.523438 0.938889 0.525 0.941667 0.534375 0.941667 0.535937 0.944444 0.55 0.944444 0.551562 0.947222 0.564062 0.947222 0.565625 0.95 0.584375 0.95 0.585938 0.952778 0.603125 0.952778 0.604688 0.955556 0.617188 0.955556 0.61875 0.958333 0.623438 0.958333 0.625 0.961111 0.625 0.969444 0.854688 0.969444 0.854688 0.961111 0.857813 0.955556 0.859375 0.955556 0.860937 0.952778 0.864062 0.952778 0.867188 0.947222 0.86875 0.947222 0.871875 0.941667 0.873438 0.941667 0.875 0.938889 0.876562 0.938889 0.88125 0.930556 0.882812 0.930556 0.8875 0.922222 0.8875 0.919444 0.890625 0.913889 0.890625 0.883333 0.892187 0.880556 0.892187 0.833333 0.89375 0.830556 0.89375 0.788889 0.895312 0.786111 0.895312 0.766667 0.896875 0.763889 0.896875 0.755556 0.898438 0.752778 0.898438 0.727778 0.9 0.725 0.9 0.702778 0.901563 0.7 0.901563 0.691667 0.9 0.688889 0.9 0.563889 0.901563 0.561111 0.901563 0.522222 0.903125 0.519444 0.903125 0.483333 0.904688 0.480556 0.904688 0.447222 0.90625 0.444444 0.90625 0.413889 0.907812 0.411111 0.907812 0.355556 0.909375 0.352778 0.909375 0.316667 0.910937 0.313889 0.910937 0.291667 0.9125 0.288889 0.9125 0.272222 0.914062 0.269444 0.914062 0.263889 0.915625 0.261111 0.920313 0.261111 0.920313 0.0888889 0.914062 0.0888889 0.9125 0.0861111 0.910937 0.0861111 0.909375 0.0833333 0.904688 0.0833333 0.903125 0.0805556 0.882812 0.0805556 0.88125 0.0777778 0.865625 0.0777778 0.864062 0.075 0.839063 0.075 0.8375 0.0722222 0.804688 0.0722222 0.803125 0.0694444 0.8 0.0694444 0.798437 0.0722222 0.795313 0.0722222 0.79375 0.0694444 0.778125 0.0694444 0.776563 0.0666667 0.775 0.0694444 0.771875 0.0694444 0.770312 0.0666667 0.751562 0.0666667 0.75 0.0638889 0.667188 0.0638889 0.665625 0.0611111 0.664062 0.0611111 0.6625 0.0638889 0.65625 0.0638889 0.654688 0.0611111 0.626562 0.0611111 0.625 0.0583333 0.6 0.0583333 0.598437 0.0555556 0.554688 0.0555556 0.553125 0.0527778 0.54375 0.0527778 0.542188 0.0555556 0.539062 0.0555556 0.5375 0.0527778 0.53125 0.0527778 0.529688 0.0555556 0.520312 0.0555556 0.51875 0.0527778 0.470313 0.0527778 0.46875 0.05 0.457812 0.05 0.45625 0.0472222 0.45625 0.0388889 0.258515
0 0.345313 0.605556 0.345313 0.613889 0.342187 0.619444 0.340625 0.619444 0.334375 0.630556 0.332812 0.630556 0.323438 0.647222 0.323438 0.65 0.31875 0.658333 0.31875 0.661111 0.307813 0.680556 0.30625 0.680556 0.3 0.691667 0.3 0.694444 0.29375 0.705556 0.29375 0.708333 0.290625 0.713889 0.290625 0.716667 0.2875 0.722222 0.2875 0.725 0.284375 0.730556 0.284375 0.733333 0.282813 0.736111 0.282813 0.738889 0.279687 0.744444 0.279687 0.747222 0.278125 0.75 0.278125 0.752778 0.275 0.758333 0.275 0.761111 0.259375 0.788889 0.257812 0.788889 0.253125 0.797222 0.251563 0.797222 0.245312 0.808333 0.24375 0.808333 0.239063 0.816667 0.2375 0.816667 0.235938 0.819444 0.234375 0.819444 0.23125 0.825 0.229687 0.825 0.228125 0.827778 0.225 0.827778 0.223438 0.830556 0.221875 0.830556 0.220313 0.833333 0.21875 0.833333 0.215625 0.838889 0.214062 0.838889 0.2125 0.841667 0.210938 0.841667 0.207813 0.847222 0.20625 0.847222 0.204688 0.85 0.203125 0.85 0.196875 0.861111 0.195312 0.861111 0.173438 0.9 0.173438 0.902778 0.16875 0.911111 0.16875 0.913889 0.165625 0.919444 0.165625 0.922222 0.1625 0.927778 0.1625 0.930556 0.160938 0.933333 0.160938 0.936111 0.159375 0.938889 0.159375 0.941667 0.157813 0.944444 0.157813 0.947222 0.15625 0.95 0.15625 0.952778 0.154687 0.955556 0.154687 0.958333 0.151562 0.963889 0.146875 0.963889 0.146875 1 0.382812 1 0.382812 0.991667 0.38125 0.988889 0.38125 0.980556 0.379687 0.977778 0.379687 0.975 0.378125 0.972222 0.378125 0.969444 0.375 0.963889 0.375 0.961111 0.371875 0.955556 0.371875 0.952778 0.36875 0.947222 0.36875 0.938889 0.367188 0.936111 0.367188 0.919444 0.365625 0.916667 0.365625 0.902778 0.364062 0.9 0.364062 0.894444 0.3625 0.891667 0.3625 0.886111 0.360938 0.883333 0.360938 0.880556 0.359375 0.877778 0.359375 0.875 0.35625 0.869444 0.35625 0.866667 0.354688 0.863889 0.353125 0.863889 0.35 0.858333 0.348437 0.858333 0.346875 0.855556 0.345313 0.855556 0.34375 0.852778 0.342187 0.852778 0.340625 0.85 0.339063 0.85 0.329688 0.833333 0.329688 0.830556 0.328125 0.827778 0.328125 0.813889 0.329688 0.811111 0.329688 0.808333 0.33125 0.805556 0.33125 0.8 0.332812 0.797222 0.332812 0.791667 0.3375 0.783333 0.3375 0.780556 0.339063 0.777778 0.339063 0.772222 0.342187 0.766667 0.342187 0.763889 0.34375 0.761111 0.34375 0.758333 0.346875 0.752778 0.346875 0.75 0.35 0.744444 0.35 0.741667 0.351562 0.738889 0.351562 0.736111 0.353125 0.733333 0.353125 0.730556 0.359375 0.719444 0.359375 0.716667 0.376563 0.686111 0.376563 0.683333 0.379687 0.677778 0.379687 0.675 0.38125 0.672222 0.38125 0.663889 0.382812 0.661111 0.382812 0.638889 0.38125 0.636111 0.38125 0.630556 0.379687 0.627778 0.379687 0.625 0.378125 0.622222 0.376563 0.622222 0.375 0.619444 0.373437 0.619444 0.371875 0.616667 0.371875 0.605556 0.770772
62 0.160938 0.0388889 0.160938 0.0638889 0.159375 0.0666667 0.159375 0.130556 0.157813 0.133333 0.157813 0.172222 0.15625 0.175 0.15625 0.269444 0.154687 0.272222 0.154687 0.327778 0.153125 0.330556 0.153125 0.377778 0.151562 0.380556 0.151562 0.436111 0.15 0.438889 0.151562 0.441667 0.151562 0.45 0.15 0.452778 0.15 0.538889 0.148438 0.541667 0.148438 0.555556 0.15 0.558333 0.15 0.563889 0.148438 0.566667 0.148438 0.591667 0.146875 0.594444 0.146875 0.613889 0.145313 0.616667 0.145313 0.630556 0.14375 0.633333 0.14375 0.647222 0.142188 0.65 0.142188 0.669444 0.140625 0.672222 0.140625 0.686111 0.139062 0.688889 0.134375 0.688889 0.134375 0.783333 0.139062 0.783333 0.142188 0.788889 0.142188 0.794444 0.14375 0.797222 0.14375 0.8 0.145313 0.802778 0.145313 0.805556 0.146875 0.808333 0.146875 0.811111 0.15 0.816667 0.15 0.819444 0.153125 0.825 0.153125 0.827778 0.157813 0.836111 0.157813 0.838889 0.159375 0.841667 0.159375 0.844444 0.1625 0.85 0.164062 0.85 0.165625 0.852778 0.165625 0.855556 0.171875 0.866667 0.18125 0.866667 0.182812 0.869444 0.184375 0.866667 0.185937 0.866667 0.189063 0.861111 0.190625 0.861111 0.19375 0.855556 0.195312 0.855556 0.198437 0.85 0.201562 0.85 0.207813 0.838889 0.209375 0.838889 0.210938 0.836111 0.2125 0.836111 0.215625 0.830556 0.217187 0.830556 0.21875 0.827778 0.221875 0.827778 0.223438 0.825 0.226562 0.825 0.23125 0.816667 0.232812 0.816667 0.234375 0.813889 0.235938 0.813889 0.239063 0.808333 0.240625 0.808333 0.25 0.791667 0.251563 0.791667 0.253125 0.788889 0.253125 0.786111 0.254687 0.783333 0.25625 0.783333 0.260938 0.775 0.2625 0.775 0.264062 0.772222 0.265625 0.772222 0.275 0.755556 0.275 0.752778 0.276563 0.75 0.276563 0.747222 0.278125 0.744444 0.278125 0.741667 0.28125 0.736111 0.28125 0.733333 0.284375 0.727778 0.284375 0.725 0.292188 0.711111 0.292188 0.708333 0.296875 0.7 0.296875 0.697222 0.301562 0.688889 0.301562 0.686111 0.3125 0.666667 0.314063 0.666667 0.314063 0.663889 0.321875 0.65 0.321875 0.647222 0.326562 0.638889 0.328125 0.638889 0.334375 0.627778 0.3375 0.627778 0.339063 0.625 0.340625 0.625 0.34375 0.619444 0.345313 0.619444 0.346875 0.616667 0.351562 0.616667 0.353125 0.613889 0.360938 0.613889 0.3625 0.611111 0.365625 0.611111 0.367188 0.613889 0.370313 0.613889 0.371875 0.616667 0.373437 0.616667 0.375 0.619444 0.376563 0.619444 0.38125 0.627778 0.38125 0.630556 0.382812 0.633333 0.382812 0.669444 0.38125 0.672222 0.38125 0.675 0.379687 0.677778 0.379687 0.680556 0.376563 0.686111 0.376563 0.688889 0.373437 0.694444 0.371875 0.694444 0.371875 0.697222 0.365625 0.708333 0.365625 0.711111 0.357812 0.725 0.357812 0.727778 0.35625 0.730556 0.35625 0.733333 0.354688 0.736111 0.354688 0.738889 0.353125 0.741667 0.353125 0.747222 0.351562 0.75 0.351562 0.752778 0.348437 0.758333 0.346875 0.758333 0.346875 0.763889 0.345313 0.766667 0.345313 0.769444 0.342187 0.775 0.342187 0.777778 0.340625 0.780556 0.340625 0.791667 0.339063 0.794444 0.3375 0.794444 0.3375 0.808333 0.335938 0.811111 0.335938 0.827778 0.3375 0.830556 0.3375 0.836111 0.340625 0.841667 0.342187 0.841667 0.345313 0.847222 0.346875 0.847222 0.348437 0.85 0.35 0.85 0.353125 0.855556 0.353125 0.858333 0.354688 0.858333 0.359375 0.866667 0.359375 0.869444 0.360938 0.869444 0.364062 0.875 0.364062 0.880556 0.365625 0.883333 0.365625 0.886111 0.367188 0.888889 0.36875 0.888889 0.370313 0.891667 0.373437 0.891667 0.375 0.894444 0.376563 0.894444 0.382812 0.905556 0.390625 0.905556 0.392188 0.908333 0.404687 0.908333 0.410937 0.919444 0.4125 0.919444 0.414062 0.922222 0.415625 0.922222 0.417188 0.925 0.420312 0.925 0.421875 0.927778 0.425 0.927778 0.426562 0.925 0.4375 0.925 0.439063 0.927778 0.453125 0.927778 0.454688 0.930556 0.459375 0.930556 0.460938 0.927778 0.479688 0.927778 0.48125 0.930556 0.495313 0.930556 0.496875 0.933333 0.507812 0.933333 0.509375 0.936111 0.515625 0.936111 0.517187 0.938889 0.523438 0.938889 0.525 0.941667 0.534375 0.941667 0.535937 0.944444 0.55 0.944444 0.551562 0.947222 0.564062 0.947222 0.565625 0.95 0.584375 0.95 0.585938 0.952778 0.603125 0.952778 0.604688 0.955556 0.617188 0.955556 0.61875 0.958333 0.623438 0.958333 0.625 0.961111 0.625 0.969444 0.854688 0.969444 0.854688 0.961111 0.857813 0.955556 0.859375 0.955556 0.860937 0.952778 0.864062 0.952778 0.867188 0.947222 0.86875 0.947222 0.871875 0.941667 0.873438 0.941667 0.875 0.938889 0.876562 0.938889 0.88125 0.930556 0.882812 0.930556 0.8875 0.922222 0.8875 0.919444 0.890625 0.913889 0.890625 0.883333 0.892187 0.880556 0.892187 0.833333 0.89375 0.830556 0.89375 0.788889 0.895312 0.786111 0.895312 0.766667 0.896875 0.763889 0.896875 0.755556 0.898438 0.752778 0.898438 0.727778 0.9 0.725 0.9 0.702778 0.901563 0.7 0.901563 0.691667 0.9 0.688889 0.9 0.563889 0.901563 0.561111 0.901563 0.522222 0.903125 0.519444 0.903125 0.483333 0.904688 0.480556 0.904688 0.447222 0.90625 0.444444 0.90625 0.413889 0.907812 0.411111 0.907812 0.355556 0.909375 0.352778 0.909375 0.316667 0.910937 0.313889 0.910937 0.291667 0.9125 0.288889 0.9125 0.272222 0.914062 0.269444 0.914062 0.263889 0.915625 0.261111 0.920313 0.261111 0.920313 0.0888889 0.914062 0.0888889 0.9125 0.0861111 0.910937 0.0861111 0.909375 0.0833333 0.904688 0.0833333 0.903125 0.0805556 0.882812 0.0805556 0.88125 0.0777778 0.865625 0.0777778 0.864062 0.075 0.839063 0.075 0.8375 0.0722222 0.804688 0.0722222 0.803125 0.0694444 0.8 0.0694444 0.798437 0.0722222 0.795313 0.0722222 0.79375 0.0694444 0.778125 0.0694444 0.776563 0.0666667 0.775 0.0694444 0.771875 0.0694444 0.770312 0.0666667 0.751562 0.0666667 0.75 0.0638889 0.667188 0.0638889 0.665625 0.0611111 0.664062 0.0611111 0.6625 0.0638889 0.65625 0.0638889 0.654688 0.0611111 0.626562 0.0611111 0.625 0.0583333 0.6 0.0583333 0.598437 0.0555556 0.554688 0.0555556 0.553125 0.0527778 0.54375 0.0527778 0.542188 0.0555556 0.539062 0.0555556 0.5375 0.0527778 0.53125 0.0527778 0.529688 0.0555556 0.520312 0.0555556 0.51875 0.0527778 0.470313 0.0527778 0.46875 0.05 0.457812 0.05 0.45625 0.0472222 0.45625 0.0388889 0.413414
62 0.003125 0.216667 0.003125 0.683333 0.009375 0.683333 0.0109375 0.686111 0.0109375 0.688889 0.0171875 0.7 0.0171875 0.702778 0.01875 0.705556 0.01875 0.711111 0.021875 0.716667 0.021875 0.722222 0.0203125 0.725 0.0203125 0.736111 0.0171875 0.741667 0.0171875 0.747222 0.015625 0.75 0.015625 0.755556 0.0125 0.761111 0.0125 0.763889 0.0109375 0.766667 0.0109375 0.769444 0.0078125 0.775 0.003125 0.775 0.003125 0.802778 0.104687 0.802778 0.104687 0.794444 0.107813 0.788889 0.126563 0.788889 0.126563 0.711111 0.11875 0.711111 0.117188 0.708333 0.114063 0.708333 0.110937 0.702778 0.110937 0.697222 0.107813 0.691667 0.107813 0.686111 0.10625 0.683333 0.10625 0.619444 0.107813 0.616667 0.107813 0.602778 0.109375 0.6 0.109375 0.591667 0.110937 0.588889 0.110937 0.580556 0.1125 0.577778 0.1125 0.566667 0.114063 0.563889 0.114063 0.472222 0.1125 0.469444 0.1125 0.45 0.110937 0.447222 0.110937 0.436111 0.1125 0.433333 0.1125 0.422222 0.114063 0.419444 0.114063 0.416667 0.115625 0.413889 0.115625 0.408333 0.117188 0.405556 0.117188 0.4 0.11875 0.397222 0.11875 0.316667 0.117188 0.313889 0.11875 0.311111 0.11875 0.252778 0.120312 0.25 0.11875 0.247222 0.11875 0.244444 0.117188 0.241667 0.117188 0.238889 0.114063 0.233333 0.1125 0.233333 0.110937 0.230556 0.109375 0.230556 0.10625 0.225 0.10625 0.216667 0.341347
0 0.0421875 0.988889 0.040625 0.988889 0.0390625 0.986111 0.0375 0.986111 0.034375 0.980556 0.034375 0.977778 0.028125 0.988889 0.0265625 0.988889 0.021875 0.980556 0.021875 0.977778 0.0203125 0.977778 0.0140625 0.988889 0.009375 0.988889 0.009375 1 0.04375 1 0.04375 0.994444 0.0421875 0.991667 0.0421875 0.988889 0.0515625 0.975 0.142188 0.994444 0.142188 1 0.382812 1 0.382812 0.991667 0.38125 0.988889 0.38125 0.977778 0.379687 0.975 0.379687 0.972222 0.376563 0.966667 0.376563 0.963889 0.373437 0.958333 0.373437 0.955556 0.370313 0.95 0.370313 0.947222 0.36875 0.944444 0.36875 0.938889 0.367188 0.936111 0.367188 0.919444 0.365625 0.916667 0.365625 0.902778 0.364062 0.9 0.364062 0.894444 0.3625 0.891667 0.3625 0.886111 0.360938 0.883333 0.360938 0.880556 0.359375 0.877778 0.359375 0.875 0.35 0.858333 0.348437 0.858333 0.346875 0.855556 0.345313 0.855556 0.34375 0.852778 0.342187 0.852778 0.340625 0.85 0.339063 0.85 0.329688 0.833333 0.329688 0.830556 0.326562 0.825 0.328125 0.822222 0.328125 0.813889 0.329688 0.811111 0.329688 0.808333 0.33125 0.805556 0.33125 0.8 0.332812 0.797222 0.332812 0.794444 0.334375 0.791667 0.334375 0.788889 0.3375 0.783333 0.3375 0.780556 0.339063 0.777778 0.339063 0.772222 0.342187 0.766667 0.342187 0.763889 0.345313 0.758333 0.345313 0.755556 0.348437 0.75 0.348437 0.747222 0.35 0.744444 0.35 0.741667 0.351562 0.738889 0.351562 0.736111 0.354688 0.730556 0.354688 0.727778 0.357812 0.722222 0.357812 0.719444 0.375 0.688889 0.375 0.686111 0.378125 0.680556 0.378125 0.677778 0.379687 0.675 0.379687 0.672222 0.38125 0.669444 0.38125 0.633333 0.379687 0.630556 0.379687 0.616667 0.3375 0.616667 0.3375 0.625 0.334375 0.630556 0.332812 0.630556 0.325 0.644444 0.325 0.647222 0.320312 0.655556 0.320312 0.658333 0.307813 0.680556 0.30625 0.680556 0.3 0.691667 0.3 0.694444 0.295312 0.702778 0.295312 0.705556 0.292188 0.711111 0.292188 0.713889 0.2875 0.722222 0.2875 0.725 0.284375 0.730556 0.284375 0.733333 0.28125 0.738889 0.28125 0.741667 0.279687 0.744444 0.279687 0.747222 0.278125 0.75 0.278125 0.752778 0.275 0.758333 0.275 0.761111 0.259375 0.788889 0.257812 0.788889 0.253125 0.797222 0.251563 0.797222 0.245312 0.808333 0.24375 0.808333 0.239063 0.816667 0.2375 0.816667 0.235938 0.819444 0.234375 0.819444 0.23125 0.825 0.229687 0.825 0.228125 0.827778 0.225 0.827778 0.223438 0.830556 0.221875 0.830556 0.220313 0.833333 0.21875 0.833333 0.215625 0.838889 0.214062 0.838889 0.2125 0.841667 0.210938 0.841667 0.207813 0.847222 0.20625 0.847222 0.204688 0.85 0.203125 0.85 0.196875 0.861111 0.195312 0.861111 0.170312 0.905556 0.170312 0.908333 0.167187 0.913889 0.167187 0.916667 0.164062 0.922222 0.164062 0.925 0.1625 0.927778 0.1625 0.930556 0.160938 0.933333 0.160938 0.936111 0.157813 0.941667 0.157813 0.944444 0.15625 0.947222 0.15625 0.95 0.154687 0.952778 0.154687 0.955556 0.153125 0.958333 0.153125 0.961111 0.151562 0.963889 0.151562 0.966667 0.15 0.969444 0.15 0.972222 0.148438 0.975 0.148438 0.980556 0.146875 0.983333 0.146875 0.986111 0.142188 0.994444 0.0515625 0.975 0.0515625 0.972222 0.0515625 0.975 0.293068
67 0.160938 0.0388889 0.160938 0.0638889 0.159375 0.0666667 0.159375 0.130556 0.157813 0.133333 0.157813 0.172222 0.15625 0.175 0.15625 0.269444 0.154687 0.272222 0.154687 0.327778 0.153125 0.330556 0.153125 0.377778 0.151562 0.380556 0.151562 0.436111 0.15 0.438889 0.151562 0.441667 0.151562 0.45 0.15 0.452778 0.15 0.538889 0.148438 0.541667 0.148438 0.555556 0.15 0.558333 0.15 0.563889 0.148438 0.566667 0.148438 0.591667 0.146875 0.594444 0.146875 0.613889 0.145313 0.616667 0.145313 0.630556 0.14375 0.633333 0.14375 0.647222 0.142188 0.65 0.142188 0.669444 0.140625 0.672222 0.140625 0.686111 0.139062 0.688889 0.134375 0.688889 0.134375 0.783333 0.139062 0.783333 0.142188 0.788889 0.142188 0.794444 0.14375 0.797222 0.14375 0.8 0.145313 0.802778 0.145313 0.805556 0.146875 0.808333 0.146875 0.811111 0.15 0.816667 0.15 0.819444 0.153125 0.825 0.153125 0.827778 0.157813 0.836111 0.157813 0.838889 0.159375 0.841667 0.159375 0.844444 0.1625 0.85 0.164062 0.85 0.165625 0.852778 0.165625 0.855556 0.171875 0.866667 0.18125 0.866667 0.182812 0.869444 0.184375 0.866667 0.185937 0.866667 0.189063 0.861111 0.190625 0.861111 0.19375 0.855556 0.195312 0.855556 0.198437 0.85 0.201562 0.85 0.207813 0.838889 0.209375 0.838889 0.210938 0.836111 0.2125 0.836111 0.215625 0.830556 0.217187 0.830556 0.21875 0.827778 0.221875 0.827778 0.223438 0.825 0.226562 0.825 0.23125 0.816667 0.232812 0.816667 0.234375 0.813889 0.235938 0.813889 0.239063 0.808333 0.240625 0.808333 0.25 0.791667 0.251563 0.791667 0.253125 0.788889 0.253125 0.786111 0.254687 0.783333 0.25625 0.783333 0.260938 0.775 0.2625 0.775 0.264062 0.772222 0.265625 0.772222 0.275 0.755556 0.275 0.752778 0.276563 0.75 0.276563 0.747222 0.278125 0.744444 0.278125 0.741667 0.28125 0.736111 0.28125 0.733333 0.284375 0.727778 0.284375 0.725 0.292188 0.711111 0.292188 0.708333 0.296875 0.7 0.296875 0.697222 0.301562 0.688889 0.301562 0.686111 0.3125 0.666667 0.314063 0.666667 0.314063 0.663889 0.321875 0.65 0.321875 0.647222 0.326562 0.638889 0.328125 0.638889 0.334375 0.627778 0.3375 0.627778 0.339063 0.625 0.340625 0.625 0.34375 0.619444 0.345313 0.619444 0.346875 0.616667 0.351562 0.616667 0.353125 0.613889 0.360938 0.613889 0.3625 0.611111 0.365625 0.611111 0.367188 0.613889 0.370313 0.613889 0.371875 0.616667 0.373437 0.616667 0.375 0.619444 0.376563 0.619444 0.38125 0.627778 0.38125 0.630556 0.382812 0.633333 0.382812 0.669444 0.38125 0.672222 0.38125 0.675 0.379687 0.677778 0.379687 0.680556 0.376563 0.686111 0.376563 0.688889 0.373437 0.694444 0.371875 0.694444 0.371875 0.697222 0.365625 0.708333 0.365625 0.711111 0.357812 0.725 0.357812 0.727778 0.35625 0.730556 0.35625 0.733333 0.354688 0.736111 0.354688 0.738889 0.353125 0.741667 0.353125 0.747222 0.351562 0.75 0.351562 0.752778 0.348437 0.758333 0.346875 0.758333 0.346875 0.763889 0.345313 0.766667 0.345313 0.769444 0.342187 0.775 0.342187 0.777778 0.340625 0.780556 0.340625 0.791667 0.339063 0.794444 0.3375 0.794444 0.3375 0.808333 0.335938 0.811111 0.335938 0.827778 0.3375 0.830556 0.3375 0.836111 0.340625 0.841667 0.342187 0.841667 0.345313 0.847222 0.346875 0.847222 0.348437 0.85 0.35 0.85 0.353125 0.855556 0.353125 0.858333 0.354688 0.858333 0.359375 0.866667 0.359375 0.869444 0.360938 0.869444 0.364062 0.875 0.364062 0.880556 0.365625 0.883333 0.365625 0.886111 0.367188 0.888889 0.36875 0.888889 0.370313 0.891667 0.373437 0.891667 0.375 0.894444 0.376563 0.894444 0.382812 0.905556 0.390625 0.905556 0.392188 0.908333 0.404687 0.908333 0.410937 0.919444 0.4125 0.919444 0.414062 0.922222 0.415625 0.922222 0.417188 0.925 0.420312 0.925 0.421875 0.927778 0.425 0.927778 0.426562 0.925 0.4375 0.925 0.439063 0.927778 0.453125 0.927778 0.454688 0.930556 0.459375 0.930556 0.460938 0.927778 0.479688 0.927778 0.48125 0.930556 0.495313 0.930556 0.496875 0.933333 0.507812 0.933333 0.509375 0.936111 0.515625 0.936111 0.517187 0.938889 0.523438 0.938889 0.525 0.941667 0.534375 0.941667 0.535937 0.944444 0.55 0.944444 0.551562 0.947222 0.564062 0.947222 0.565625 0.95 0.584375 0.95 0.585938 0.952778 0.603125 0.952778 0.604688 0.955556 0.617188 0.955556 0.61875 0.958333 0.623438 0.958333 0.625 0.961111 0.625 0.969444 0.854688 0.969444 0.854688 0.961111 0.857813 0.955556 0.859375 0.955556 0.860937 0.952778 0.864062 0.952778 0.867188 0.947222 0.86875 0.947222 0.871875 0.941667 0.873438 0.941667 0.875 0.938889 0.876562 0.938889 0.88125 0.930556 0.882812 0.930556 0.8875 0.922222 0.8875 0.919444 0.890625 0.913889 0.890625 0.883333 0.892187 0.880556 0.892187 0.833333 0.89375 0.830556 0.89375 0.788889 0.895312 0.786111 0.895312 0.766667 0.896875 0.763889 0.896875 0.755556 0.898438 0.752778 0.898438 0.727778 0.9 0.725 0.9 0.702778 0.901563 0.7 0.901563 0.691667 0.9 0.688889 0.9 0.563889 0.901563 0.561111 0.901563 0.522222 0.903125 0.519444 0.903125 0.483333 0.904688 0.480556 0.904688 0.447222 0.90625 0.444444 0.90625 0.413889 0.907812 0.411111 0.907812 0.355556 0.909375 0.352778 0.909375 0.316667 0.910937 0.313889 0.910937 0.291667 0.9125 0.288889 0.9125 0.272222 0.914062 0.269444 0.914062 0.263889 0.915625 0.261111 0.920313 0.261111 0.920313 0.0888889 0.914062 0.0888889 0.9125 0.0861111 0.910937 0.0861111 0.909375 0.0833333 0.904688 0.0833333 0.903125 0.0805556 0.882812 0.0805556 0.88125 0.0777778 0.865625 0.0777778 0.864062 0.075 0.839063 0.075 0.8375 0.0722222 0.804688 0.0722222 0.803125 0.0694444 0.8 0.0694444 0.798437 0.0722222 0.795313 0.0722222 0.79375 0.0694444 0.778125 0.0694444 0.776563 0.0666667 0.775 0.0694444 0.771875 0.0694444 0.770312 0.0666667 0.751562 0.0666667 0.75 0.0638889 0.667188 0.0638889 0.665625 0.0611111 0.664062 0.0611111 0.6625 0.0638889 0.65625 0.0638889 0.654688 0.0611111 0.626562 0.0611111 0.625 0.0583333 0.6 0.0583333 0.598437 0.0555556 0.554688 0.0555556 0.553125 0.0527778 0.54375 0.0527778 0.542188 0.0555556 0.539062 0.0555556 0.5375 0.0527778 0.53125 0.0527778 0.529688 0.0555556 0.520312 0.0555556 0.51875 0.0527778 0.470313 0.0527778 0.46875 0.05 0.457812 0.05 0.45625 0.0472222 0.45625 0.0388889 0.258515
0 0.345313 0.605556 0.345313 0.613889 0.342187 0.619444 0.340625 0.619444 0.334375 0.630556 0.332812 0.630556 0.323438 0.647222 0.323438 0.65 0.31875 0.658333 0.31875 0.661111 0.307813 0.680556 0.30625 0.680556 0.3 0.691667 0.3 0.694444 0.29375 0.705556 0.29375 0.708333 0.290625 0.713889 0.290625 0.716667 0.2875 0.722222 0.2875 0.725 0.284375 0.730556 0.284375 0.733333 0.282813 0.736111 0.282813 0.738889 0.279687 0.744444 0.279687 0.747222 0.278125 0.75 0.278125 0.752778 0.275 0.758333 0.275 0.761111 0.259375 0.788889 0.257812 0.788889 0.253125 0.797222 0.251563 0.797222 0.245312 0.808333 0.24375 0.808333 0.239063 0.816667 0.2375 0.816667 0.235938 0.819444 0.234375 0.819444 0.23125 0.825 0.229687 0.825 0.228125 0.827778 0.225 0.827778 0.223438 0.830556 0.221875 0.830556 0.220313 0.833333 0.21875 0.833333 0.215625 0.838889 0.214062 0.838889 0.2125 0.841667 0.210938 0.841667 0.207813 0.847222 0.20625 0.847222 0.204688 0.85 0.203125 0.85 0.196875 0.861111 0.195312 0.861111 0.173438 0.9 0.173438 0.902778 0.16875 0.911111 0.16875 0.913889 0.165625 0.919444 0.165625 0.922222 0.1625 0.927778 0.1625 0.930556 0.160938 0.933333 0.160938 0.936111 0.159375 0.938889 0.159375 0.941667 0.157813 0.944444 0.157813 0.947222 0.15625 0.95 0.15625 0.952778 0.154687 0.955556 0.154687 0.958333 0.151562 0.963889 0.146875 0.963889 0.146875 1 0.382812 1 0.382812 0.991667 0.38125 0.988889 0.38125 0.980556 0.379687 0.977778 0.379687 0.975 0.378125 0.972222 0.378125 0.969444 0.375 0.963889 0.375 0.961111 0.371875 0.955556 0.371875 0.952778 0.36875 0.947222 0.36875 0.938889 0.367188 0.936111 0.367188 0.919444 0.365625 0.916667 0.365625 0.902778 0.364062 0.9 0.364062 0.894444 0.3625 0.891667 0.3625 0.886111 0.360938 0.883333 0.360938 0.880556 0.359375 0.877778 0.359375 0.875 0.35625 0.869444 0.35625 0.866667 0.354688 0.863889 0.353125 0.863889 0.35 0.858333 0.348437 0.858333 0.346875 0.855556 0.345313 0.855556 0.34375 0.852778 0.342187 0.852778 0.340625 0.85 0.339063 0.85 0.329688 0.833333 0.329688 0.830556 0.328125 0.827778 0.328125 0.813889 0.329688 0.811111 0.329688 0.808333 0.33125 0.805556 0.33125 0.8 0.332812 0.797222 0.332812 0.791667 0.3375 0.783333 0.3375 0.780556 0.339063 0.777778 0.339063 0.772222 0.342187 0.766667 0.342187 0.763889 0.34375 0.761111 0.34375 0.758333 0.346875 0.752778 0.346875 0.75 0.35 0.744444 0.35 0.741667 0.351562 0.738889 0.351562 0.736111 0.353125 0.733333 0.353125 0.730556 0.359375 0.719444 0.359375 0.716667 0.376563 0.686111 0.376563 0.683333 0.379687 0.677778 0.379687 0.675 0.38125 0.672222 0.38125 0.663889 0.382812 0.661111 0.382812 0.638889 0.38125 0.636111 0.38125 0.630556 0.379687 0.627778 0.379687 0.625 0.378125 0.622222 0.376563 0.622222 0.375 0.619444 0.373437 0.619444 0.371875 0.616667 0.371875 0.605556 0.770772
62 0.160938 0.0388889 0.160938 0.0638889 0.159375 0.0666667 0.159375 0.130556 0.157813 0.133333 0.157813 0.172222 0.15625 0.175 0.15625 0.269444 0.154687 0.272222 0.154687 0.327778 0.153125 0.330556 0.153125 0.377778 0.151562 0.380556 0.151562 0.436111 0.15 0.438889 0.151562 0.441667 0.151562 0.45 0.15 0.452778 0.15 0.538889 0.148438 0.541667 0.148438 0.555556 0.15 0.558333 0.15 0.563889 0.148438 0.566667 0.148438 0.591667 0.146875 0.594444 0.146875 0.613889 0.145313 0.616667 0.145313 0.630556 0.14375 0.633333 0.14375 0.647222 0.142188 0.65 0.142188 0.669444 0.140625 0.672222 0.140625 0.686111 0.139062 0.688889 0.134375 0.688889 0.134375 0.783333 0.139062 0.783333 0.142188 0.788889 0.142188 0.794444 0.14375 0.797222 0.14375 0.8 0.145313 0.802778 0.145313 0.805556 0.146875 0.808333 0.146875 0.811111 0.15 0.816667 0.15 0.819444 0.153125 0.825 0.153125 0.827778 0.157813 0.836111 0.157813 0.838889 0.159375 0.841667 0.159375 0.844444 0.1625 0.85 0.164062 0.85 0.165625 0.852778 0.165625 0.855556 0.171875 0.866667 0.18125 0.866667 0.182812 0.869444 0.184375 0.866667 0.185937 0.866667 0.189063 0.861111 0.190625 0.861111 0.19375 0.855556 0.195312 0.855556 0.198437 0.85 0.201562 0.85 0.207813 0.838889 0.209375 0.838889 0.210938 0.836111 0.2125 0.836111 0.215625 0.830556 0.217187 0.830556 0.21875 0.827778 0.221875 0.827778 0.223438 0.825 0.226562 0.825 0.23125 0.816667 0.232812 0.816667 0.234375 0.813889 0.235938 0.813889 0.239063 0.808333 0.240625 0.808333 0.25 0.791667 0.251563 0.791667 0.253125 0.788889 0.253125 0.786111 0.254687 0.783333 0.25625 0.783333 0.260938 0.775 0.2625 0.775 0.264062 0.772222 0.265625 0.772222 0.275 0.755556 0.275 0.752778 0.276563 0.75 0.276563 0.747222 0.278125 0.744444 0.278125 0.741667 0.28125 0.736111 0.28125 0.733333 0.284375 0.727778 0.284375 0.725 0.292188 0.711111 0.292188 0.708333 0.296875 0.7 0.296875 0.697222 0.301562 0.688889 0.301562 0.686111 0.3125 0.666667 0.314063 0.666667 0.314063 0.663889 0.321875 0.65 0.321875 0.647222 0.326562 0.638889 0.328125 0.638889 0.334375 0.627778 0.3375 0.627778 0.339063 0.625 0.340625 0.625 0.34375 0.619444 0.345313 0.619444 0.346875 0.616667 0.351562 0.616667 0.353125 0.613889 0.360938 0.613889 0.3625 0.611111 0.365625 0.611111 0.367188 0.613889 0.370313 0.613889 0.371875 0.616667 0.373437 0.616667 0.375 0.619444 0.376563 0.619444 0.38125 0.627778 0.38125 0.630556 0.382812 0.633333 0.382812 0.669444 0.38125 0.672222 0.38125 0.675 0.379687 0.677778 0.379687 0.680556 0.376563 0.686111 0.376563 0.688889 0.373437 0.694444 0.371875 0.694444 0.371875 0.697222 0.365625 0.708333 0.365625 0.711111 0.357812 0.725 0.357812 0.727778 0.35625 0.730556 0.35625 0.733333 0.354688 0.736111 0.354688 0.738889 0.353125 0.741667 0.353125 0.747222 0.351562 0.75 0.351562 0.752778 0.348437 0.758333 0.346875 0.758333 0.346875 0.763889 0.345313 0.766667 0.345313 0.769444 0.342187 0.775 0.342187 0.777778 0.340625 0.780556 0.340625 0.791667 0.339063 0.794444 0.3375 0.794444 0.3375 0.808333 0.335938 0.811111 0.335938 0.827778 0.3375 0.830556 0.3375 0.836111 0.340625 0.841667 0.342187 0.841667 0.345313 0.847222 0.346875 0.847222 0.348437 0.85 0.35 0.85 0.353125 0.855556 0.353125 0.858333 0.354688 0.858333 0.359375 0.866667 0.359375 0.869444 0.360938 0.869444 0.364062 0.875 0.364062 0.880556 0.365625 0.883333 0.365625 0.886111 0.367188 0.888889 0.36875 0.888889 0.370313 0.891667 0.373437 0.891667 0.375 0.894444 0.376563 0.894444 0.382812 0.905556 0.390625 0.905556 0.392188 0.908333 0.404687 0.908333 0.410937 0.919444 0.4125 0.919444 0.414062 0.922222 0.415625 0.922222 0.417188 0.925 0.420312 0.925 0.421875 0.927778 0.425 0.927778 0.426562 0.925 0.4375 0.925 0.439063 0.927778 0.453125 0.927778 0.454688 0.930556 0.459375 0.930556 0.460938 0.927778 0.479688 0.927778 0.48125 0.930556 0.495313 0.930556 0.496875 0.933333 0.507812 0.933333 0.509375 0.936111 0.515625 0.936111 0.517187 0.938889 0.523438 0.938889 0.525 0.941667 0.534375 0.941667 0.535937 0.944444 0.55 0.944444 0.551562 0.947222 0.564062 0.947222 0.565625 0.95 0.584375 0.95 0.585938 0.952778 0.603125 0.952778 0.604688 0.955556 0.617188 0.955556 0.61875 0.958333 0.623438 0.958333 0.625 0.961111 0.625 0.969444 0.854688 0.969444 0.854688 0.961111 0.857813 0.955556 0.859375 0.955556 0.860937 0.952778 0.864062 0.952778 0.867188 0.947222 0.86875 0.947222 0.871875 0.941667 0.873438 0.941667 0.875 0.938889 0.876562 0.938889 0.88125 0.930556 0.882812 0.930556 0.8875 0.922222 0.8875 0.919444 0.890625 0.913889 0.890625 0.883333 0.892187 0.880556 0.892187 0.833333 0.89375 0.830556 0.89375 0.788889 0.895312 0.786111 0.895312 0.766667 0.896875 0.763889 0.896875 0.755556 0.898438 0.752778 0.898438 0.727778 0.9 0.725 0.9 0.702778 0.901563 0.7 0.901563 0.691667 0.9 0.688889 0.9 0.563889 0.901563 0.561111 0.901563 0.522222 0.903125 0.519444 0.903125 0.483333 0.904688 0.480556 0.904688 0.447222 0.90625 0.444444 0.90625 0.413889 0.907812 0.411111 0.907812 0.355556 0.909375 0.352778 0.909375 0.316667 0.910937 0.313889 0.910937 0.291667 0.9125 0.288889 0.9125 0.272222 0.914062 0.269444 0.914062 0.263889 0.915625 0.261111 0.920313 0.261111 0.920313 0.0888889 0.914062 0.0888889 0.9125 0.0861111 0.910937 0.0861111 0.909375 0.0833333 0.904688 0.0833333 0.903125 0.0805556 0.882812 0.0805556 0.88125 0.0777778 0.865625 0.0777778 0.864062 0.075 0.839063 0.075 0.8375 0.0722222 0.804688 0.0722222 0.803125 0.0694444 0.8 0.0694444 0.798437 0.0722222 0.795313 0.0722222 0.79375 0.0694444 0.778125 0.0694444 0.776563 0.0666667 0.775 0.0694444 0.771875 0.0694444 0.770312 0.0666667 0.751562 0.0666667 0.75 0.0638889 0.667188 0.0638889 0.665625 0.0611111 0.664062 0.0611111 0.6625 0.0638889 0.65625 0.0638889 0.654688 0.0611111 0.626562 0.0611111 0.625 0.0583333 0.6 0.0583333 0.598437 0.0555556 0.554688 0.0555556 0.553125 0.0527778 0.54375 0.0527778 0.542188 0.0555556 0.539062 0.0555556 0.5375 0.0527778 0.53125 0.0527778 0.529688 0.0555556 0.520312 0.0555556 0.51875 0.0527778 0.470313 0.0527778 0.46875 0.05 0.457812 0.05 0.45625 0.0472222 0.45625 0.0388889 0.413414
62 0.003125 0.216667 0.003125 0.683333 0.009375 0.683333 0.0109375 0.686111 0.0109375 0.688889 0.0171875 0.7 0.0171875 0.702778 0.01875 0.705556 0.01875 0.711111 0.021875 0.716667 0.021875 0.722222 0.0203125 0.725 0.0203125 0.736111 0.0171875 0.741667 0.0171875 0.747222 0.015625 0.75 0.015625 0.755556 0.0125 0.761111 0.0125 0.763889 0.0109375 0.766667 0.0109375 0.769444 0.0078125 0.775 0.003125 0.775 0.003125 0.802778 0.104687 0.802778 0.104687 0.794444 0.107813 0.788889 0.126563 0.788889 0.126563 0.711111 0.11875 0.711111 0.117188 0.708333 0.114063 0.708333 0.110937 0.702778 0.110937 0.697222 0.107813 0.691667 0.107813 0.686111 0.10625 0.683333 0.10625 0.619444 0.107813 0.616667 0.107813 0.602778 0.109375 0.6 0.109375 0.591667 0.110937 0.588889 0.110937 0.580556 0.1125 0.577778 0.1125 0.566667 0.114063 0.563889 0.114063 0.472222 0.1125 0.469444 0.1125 0.45 0.110937 0.447222 0.110937 0.436111 0.1125 0.433333 0.1125 0.422222 0.114063 0.419444 0.114063 0.416667 0.115625 0.413889 0.115625 0.408333 0.117188 0.405556 0.117188 0.4 0.11875 0.397222 0.11875 0.316667 0.117188 0.313889 0.11875 0.311111 0.11875 0.252778 0.120312 0.25 0.11875 0.247222 0.11875 0.244444 0.117188 0.241667 0.117188 0.238889 0.114063 0.233333 0.1125 0.233333 0.110937 0.230556 0.109375 0.230556 0.10625 0.225 0.10625 0.216667 0.341347
0 0.0421875 0.988889 0.040625 0.988889 0.0390625 0.986111 0.0375 0.986111 0.034375 0.980556 0.034375 0.977778 0.028125 0.988889 0.0265625 0.988889 0.021875 0.980556 0.021875 0.977778 0.0203125 0.977778 0.0140625 0.988889 0.009375 0.988889 0.009375 1 0.04375 1 0.04375 0.994444 0.0421875 0.991667 0.0421875 0.988889 0.0515625 0.975 0.142188 0.994444 0.142188 1 0.382812 1 0.382812 0.991667 0.38125 0.988889 0.38125 0.977778 0.379687 0.975 0.379687 0.972222 0.376563 0.966667 0.376563 0.963889 0.373437 0.958333 0.373437 0.955556 0.370313 0.95 0.370313 0.947222 0.36875 0.944444 0.36875 0.938889 0.367188 0.936111 0.367188 0.919444 0.365625 0.916667 0.365625 0.902778 0.364062 0.9 0.364062 0.894444 0.3625 0.891667 0.3625 0.886111 0.360938 0.883333 0.360938 0.880556 0.359375 0.877778 0.359375 0.875 0.35 0.858333 0.348437 0.858333 0.346875 0.855556 0.345313 0.855556 0.34375 0.852778 0.342187 0.852778 0.340625 0.85 0.339063 0.85 0.329688 0.833333 0.329688 0.830556 0.326562 0.825 0.328125 0.822222 0.328125 0.813889 0.329688 0.811111 0.329688 0.808333 0.33125 0.805556 0.33125 0.8 0.332812 0.797222 0.332812 0.794444 0.334375 0.791667 0.334375 0.788889 0.3375 0.783333 0.3375 0.780556 0.339063 0.777778 0.339063 0.772222 0.342187 0.766667 0.342187 0.763889 0.345313 0.758333 0.345313 0.755556 0.348437 0.75 0.348437 0.747222 0.35 0.744444 0.35 0.741667 0.351562 0.738889 0.351562 0.736111 0.354688 0.730556 0.354688 0.727778 0.357812 0.722222 0.357812 0.719444 0.375 0.688889 0.375 0.686111 0.378125 0.680556 0.378125 0.677778 0.379687 0.675 0.379687 0.672222 0.38125 0.669444 0.38125 0.633333 0.379687 0.630556 0.379687 0.616667 0.3375 0.616667 0.3375 0.625 0.334375 0.630556 0.332812 0.630556 0.325 0.644444 0.325 0.647222 0.320312 0.655556 0.320312 0.658333 0.307813 0.680556 0.30625 0.680556 0.3 0.691667 0.3 0.694444 0.295312 0.702778 0.295312 0.705556 0.292188 0.711111 0.292188 0.713889 0.2875 0.722222 0.2875 0.725 0.284375 0.730556 0.284375 0.733333 0.28125 0.738889 0.28125 0.741667 0.279687 0.744444 0.279687 0.747222 0.278125 0.75 0.278125 0.752778 0.275 0.758333 0.275 0.761111 0.259375 0.788889 0.257812 0.788889 0.253125 0.797222 0.251563 0.797222 0.245312 0.808333 0.24375 0.808333 0.239063 0.816667 0.2375 0.816667 0.235938 0.819444 0.234375 0.819444 0.23125 0.825 0.229687 0.825 0.228125 0.827778 0.225 0.827778 0.223438 0.830556 0.221875 0.830556 0.220313 0.833333 0.21875 0.833333 0.215625 0.838889 0.214062 0.838889 0.2125 0.841667 0.210938 0.841667 0.207813 0.847222 0.20625 0.847222 0.204688 0.85 0.203125 0.85 0.196875 0.861111 0.195312 0.861111 0.170312 0.905556 0.170312 0.908333 0.167187 0.913889 0.167187 0.916667 0.164062 0.922222 0.164062 0.925 0.1625 0.927778 0.1625 0.930556 0.160938 0.933333 0.160938 0.936111 0.157813 0.941667 0.157813 0.944444 0.15625 0.947222 0.15625 0.95 0.154687 0.952778 0.154687 0.955556 0.153125 0.958333 0.153125 0.961111 0.151562 0.963889 0.151562 0.966667 0.15 0.969444 0.15 0.972222 0.148438 0.975 0.148438 0.980556 0.146875 0.983333 0.146875 0.986111 0.142188 0.994444 0.0515625 0.975 0.0515625 0.972222 0.0515625 0.975 0.293068
67 0.160938 0.0388889 0.160938 0.0638889 0.159375 0.0666667 0.159375 0.130556 0.157813 0.133333 0.157813 0.172222 0.15625 0.175 0.15625 0.269444 0.154687 0.272222 0.154687 0.327778 0.153125 0.330556 0.153125 0.377778 0.151562 0.380556 0.151562 0.436111 0.15 0.438889 0.151562 0.441667 0.151562 0.45 0.15 0.452778 0.15 0.538889 0.148438 0.541667 0.148438 0.555556 0.15 0.558333 0.15 0.563889 0.148438 0.566667 0.148438 0.591667 0.146875 0.594444 0.146875 0.613889 0.145313 0.616667 0.145313 0.630556 0.14375 0.633333 0.14375 0.647222 0.142188 0.65 0.142188 0.669444 0.140625 0.672222 0.140625 0.686111 0.139062 0.688889 0.134375 0.688889 0.134375 0.783333 0.139062 0.783333 0.142188 0.788889 0.142188 0.794444 0.14375 0.797222 0.14375 0.8 0.145313 0.802778 0.145313 0.805556 0.146875 0.808333 0.146875 0.811111 0.15 0.816667 0.15 0.819444 0.153125 0.825 0.153125 0.827778 0.157813 0.836111 0.157813 0.838889 0.159375 0.841667 0.159375 0.844444 0.1625 0.85 0.164062 0.85 0.165625 0.852778 0.165625 0.855556 0.171875 0.866667 0.18125 0.866667 0.182812 0.869444 0.184375 0.866667 0.185937 0.866667 0.189063 0.861111 0.190625 0.861111 0.19375 0.855556 0.195312 0.855556 0.198437 0.85 0.201562 0.85 0.207813 0.838889 0.209375 0.838889 0.210938 0.836111 0.2125 0.836111 0.215625 0.830556 0.217187 0.830556 0.21875 0.827778 0.221875 0.827778 0.223438 0.825 0.226562 0.825 0.23125 0.816667 0.232812 0.816667 0.234375 0.813889 0.235938 0.813889 0.239063 0.808333 0.240625 0.808333 0.25 0.791667 0.251563 0.791667 0.253125 0.788889 0.253125 0.786111 0.254687 0.783333 0.25625 0.783333 0.260938 0.775 0.2625 0.775 0.264062 0.772222 0.265625 0.772222 0.275 0.755556 0.275 0.752778 0.276563 0.75 0.276563 0.747222 0.278125 0.744444 0.278125 0.741667 0.28125 0.736111 0.28125 0.733333 0.284375 0.727778 0.284375 0.725 0.292188 0.711111 0.292188 0.708333 0.296875 0.7 0.296875 0.697222 0.301562 0.688889 0.301562 0.686111 0.3125 0.666667 0.314063 0.666667 0.314063 0.663889 0.321875 0.65 0.321875 0.647222 0.326562 0.638889 0.328125 0.638889 0.334375 0.627778 0.3375 0.627778 0.339063 0.625 0.340625 0.625 0.34375 0.619444 0.345313 0.619444 0.346875 0.616667 0.351562 0.616667 0.353125 0.613889 0.360938 0.613889 0.3625 0.611111 0.365625 0.611111 0.367188 0.613889 0.370313 0.613889 0.371875 0.616667 0.373437 0.616667 0.375 0.619444 0.376563 0.619444 0.38125 0.627778 0.38125 0.630556 0.382812 0.633333 0.382812 0.669444 0.38125 0.672222 0.38125 0.675 0.379687 0.677778 0.379687 0.680556 0.376563 0.686111 0.376563 0.688889 0.373437 0.694444 0.371875 0.694444 0.371875 0.697222 0.365625 0.708333 0.365625 0.711111 0.357812 0.725 0.357812 0.727778 0.35625 0.730556 0.35625 0.733333 0.354688 0.736111 0.354688 0.738889 0.353125 0.741667 0.353125 0.747222 0.351562 0.75 0.351562 0.752778 0.348437 0.758333 0.346875 0.758333 0.346875 0.763889 0.345313 0.766667 0.345313 0.769444 0.342187 0.775 0.342187 0.777778 0.340625 0.780556 0.340625 0.791667 0.339063 0.794444 0.3375 0.794444 0.3375 0.808333 0.335938 0.811111 0.335938 0.827778 0.3375 0.830556 0.3375 0.836111 0.340625 0.841667 0.342187 0.841667 0.345313 0.847222 0.346875 0.847222 0.348437 0.85 0.35 0.85 0.353125 0.855556 0.353125 0.858333 0.354688 0.858333 0.359375 0.866667 0.359375 0.869444 0.360938 0.869444 0.364062 0.875 0.364062 0.880556 0.365625 0.883333 0.365625 0.886111 0.367188 0.888889 0.36875 0.888889 0.370313 0.891667 0.373437 0.891667 0.375 0.894444 0.376563 0.894444 0.382812 0.905556 0.390625 0.905556 0.392188 0.908333 0.404687 0.908333 0.410937 0.919444 0.4125 0.919444 0.414062 0.922222 0.415625 0.922222 0.417188 0.925 0.420312 0.925 0.421875 0.927778 0.425 0.927778 0.426562 0.925 0.4375 0.925 0.439063 0.927778 0.453125 0.927778 0.454688 0.930556 0.459375 0.930556 0.460938 0.927778 0.479688 0.927778 0.48125 0.930556 0.495313 0.930556 0.496875 0.933333 0.507812 0.933333 0.509375 0.936111 0.515625 0.936111 0.517187 0.938889 0.523438 0.938889 0.525 0.941667 0.534375 0.941667 0.535937 0.944444 0.55 0.944444 0.551562 0.947222 0.564062 0.947222 0.565625 0.95 0.584375 0.95 0.585938 0.952778 0.603125 0.952778 0.604688 0.955556 0.617188 0.955556 0.61875 0.958333 0.623438 0.958333 0.625 0.961111 0.625 0.969444 0.854688 0.969444 0.854688 0.961111 0.857813 0.955556 0.859375 0.955556 0.860937 0.952778 0.864062 0.952778 0.867188 0.947222 0.86875 0.947222 0.871875 0.941667 0.873438 0.941667 0.875 0.938889 0.876562 0.938889 0.88125 0.930556 0.882812 0.930556 0.8875 0.922222 0.8875 0.919444 0.890625 0.913889 0.890625 0.883333 0.892187 0.880556 0.892187 0.833333 0.89375 0.830556 0.89375 0.788889 0.895312 0.786111 0.895312 0.766667 0.896875 0.763889 0.896875 0.755556 0.898438 0.752778 0.898438 0.727778 0.9 0.725 0.9 0.702778 0.901563 0.7 0.901563 0.691667 0.9 0.688889 0.9 0.563889 0.901563 0.561111 0.901563 0.522222 0.903125 0.519444 0.903125 0.483333 0.904688 0.480556 0.904688 0.447222 0.90625 0.444444 0.90625 0.413889 0.907812 0.411111 0.907812 0.355556 0.909375 0.352778 0.909375 0.316667 0.910937 0.313889 0.910937 0.291667 0.9125 0.288889 0.9125 0.272222 0.914062 0.269444 0.914062 0.263889 0.915625 0.261111 0.920313 0.261111 0.920313 0.0888889 0.914062 0.0888889 0.9125 0.0861111 0.910937 0.0861111 0.909375 0.0833333 0.904688 0.0833333 0.903125 0.0805556 0.882812 0.0805556 0.88125 0.0777778 0.865625 0.0777778 0.864062 0.075 0.839063 0.075 0.8375 0.0722222 0.804688 0.0722222 0.803125 0.0694444 0.8 0.0694444 0.798437 0.0722222 0.795313 0.0722222 0.79375 0.0694444 0.778125 0.0694444 0.776563 0.0666667 0.775 0.0694444 0.771875 0.0694444 0.770312 0.0666667 0.751562 0.0666667 0.75 0.0638889 0.667188 0.0638889 0.665625 0.0611111 0.664062 0.0611111 0.6625 0.0638889 0.65625 0.0638889 0.654688 0.0611111 0.626562 0.0611111 0.625 0.0583333 0.6 0.0583333 0.598437 0.0555556 0.554688 0.0555556 0.553125 0.0527778 0.54375 0.0527778 0.542188 0.0555556 0.539062 0.0555556 0.5375 0.0527778 0.53125 0.0527778 0.529688 0.0555556 0.520312 0.0555556 0.51875 0.0527778 0.470313 0.0527778 0.46875 0.05 0.457812 0.05 0.45625 0.0472222 0.45625 0.0388889 0.258515
