2 0.501562 0.383333 0.501562 0.394444 0.5 0.397222 0.498437 0.397222 0.495313 0.402778 0.489062 0.402778 0.4875 0.405556 0.479688 0.405556 0.478125 0.408333 0.476562 0.408333 0.475 0.411111 0.473437 0.411111 0.471875 0.413889 0.465625 0.413889 0.465625 0.480556 0.470313 0.480556 0.473437 0.486111 0.475 0.486111 0.476562 0.488889 0.482812 0.488889 0.485938 0.483333 0.4875 0.483333 0.492188 0.475 0.49375 0.475 0.495313 0.472222 0.501562 0.472222 0.503125 0.475 0.507812 0.475 0.509375 0.477778 0.521875 0.477778 0.526563 0.486111 0.526563 0.488889 0.529688 0.494444 0.53125 0.494444 0.532812 0.497222 0.534375 0.497222 0.535937 0.5 0.540625 0.5 0.54375 0.494444 0.54375 0.491667 0.545313 0.488889 0.545313 0.486111 0.551562 0.475 0.5625 0.475 0.564062 0.472222 0.565625 0.475 0.567187 0.475 0.570312 0.480556 0.570312 0.483333 0.573438 0.488889 0.575 0.488889 0.576563 0.491667 0.578125 0.491667 0.58125 0.486111 0.582812 0.486111 0.584375 0.483333 0.589063 0.483333 0.589063 0.413889 0.582812 0.413889 0.579687 0.408333 0.579687 0.405556 0.578125 0.402778 0.578125 0.4 0.575 0.394444 0.575 0.383333 0.634972
0 0.534375 0.65 0.534375 0.658333 0.529688 0.666667 0.528125 0.666667 0.525 0.672222 0.520312 0.672222 0.51875 0.675 0.514063 0.675 0.5125 0.677778 0.509375 0.677778 0.507812 0.680556 0.504687 0.680556 0.503125 0.683333 0.501562 0.683333 0.5 0.686111 0.496875 0.686111 0.495313 0.688889 0.490625 0.688889 0.489062 0.691667 0.484375 0.691667 0.482812 0.694444 0.478125 0.694444 0.476562 0.697222 0.473437 0.697222 0.471875 0.7 0.470313 0.7 0.46875 0.702778 0.467187 0.702778 0.465625 0.705556 0.460938 0.705556 0.459375 0.708333 0.45625 0.708333 0.454688 0.711111 0.453125 0.711111 0.451562 0.713889 0.45 0.713889 0.448438 0.716667 0.446875 0.716667 0.432813 0.741667 0.43125 0.741667 0.428125 0.747222 0.425 0.747222 0.423438 0.75 0.417188 0.75 0.415625 0.752778 0.404687 0.752778 0.403125 0.755556 0.392188 0.755556 0.390625 0.758333 0.384375 0.758333 0.382812 0.761111 0.379687 0.761111 0.375 0.769444 0.373437 0.769444 0.367188 0.780556 0.365625 0.780556 0.364062 0.783333 0.364062 0.786111 0.360938 0.791667 0.360938 0.794444 0.359375 0.797222 0.359375 0.8 0.357812 0.802778 0.357812 0.805556 0.35625 0.808333 0.35625 0.816667 0.354688 0.819444 0.354688 0.825 0.353125 0.827778 0.353125 0.833333 0.351562 0.836111 0.346875 0.836111 0.346875 0.941667 0.351562 0.941667 0.354688 0.947222 0.354688 0.95 0.35625 0.952778 0.35625 0.955556 0.357812 0.958333 0.357812 0.961111 0.359375 0.963889 0.359375 0.966667 0.360938 0.969444 0.360938 0.972222 0.3625 0.975 0.3625 0.977778 0.364062 0.980556 0.364062 0.983333 0.365625 0.986111 0.365625 0.988889 0.367188 0.991667 0.367188 1 0.609375 1 0.609375 0.986111 0.607813 0.983333 0.607813 0.980556 0.609375 0.977778 0.609375 0.963889 0.610937 0.961111 0.610937 0.95 0.6125 0.947222 0.6125 0.913889 0.610937 0.911111 0.610937 0.902778 0.609375 0.9 0.609375 0.897222 0.607813 0.894444 0.607813 0.891667 0.60625 0.888889 0.60625 0.880556 0.604688 0.877778 0.604688 0.855556 0.60625 0.852778 0.60625 0.838889 0.607813 0.836111 0.607813 0.819444 0.609375 0.816667 0.607813 0.813889 0.607813 0.811111 0.60625 0.808333 0.60625 0.805556 0.604688 0.802778 0.604688 0.8 0.603125 0.797222 0.603125 0.794444 0.601562 0.791667 0.601562 0.788889 0.595312 0.777778 0.59375 0.777778 0.592188 0.775 0.590625 0.775 0.579687 0.755556 0.579687 0.752778 0.578125 0.75 0.578125 0.733333 0.579687 0.730556 0.579687 0.705556 0.578125 0.702778 0.578125 0.694444 0.576563 0.691667 0.576563 0.688889 0.575 0.686111 0.575 0.683333 0.573438 0.680556 0.573438 0.677778 0.5625 0.658333 0.5625 0.65 0.4892
67 0.267188 0.961111 0.267188 0.969444 0.275 0.969444 0.275 0.961111 0.273438 0.961111 0.271875 0.958333 0.270312 0.958333 0.26875 0.961111 0.267188 0.961111 0.2625 0.961111 0.576563 0.0361111 0.578125 0.0361111 0.590625 0.05 0.557813 0.05 0.554688 0.0444444 0.554688 0.0416667 0.553125 0.0388889 0.553125 0.0277778 0.551562 0.0277778 0.551562 0.0388889 0.55 0.0416667 0.548437 0.0416667 0.546875 0.0444444 0.54375 0.0444444 0.540625 0.0388889 0.540625 0.0277778 0.539062 0.0277778 0.539062 0.0388889 0.5375 0.0416667 0.528125 0.0416667 0.525 0.0472222 0.520312 0.0472222 0.51875 0.0444444 0.517187 0.0444444 0.515625 0.0416667 0.514063 0.0416667 0.5125 0.0444444 0.504687 0.0444444 0.503125 0.0416667 0.501562 0.0416667 0.5 0.0444444 0.465625 0.0444444 0.464063 0.0416667 0.451562 0.0416667 0.45 0.0388889 0.4375 0.0388889 0.435937 0.0361111 0.435937 0.0277778 0.1625 0.0277778 0.1625 0.0416667 0.160938 0.0444444 0.160938 0.0472222 0.159375 0.05 0.159375 0.075 0.157813 0.0777778 0.157813 0.0833333 0.159375 0.0861111 0.159375 0.102778 0.157813 0.105556 0.157813 0.158333 0.15625 0.161111 0.15625 0.230556 0.154687 0.233333 0.154687 0.305556 0.153125 0.308333 0.153125 0.327778 0.151562 0.330556 0.146875 0.330556 0.146875 0.830556 0.153125 0.830556 0.157813 0.838889 0.157813 0.841667 0.159375 0.844444 0.160938 0.844444 0.175 0.869444 0.176563 0.869444 0.18125 0.877778 0.182812 0.877778 0.184375 0.880556 0.185937 0.880556 0.1875 0.883333 0.19375 0.883333 0.195312 0.886111 0.201562 0.886111 0.203125 0.888889 0.210938 0.888889 0.2125 0.891667 0.217187 0.891667 0.21875 0.894444 0.223438 0.894444 0.225 0.897222 0.23125 0.897222 0.232812 0.9 0.240625 0.9 0.242188 0.902778 0.259375 0.902778 0.260938 0.905556 0.284375 0.905556 0.285937 0.908333 0.296875 0.908333 0.298438 0.911111 0.317187 0.911111 0.31875 0.913889 0.335938 0.913889 0.335938 0.908333 0.3375 0.905556 0.3375 0.902778 0.340625 0.897222 0.340625 0.886111 0.342187 0.883333 0.342187 0.866667 0.34375 0.863889 0.34375 0.858333 0.345313 0.855556 0.345313 0.852778 0.346875 0.85 0.346875 0.844444 0.348437 0.841667 0.348437 0.838889 0.35 0.836111 0.35 0.827778 0.351562 0.825 0.351562 0.819444 0.353125 0.816667 0.353125 0.805556 0.354688 0.802778 0.354688 0.8 0.35625 0.797222 0.35625 0.794444 0.367188 0.775 0.36875 0.775 0.373437 0.766667 0.375 0.766667 0.379687 0.758333 0.38125 0.758333 0.382812 0.755556 0.3875 0.755556 0.389062 0.752778 0.40625 0.752778 0.407813 0.75 0.415625 0.75 0.417188 0.747222 0.423438 0.747222 0.425 0.744444 0.428125 0.744444 0.43125 0.738889 0.432813 0.738889 0.442187 0.722222 0.44375 0.722222 0.446875 0.716667 0.448438 0.716667 0.45 0.713889 0.451562 0.713889 0.454688 0.708333 0.45625 0.708333 0.457812 0.705556 0.4625 0.705556 0.464063 0.702778 0.467187 0.702778 0.46875 0.7 0.470313 0.7 0.471875 0.697222 0.476562 0.697222 0.478125 0.694444 0.479688 0.694444 0.48125 0.691667 0.4875 0.691667 0.489062 0.688889 0.492188 0.688889 0.49375 0.686111 0.496875 0.686111 0.498437 0.683333 0.501562 0.683333 0.503125 0.680556 0.504687 0.680556 0.50625 0.677778 0.507812 0.677778 0.509375 0.675 0.510938 0.675 0.5125 0.672222 0.51875 0.672222 0.520312 0.669444 0.525 0.669444 0.526563 0.666667 0.528125 0.666667 0.529688 0.663889 0.53125 0.663889 0.534375 0.658333 0.535937 0.658333 0.5375 0.655556 0.540625 0.655556 0.542188 0.652778 0.553125 0.652778 0.554688 0.655556 0.559375 0.655556 0.560938 0.658333 0.5625 0.658333 0.564062 0.661111 0.565625 0.661111 0.567187 0.663889 0.56875 0.663889 0.573438 0.672222 0.573438 0.675 0.576563 0.680556 0.576563 0.683333 0.578125 0.686111 0.578125 0.688889 0.579687 0.691667 0.579687 0.697222 0.58125 0.7 0.58125 0.736111 0.579687 0.738889 0.58125 0.741667 0.58125 0.75 0.584375 0.755556 0.585938 0.755556 0.5875 0.758333 0.589063 0.758333 0.592188 0.763889 0.59375 0.763889 0.595312 0.766667 0.596875 0.766667 0.598437 0.769444 0.598437 0.775 0.6 0.777778 0.6 0.783333 0.601562 0.786111 0.601562 0.788889 0.604688 0.794444 0.604688 0.797222 0.60625 0.8 0.60625 0.805556 0.607813 0.808333 0.607813 0.813889 0.609375 0.816667 0.609375 0.819444 0.607813 0.822222 0.607813 0.841667 0.60625 0.844444 0.60625 0.886111 0.607813 0.888889 0.607813 0.891667 0.609375 0.894444 0.609375 0.897222 0.610937 0.9 0.610937 0.902778 0.6125 0.905556 0.6125 0.916667 0.614062 0.919444 0.614062 0.969444 0.857813 0.969444 0.857813 0.961111 0.860937 0.955556 0.8625 0.955556 0.864062 0.952778 0.865625 0.952778 0.867188 0.95 0.86875 0.95 0.873438 0.941667 0.875 0.941667 0.876562 0.938889 0.878125 0.938889 0.88125 0.933333 0.882812 0.933333 0.889063 0.922222 0.889063 0.919444 0.890625 0.916667 0.890625 0.902778 0.892187 0.9 0.892187 0.805556 0.89375 0.802778 0.89375 0.797222 0.892187 0.794444 0.89375 0.791667 0.89375 0.783333 0.895312 0.780556 0.895312 0.761111 0.896875 0.758333 0.896875 0.736111 0.898438 0.733333 0.898438 0.722222 0.9 0.719444 0.9 0.708333 0.901563 0.705556 0.901563 0.552778 0.903125 0.55 0.903125 0.513889 0.904688 0.511111 0.904688 0.466667 0.90625 0.463889 0.90625 0.438889 0.907812 0.436111 0.907812 0.380556 0.909375 0.377778 0.909375 0.344444 0.910937 0.341667 0.910937 0.313889 0.9125 0.311111 0.9125 0.291667 0.914062 0.288889 0.914062 0.272222 0.915625 0.269444 0.915625 0.258333 0.917188 0.255556 0.917188 0.158333 0.91875 0.155556 0.91875 0.136111 0.920313 0.133333 0.920313 0.130556 0.921875 0.127778 0.926562 0.127778 0.926562 0.1 0.920313 0.1 0.91875 0.0972222 0.91875 0.0944444 0.914062 0.0861111 0.910937 0.0861111 0.909375 0.0833333 0.904688 0.0833333 0.903125 0.0805556 0.892187 0.0805556 0.890625 0.0777778 0.870313 0.0777778 0.86875 0.075 0.854688 0.075 0.853125 0.0722222 0.832812 0.0722222 0.83125 0.0694444 0.80625 0.0694444 0.804688 0.0666667 0.779688 0.0666667 0.778125 0.0638889 0.757812 0.0638889 0.75625 0.0611111 0.745313 0.0611111 0.74375 0.0583333 0.729688 0.0583333 0.728125 0.0555556 0.720312 0.0555556 0.71875 0.0583333 0.704687 0.0583333 0.703125 0.0555556 0.642187 0.0555556 0.640625 0.0527778 0.592188 0.0527778 0.590625 0.05 0.578125 0.0361111 0.578125 0.0277778 0.576563 0.0277778 0.576563 0.0361111 0.2625 0.961111 0.260938 0.961111 0.259375 0.958333 0.257812 0.961111 0.257812 0.969444 0.2625 0.969444 0.2625 0.961111 0.341563
62 0.267188 0.961111 0.267188 0.969444 0.275 0.969444 0.275 0.961111 0.273438 0.961111 0.271875 0.958333 0.270312 0.958333 0.26875 0.961111 0.267188 0.961111 0.2625 0.961111 0.576563 0.0361111 0.578125 0.0361111 0.590625 0.05 0.557813 0.05 0.554688 0.0444444 0.554688 0.0416667 0.553125 0.0388889 0.553125 0.0277778 0.551562 0.0277778 0.551562 0.0388889 0.55 0.0416667 0.548437 0.0416667 0.546875 0.0444444 0.54375 0.0444444 0.540625 0.0388889 0.540625 0.0277778 0.539062 0.0277778 0.539062 0.0388889 0.5375 0.0416667 0.528125 0.0416667 0.525 0.0472222 0.520312 0.0472222 0.51875 0.0444444 0.517187 0.0444444 0.515625 0.0416667 0.514063 0.0416667 0.5125 0.0444444 0.504687 0.0444444 0.503125 0.0416667 0.501562 0.0416667 0.5 0.0444444 0.465625 0.0444444 0.464063 0.0416667 0.451562 0.0416667 0.45 0.0388889 0.4375 0.0388889 0.435937 0.0361111 0.435937 0.0277778 0.1625 0.0277778 0.1625 0.0416667 0.160938 0.0444444 0.160938 0.0472222 0.159375 0.05 0.159375 0.075 0.157813 0.0777778 0.157813 0.0833333 0.159375 0.0861111 0.159375 0.102778 0.157813 0.105556 0.157813 0.158333 0.15625 0.161111 0.15625 0.230556 0.154687 0.233333 0.154687 0.305556 0.153125 0.308333 0.153125 0.327778 0.151562 0.330556 0.146875 0.330556 0.146875 0.830556 0.153125 0.830556 0.157813 0.838889 0.157813 0.841667 0.159375 0.844444 0.160938 0.844444 0.175 0.869444 0.176563 0.869444 0.18125 0.877778 0.182812 0.877778 0.184375 0.880556 0.185937 0.880556 0.1875 0.883333 0.19375 0.883333 0.195312 0.886111 0.201562 0.886111 0.203125 0.888889 0.210938 0.888889 0.2125 0.891667 0.217187 0.891667 0.21875 0.894444 0.223438 0.894444 0.225 0.897222 0.23125 0.897222 0.232812 0.9 0.240625 0.9 0.242188 0.902778 0.259375 0.902778 0.260938 0.905556 0.284375 0.905556 0.285937 0.908333 0.296875 0.908333 0.298438 0.911111 0.317187 0.911111 0.31875 0.913889 0.335938 0.913889 0.335938 0.908333 0.3375 0.905556 0.3375 0.902778 0.340625 0.897222 0.340625 0.886111 0.342187 0.883333 0.342187 0.866667 0.34375 0.863889 0.34375 0.858333 0.345313 0.855556 0.345313 0.852778 0.346875 0.85 0.346875 0.844444 0.348437 0.841667 0.348437 0.838889 0.35 0.836111 0.35 0.827778 0.351562 0.825 0.351562 0.819444 0.353125 0.816667 0.353125 0.805556 0.354688 0.802778 0.354688 0.8 0.35625 0.797222 0.35625 0.794444 0.367188 0.775 0.36875 0.775 0.373437 0.766667 0.375 0.766667 0.379687 0.758333 0.38125 0.758333 0.382812 0.755556 0.3875 0.755556 0.389062 0.752778 0.40625 0.752778 0.407813 0.75 0.415625 0.75 0.417188 0.747222 0.423438 0.747222 0.425 0.744444 0.428125 0.744444 0.43125 0.738889 0.432813 0.738889 0.442187 0.722222 0.44375 0.722222 0.446875 0.716667 0.448438 0.716667 0.45 0.713889 0.451562 0.713889 0.454688 0.708333 0.45625 0.708333 0.457812 0.705556 0.4625 0.705556 0.464063 0.702778 0.467187 0.702778 0.46875 0.7 0.470313 0.7 0.471875 0.697222 0.476562 0.697222 0.478125 0.694444 0.479688 0.694444 0.48125 0.691667 0.4875 0.691667 0.489062 0.688889 0.492188 0.688889 0.49375 0.686111 0.496875 0.686111 0.498437 0.683333 0.501562 0.683333 0.503125 0.680556 0.504687 0.680556 0.50625 0.677778 0.507812 0.677778 0.509375 0.675 0.510938 0.675 0.5125 0.672222 0.51875 0.672222 0.520312 0.669444 0.525 0.669444 0.526563 0.666667 0.528125 0.666667 0.529688 0.663889 0.53125 0.663889 0.534375 0.658333 0.535937 0.658333 0.5375 0.655556 0.540625 0.655556 0.542188 0.652778 0.553125 0.652778 0.554688 0.655556 0.559375 0.655556 0.560938 0.658333 0.5625 0.658333 0.564062 0.661111 0.565625 0.661111 0.567187 0.663889 0.56875 0.663889 0.573438 0.672222 0.573438 0.675 0.576563 0.680556 0.576563 0.683333 0.578125 0.686111 0.578125 0.688889 0.579687 0.691667 0.579687 0.697222 0.58125 0.7 0.58125 0.736111 0.579687 0.738889 0.58125 0.741667 0.58125 0.75 0.584375 0.755556 0.585938 0.755556 0.5875 0.758333 0.589063 0.758333 0.592188 0.763889 0.59375 0.763889 0.595312 0.766667 0.596875 0.766667 0.598437 0.769444 0.598437 0.775 0.6 0.777778 0.6 0.783333 0.601562 0.786111 0.601562 0.788889 0.604688 0.794444 0.604688 0.797222 0.60625 0.8 0.60625 0.805556 0.607813 0.808333 0.607813 0.813889 0.609375 0.816667 0.609375 0.819444 0.607813 0.822222 0.607813 0.841667 0.60625 0.844444 0.60625 0.886111 0.607813 0.888889 0.607813 0.891667 0.609375 0.894444 0.609375 0.897222 0.610937 0.9 0.610937 0.902778 0.6125 0.905556 0.6125 0.916667 0.614062 0.919444 0.614062 0.969444 0.857813 0.969444 0.857813 0.961111 0.860937 0.955556 0.8625 0.955556 0.864062 0.952778 0.865625 0.952778 0.867188 0.95 0.86875 0.95 0.873438 0.941667 0.875 0.941667 0.876562 0.938889 0.878125 0.938889 0.88125 0.933333 0.882812 0.933333 0.889063 0.922222 0.889063 0.919444 0.890625 0.916667 0.890625 0.902778 0.892187 0.9 0.892187 0.805556 0.89375 0.802778 0.89375 0.797222 0.892187 0.794444 0.89375 0.791667 0.89375 0.783333 0.895312 0.780556 0.895312 0.761111 0.896875 0.758333 0.896875 0.736111 0.898438 0.733333 0.898438 0.722222 0.9 0.719444 0.9 0.708333 0.901563 0.705556 0.901563 0.552778 0.903125 0.55 0.903125 0.513889 0.904688 0.511111 0.904688 0.466667 0.90625 0.463889 0.90625 0.438889 0.907812 0.436111 0.907812 0.380556 0.909375 0.377778 0.909375 0.344444 0.910937 0.341667 0.910937 0.313889 0.9125 0.311111 0.9125 0.291667 0.914062 0.288889 0.914062 0.272222 0.915625 0.269444 0.915625 0.258333 0.917188 0.255556 0.917188 0.158333 0.91875 0.155556 0.91875 0.136111 0.920313 0.133333 0.920313 0.130556 0.921875 0.127778 0.926562 0.127778 0.926562 0.1 0.920313 0.1 0.91875 0.0972222 0.91875 0.0944444 0.914062 0.0861111 0.910937 0.0861111 0.909375 0.0833333 0.904688 0.0833333 0.903125 0.0805556 0.892187 0.0805556 0.890625 0.0777778 0.870313 0.0777778 0.86875 0.075 0.854688 0.075 0.853125 0.0722222 0.832812 0.0722222 0.83125 0.0694444 0.80625 0.0694444 0.804688 0.0666667 0.779688 0.0666667 0.778125 0.0638889 0.757812 0.0638889 0.75625 0.0611111 0.745313 0.0611111 0.74375 0.0583333 0.729688 0.0583333 0.728125 0.0555556 0.720312 0.0555556 0.71875 0.0583333 0.704687 0.0583333 0.703125 0.0555556 0.642187 0.0555556 0.640625 0.0527778 0.592188 0.0527778 0.590625 0.05 0.578125 0.0361111 0.578125 0.0277778 0.576563 0.0277778 0.576563 0.0361111 0.2625 0.961111 0.260938 0.961111 0.259375 0.958333 0.257812 0.961111 0.257812 0.969444 0.2625 0.969444 0.2625 0.961111 0.299487
2 0.501562 0.383333 0.501562 0.394444 0.5 0.397222 0.498437 0.397222 0.496875 0.4 0.495313 0.4 0.49375 0.402778 0.489062 0.402778 0.4875 0.405556 0.479688 0.405556 0.478125 0.408333 0.476562 0.408333 0.475 0.411111 0.473437 0.411111 0.471875 0.413889 0.465625 0.413889 0.465625 0.480556 0.470313 0.480556 0.473437 0.486111 0.475 0.486111 0.476562 0.488889 0.482812 0.488889 0.485938 0.483333 0.4875 0.483333 0.492188 0.475 0.49375 0.475 0.495313 0.472222 0.501562 0.472222 0.503125 0.475 0.507812 0.475 0.509375 0.477778 0.521875 0.477778 0.526563 0.486111 0.526563 0.488889 0.529688 0.494444 0.53125 0.494444 0.532812 0.497222 0.534375 0.497222 0.535937 0.5 0.540625 0.5 0.54375 0.494444 0.54375 0.491667 0.545313 0.488889 0.545313 0.486111 0.551562 0.475 0.567187 0.475 0.570312 0.480556 0.570312 0.483333 0.573438 0.488889 0.575 0.488889 0.576563 0.491667 0.578125 0.491667 0.58125 0.486111 0.582812 0.486111 0.584375 0.483333 0.584375 0.472222 0.585938 0.469444 0.585938 0.422222 0.584375 0.419444 0.584375 0.416667 0.58125 0.411111 0.58125 0.408333 0.578125 0.402778 0.578125 0.4 0.575 0.394444 0.575 0.383333 0.253724
2 0.501562 0.383333 0.501562 0.394444 0.5 0.397222 0.498437 0.397222 0.495313 0.402778 0.489062 0.402778 0.4875 0.405556 0.479688 0.405556 0.478125 0.408333 0.476562 0.408333 0.475 0.411111 0.473437 0.411111 0.471875 0.413889 0.465625 0.413889 0.465625 0.480556 0.470313 0.480556 0.473437 0.486111 0.475 0.486111 0.476562 0.488889 0.482812 0.488889 0.485938 0.483333 0.4875 0.483333 0.492188 0.475 0.49375 0.475 0.495313 0.472222 0.501562 0.472222 0.503125 0.475 0.507812 0.475 0.509375 0.477778 0.521875 0.477778 0.526563 0.486111 0.526563 0.488889 0.529688 0.494444 0.53125 0.494444 0.532812 0.497222 0.534375 0.497222 0.535937 0.5 0.540625 0.5 0.54375 0.494444 0.54375 0.491667 0.545313 0.488889 0.545313 0.486111 0.551562 0.475 0.5625 0.475 0.564062 0.472222 0.565625 0.475 0.567187 0.475 0.570312 0.480556 0.570312 0.483333 0.573438 0.488889 0.575 0.488889 0.576563 0.491667 0.578125 0.491667 0.58125 0.486111 0.582812 0.486111 0.584375 0.483333 0.589063 0.483333 0.589063 0.413889 0.582812 0.413889 0.579687 0.408333 0.579687 0.405556 0.578125 0.402778 0.578125 0.4 0.575 0.394444 0.575 0.383333 0.634972
0 0.534375 0.65 0.534375 0.658333 0.529688 0.666667 0.528125 0.666667 0.525 0.672222 0.520312 0.672222 0.51875 0.675 0.514063 0.675 0.5125 0.677778 0.509375 0.677778 0.507812 0.680556 0.504687 0.680556 0.503125 0.683333 0.501562 0.683333 0.5 0.686111 0.496875 0.686111 0.495313 0.688889 0.490625 0.688889 0.489062 0.691667 0.484375 0.691667 0.482812 0.694444 0.478125 0.694444 0.476562 0.697222 0.473437 0.697222 0.471875 0.7 0.470313 0.7 0.46875 0.702778 0.467187 0.702778 0.465625 0.705556 0.460938 0.705556 0.459375 0.708333 0.45625 0.708333 0.454688 0.711111 0.453125 0.711111 0.451562 0.713889 0.45 0.713889 0.448438 0.716667 0.446875 0.716667 0.432813 0.741667 0.43125 0.741667 0.428125 0.747222 0.425 0.747222 0.423438 0.75 0.417188 0.75 0.415625 0.752778 0.404687 0.752778 0.403125 0.755556 0.392188 0.755556 0.390625 0.758333 0.384375 0.758333 0.382812 0.761111 0.379687 0.761111 0.375 0.769444 0.373437 0.769444 0.367188 0.780556 0.365625 0.780556 0.364062 0.783333 0.364062 0.786111 0.360938 0.791667 0.360938 0.794444 0.359375 0.797222 0.359375 0.8 0.357812 0.802778 0.357812 0.805556 0.35625 0.808333 0.35625 0.816667 0.354688 0.819444 0.354688 0.825 0.353125 0.827778 0.353125 0.833333 0.351562 0.836111 0.346875 0.836111 0.346875 0.941667 0.351562 0.941667 0.354688 0.947222 0.354688 0.95 0.35625 0.952778 0.35625 0.955556 0.357812 0.958333 0.357812 0.961111 0.359375 0.963889 0.359375 0.966667 0.360938 0.969444 0.360938 0.972222 0.3625 0.975 0.3625 0.977778 0.364062 0.980556 0.364062 0.983333 0.365625 0.986111 0.365625 0.988889 0.367188 0.991667 0.367188 1 0.609375 1 0.609375 0.986111 0.607813 0.983333 0.607813 0.980556 0.609375 0.977778 0.609375 0.963889 0.610937 0.961111 0.610937 0.95 0.6125 0.947222 0.6125 0.913889 0.610937 0.911111 0.610937 0.902778 0.609375 0.9 0.609375 0.897222 0.607813 0.894444 0.607813 0.891667 0.60625 0.888889 0.60625 0.880556 0.604688 0.877778 0.604688 0.855556 0.60625 0.852778 0.60625 0.838889 0.607813 0.836111 0.607813 0.819444 0.609375 0.816667 0.607813 0.813889 0.607813 0.811111 0.60625 0.808333 0.60625 0.805556 0.604688 0.802778 0.604688 0.8 0.603125 0.797222 0.603125 0.794444 0.601562 0.791667 0.601562 0.788889 0.595312 0.777778 0.59375 0.777778 0.592188 0.775 0.590625 0.775 0.579687 0.755556 0.579687 0.752778 0.578125 0.75 0.578125 0.733333 0.579687 0.730556 0.579687 0.705556 0.578125 0.702778 0.578125 0.694444 0.576563 0.691667 0.576563 0.688889 0.575 0.686111 0.575 0.683333 0.573438 0.680556 0.573438 0.677778 0.5625 0.658333 0.5625 0.65 0.4892
67 0.267188 0.961111 0.267188 0.969444 0.275 0.969444 0.275 0.961111 0.273438 0.961111 0.271875 0.958333 0.270312 0.958333 0.26875 0.961111 0.267188 0.961111 0.2625 0.961111 0.576563 0.0361111 0.578125 0.0361111 0.590625 0.05 0.557813 0.05 0.554688 0.0444444 0.554688 0.0416667 0.553125 0.0388889 0.553125 0.0277778 0.551562 0.0277778 0.551562 0.0388889 0.55 0.0416667 0.548437 0.0416667 0.546875 0.0444444 0.54375 0.0444444 0.540625 0.0388889 0.540625 0.0277778 0.539062 0.0277778 0.539062 0.0388889 0.5375 0.0416667 0.528125 0.0416667 0.525 0.0472222 0.520312 0.0472222 0.51875 0.0444444 0.517187 0.0444444 0.515625 0.0416667 0.514063 0.0416667 0.5125 0.0444444 0.504687 0.0444444 0.503125 0.0416667 0.501562 0.0416667 0.5 0.0444444 0.465625 0.0444444 0.464063 0.0416667 0.451562 0.0416667 0.45 0.0388889 0.4375 0.0388889 0.435937 0.0361111 0.435937 0.0277778 0.1625 0.0277778 0.1625 0.0416667 0.160938 0.0444444 0.160938 0.0472222 0.159375 0.05 0.159375 0.075 0.157813 0.0777778 0.157813 0.0833333 0.159375 0.0861111 0.159375 0.102778 0.157813 0.105556 0.157813 0.158333 0.15625 0.161111 0.15625 0.230556 0.154687 0.233333 0.154687 0.305556 0.153125 0.308333 0.153125 0.327778 0.151562 0.330556 0.146875 0.330556 0.146875 0.830556 0.153125 0.830556 0.157813 0.838889 0.157813 0.841667 0.159375 0.844444 0.160938 0.844444 0.175 0.869444 0.176563 0.869444 0.18125 0.877778 0.182812 0.877778 0.184375 0.880556 0.185937 0.880556 0.1875 0.883333 0.19375 0.883333 0.195312 0.886111 0.201562 0.886111 0.203125 0.888889 0.210938 0.888889 0.2125 0.891667 0.217187 0.891667 0.21875 0.894444 0.223438 0.894444 0.225 0.897222 0.23125 0.897222 0.232812 0.9 0.240625 0.9 0.242188 0.902778 0.259375 0.902778 0.260938 0.905556 0.284375 0.905556 0.285937 0.908333 0.296875 0.908333 0.298438 0.911111 0.317187 0.911111 0.31875 0.913889 0.335938 0.913889 0.335938 0.908333 0.3375 0.905556 0.3375 0.902778 0.340625 0.897222 0.340625 0.886111 0.342187 0.883333 0.342187 0.866667 0.34375 0.863889 0.34375 0.858333 0.345313 0.855556 0.345313 0.852778 0.346875 0.85 0.346875 0.844444 0.348437 0.841667 0.348437 0.838889 0.35 0.836111 0.35 0.827778 0.351562 0.825 0.351562 0.819444 0.353125 0.816667 0.353125 0.805556 0.354688 0.802778 0.354688 0.8 0.35625 0.797222 0.35625 0.794444 0.367188 0.775 0.36875 0.775 0.373437 0.766667 0.375 0.766667 0.379687 0.758333 0.38125 0.758333 0.382812 0.755556 0.3875 0.755556 0.389062 0.752778 0.40625 0.752778 0.407813 0.75 0.415625 0.75 0.417188 0.747222 0.423438 0.747222 0.425 0.744444 0.428125 0.744444 0.43125 0.738889 0.432813 0.738889 0.442187 0.722222 0.44375 0.722222 0.446875 0.716667 0.448438 0.716667 0.45 0.713889 0.451562 0.713889 0.454688 0.708333 0.45625 0.708333 0.457812 0.705556 0.4625 0.705556 0.464063 0.702778 0.467187 0.702778 0.46875 0.7 0.470313 0.7 0.471875 0.697222 0.476562 0.697222 0.478125 0.694444 0.479688 0.694444 0.48125 0.691667 0.4875 0.691667 0.489062 0.688889 0.492188 0.688889 0.49375 0.686111 0.496875 0.686111 0.498437 0.683333 0.501562 0.683333 0.503125 0.680556 0.504687 0.680556 0.50625 0.677778 0.507812 0.677778 0.509375 0.675 0.510938 0.675 0.5125 0.672222 0.51875 0.672222 0.520312 0.669444 0.525 0.669444 0.526563 0.666667 0.528125 0.666667 0.529688 0.663889 0.53125 0.663889 0.534375 0.658333 0.535937 0.658333 0.5375 0.655556 0.540625 0.655556 0.542188 0.652778 0.553125 0.652778 0.554688 0.655556 0.559375 0.655556 0.560938 0.658333 0.5625 0.658333 0.564062 0.661111 0.565625 0.661111 0.567187 0.663889 0.56875 0.663889 0.573438 0.672222 0.573438 0.675 0.576563 0.680556 0.576563 0.683333 0.578125 0.686111 0.578125 0.688889 0.579687 0.691667 0.579687 0.697222 0.58125 0.7 0.58125 0.736111 0.579687 0.738889 0.58125 0.741667 0.58125 0.75 0.584375 0.755556 0.585938 0.755556 0.5875 0.758333 0.589063 0.758333 0.592188 0.763889 0.59375 0.763889 0.595312 0.766667 0.596875 0.766667 0.598437 0.769444 0.598437 0.775 0.6 0.777778 0.6 0.783333 0.601562 0.786111 0.601562 0.788889 0.604688 0.794444 0.604688 0.797222 0.60625 0.8 0.60625 0.805556 0.607813 0.808333 0.607813 0.813889 0.609375 0.816667 0.609375 0.819444 0.607813 0.822222 0.607813 0.841667 0.60625 0.844444 0.60625 0.886111 0.607813 0.888889 0.607813 0.891667 0.609375 0.894444 0.609375 0.897222 0.610937 0.9 0.610937 0.902778 0.6125 0.905556 0.6125 0.916667 0.614062 0.919444 0.614062 0.969444 0.857813 0.969444 0.857813 0.961111 0.860937 0.955556 0.8625 0.955556 0.864062 0.952778 0.865625 0.952778 0.867188 0.95 0.86875 0.95 0.873438 0.941667 0.875 0.941667 0.876562 0.938889 0.878125 0.938889 0.88125 0.933333 0.882812 0.933333 0.889063 0.922222 0.889063 0.919444 0.890625 0.916667 0.890625 0.902778 0.892187 0.9 0.892187 0.805556 0.89375 0.802778 0.89375 0.797222 0.892187 0.794444 0.89375 0.791667 0.89375 0.783333 0.895312 0.780556 0.895312 0.761111 0.896875 0.758333 0.896875 0.736111 0.898438 0.733333 0.898438 0.722222 0.9 0.719444 0.9 0.708333 0.901563 0.705556 0.901563 0.552778 0.903125 0.55 0.903125 0.513889 0.904688 0.511111 0.904688 0.466667 0.90625 0.463889 0.90625 0.438889 0.907812 0.436111 0.907812 0.380556 0.909375 0.377778 0.909375 0.344444 0.910937 0.341667 0.910937 0.313889 0.9125 0.311111 0.9125 0.291667 0.914062 0.288889 0.914062 0.272222 0.915625 0.269444 0.915625 0.258333 0.917188 0.255556 0.917188 0.158333 0.91875 0.155556 0.91875 0.136111 0.920313 0.133333 0.920313 0.130556 0.921875 0.127778 0.926562 0.127778 0.926562 0.1 0.920313 0.1 0.91875 0.0972222 0.91875 0.0944444 0.914062 0.0861111 0.910937 0.0861111 0.909375 0.0833333 0.904688 0.0833333 0.903125 0.0805556 0.892187 0.0805556 0.890625 0.0777778 0.870313 0.0777778 0.86875 0.075 0.854688 0.075 0.853125 0.0722222 0.832812 0.0722222 0.83125 0.0694444 0.80625 0.0694444 0.804688 0.0666667 0.779688 0.0666667 0.778125 0.0638889 0.757812 0.0638889 0.75625 0.0611111 0.745313 0.0611111 0.74375 0.0583333 0.729688 0.0583333 0.728125 0.0555556 0.720312 0.0555556 0.71875 0.0583333 0.704687 0.0583333 0.703125 0.0555556 0.642187 0.0555556 0.640625 0.0527778 0.592188 0.0527778 0.590625 0.05 0.578125 0.0361111 0.578125 0.0277778 0.576563 0.0277778 0.576563 0.0361111 0.2625 0.961111 0.260938 0.961111 0.259375 0.958333 0.257812 0.961111 0.257812 0.969444 0.2625 0.969444 0.2625 0.961111 0.341563
62 0.267188 0.961111 0.267188 0.969444 0.275 0.969444 0.275 0.961111 0.273438 0.961111 0.271875 0.958333 0.270312 0.958333 0.26875 0.961111 0.267188 0.961111 0.2625 0.961111 0.576563 0.0361111 0.578125 0.0361111 0.590625 0.05 0.557813 0.05 0.554688 0.0444444 0.554688 0.0416667 0.553125 0.0388889 0.553125 0.0277778 0.551562 0.0277778 0.551562 0.0388889 0.55 0.0416667 0.548437 0.0416667 0.546875 0.0444444 0.54375 0.0444444 0.540625 0.0388889 0.540625 0.0277778 0.539062 0.0277778 0.539062 0.0388889 0.5375 0.0416667 0.528125 0.0416667 0.525 0.0472222 0.520312 0.0472222 0.51875 0.0444444 0.517187 0.0444444 0.515625 0.0416667 0.514063 0.0416667 0.5125 0.0444444 0.504687 0.0444444 0.503125 0.0416667 0.501562 0.0416667 0.5 0.0444444 0.465625 0.0444444 0.464063 0.0416667 0.451562 0.0416667 0.45 0.0388889 0.4375 0.0388889 0.435937 0.0361111 0.435937 0.0277778 0.1625 0.0277778 0.1625 0.0416667 0.160938 0.0444444 0.160938 0.0472222 0.159375 0.05 0.159375 0.075 0.157813 0.0777778 0.157813 0.0833333 0.159375 0.0861111 0.159375 0.102778 0.157813 0.105556 0.157813 0.158333 0.15625 0.161111 0.15625 0.230556 0.154687 0.233333 0.154687 0.305556 0.153125 0.308333 0.153125 0.327778 0.151562 0.330556 0.146875 0.330556 0.146875 0.830556 0.153125 0.830556 0.157813 0.838889 0.157813 0.841667 0.159375 0.844444 0.160938 0.844444 0.175 0.869444 0.176563 0.869444 0.18125 0.877778 0.182812 0.877778 0.184375 0.880556 0.185937 0.880556 0.1875 0.883333 0.19375 0.883333 0.195312 0.886111 0.201562 0.886111 0.203125 0.888889 0.210938 0.888889 0.2125 0.891667 0.217187 0.891667 0.21875 0.894444 0.223438 0.894444 0.225 0.897222 0.23125 0.897222 0.232812 0.9 0.240625 0.9 0.242188 0.902778 0.259375 0.902778 0.260938 0.905556 0.284375 0.905556 0.285937 0.908333 0.296875 0.908333 0.298438 0.911111 0.317187 0.911111 0.31875 0.913889 0.335938 0.913889 0.335938 0.908333 0.3375 0.905556 0.3375 0.902778 0.340625 0.897222 0.340625 0.886111 0.342187 0.883333 0.342187 0.866667 0.34375 0.863889 0.34375 0.858333 0.345313 0.855556 0.345313 0.852778 0.346875 0.85 0.346875 0.844444 0.348437 0.841667 0.348437 0.838889 0.35 0.836111 0.35 0.827778 0.351562 0.825 0.351562 0.819444 0.353125 0.816667 0.353125 0.805556 0.354688 0.802778 0.354688 0.8 0.35625 0.797222 0.35625 0.794444 0.367188 0.775 0.36875 0.775 0.373437 0.766667 0.375 0.766667 0.379687 0.758333 0.38125 0.758333 0.382812 0.755556 0.3875 0.755556 0.389062 0.752778 0.40625 0.752778 0.407813 0.75 0.415625 0.75 0.417188 0.747222 0.423438 0.747222 0.425 0.744444 0.428125 0.744444 0.43125 0.738889 0.432813 0.738889 0.442187 0.722222 0.44375 0.722222 0.446875 0.716667 0.448438 0.716667 0.45 0.713889 0.451562 0.713889 0.454688 0.708333 0.45625 0.708333 0.457812 0.705556 0.4625 0.705556 0.464063 0.702778 0.467187 0.702778 0.46875 0.7 0.470313 0.7 0.471875 0.697222 0.476562 0.697222 0.478125 0.694444 0.479688 0.694444 0.48125 0.691667 0.4875 0.691667 0.489062 0.688889 0.492188 0.688889 0.49375 0.686111 0.496875 0.686111 0.498437 0.683333 0.501562 0.683333 0.503125 0.680556 0.504687 0.680556 0.50625 0.677778 0.507812 0.677778 0.509375 0.675 0.510938 0.675 0.5125 0.672222 0.51875 0.672222 0.520312 0.669444 0.525 0.669444 0.526563 0.666667 0.528125 0.666667 0.529688 0.663889 0.53125 0.663889 0.534375 0.658333 0.535937 0.658333 0.5375 0.655556 0.540625 0.655556 0.542188 0.652778 0.553125 0.652778 0.554688 0.655556 0.559375 0.655556 0.560938 0.658333 0.5625 0.658333 0.564062 0.661111 0.565625 0.661111 0.567187 0.663889 0.56875 0.663889 0.573438 0.672222 0.573438 0.675 0.576563 0.680556 0.576563 0.683333 0.578125 0.686111 0.578125 0.688889 0.579687 0.691667 0.579687 0.697222 0.58125 0.7 0.58125 0.736111 0.579687 0.738889 0.58125 0.741667 0.58125 0.75 0.584375 0.755556 0.585938 0.755556 0.5875 0.758333 0.589063 0.758333 0.592188 0.763889 0.59375 0.763889 0.595312 0.766667 0.596875 0.766667 0.598437 0.769444 0.598437 0.775 0.6 0.777778 0.6 0.783333 0.601562 0.786111 0.601562 0.788889 0.604688 0.794444 0.604688 0.797222 0.60625 0.8 0.60625 0.805556 0.607813 0.808333 0.607813 0.813889 0.609375 0.816667 0.609375 0.819444 0.607813 0.822222 0.607813 0.841667 0.60625 0.844444 0.60625 0.886111 0.607813 0.888889 0.607813 0.891667 0.609375 0.894444 0.609375 0.897222 0.610937 0.9 0.610937 0.902778 0.6125 0.905556 0.6125 0.916667 0.614062 0.919444 0.614062 0.969444 0.857813 0.969444 0.857813 0.961111 0.860937 0.955556 0.8625 0.955556 0.864062 0.952778 0.865625 0.952778 0.867188 0.95 0.86875 0.95 0.873438 0.941667 0.875 0.941667 0.876562 0.938889 0.878125 0.938889 0.88125 0.933333 0.882812 0.933333 0.889063 0.922222 0.889063 0.919444 0.890625 0.916667 0.890625 0.902778 0.892187 0.9 0.892187 0.805556 0.89375 0.802778 0.89375 0.797222 0.892187 0.794444 0.89375 0.791667 0.89375 0.783333 0.895312 0.780556 0.895312 0.761111 0.896875 0.758333 0.896875 0.736111 0.898438 0.733333 0.898438 0.722222 0.9 0.719444 0.9 0.708333 0.901563 0.705556 0.901563 0.552778 0.903125 0.55 0.903125 0.513889 0.904688 0.511111 0.904688 0.466667 0.90625 0.463889 0.90625 0.438889 0.907812 0.436111 0.907812 0.380556 0.909375 0.377778 0.909375 0.344444 0.910937 0.341667 0.910937 0.313889 0.9125 0.311111 0.9125 0.291667 0.914062 0.288889 0.914062 0.272222 0.915625 0.269444 0.915625 0.258333 0.917188 0.255556 0.917188 0.158333 0.91875 0.155556 0.91875 0.136111 0.920313 0.133333 0.920313 0.130556 0.921875 0.127778 0.926562 0.127778 0.926562 0.1 0.920313 0.1 0.91875 0.0972222 0.91875 0.0944444 0.914062 0.0861111 0.910937 0.0861111 0.909375 0.0833333 0.904688 0.0833333 0.903125 0.0805556 0.892187 0.0805556 0.890625 0.0777778 0.870313 0.0777778 0.86875 0.075 0.854688 0.075 0.853125 0.0722222 0.832812 0.0722222 0.83125 0.0694444 0.80625 0.0694444 0.804688 0.0666667 0.779688 0.0666667 0.778125 0.0638889 0.757812 0.0638889 0.75625 0.0611111 0.745313 0.0611111 0.74375 0.0583333 0.729688 0.0583333 0.728125 0.0555556 0.720312 0.0555556 0.71875 0.0583333 0.704687 0.0583333 0.703125 0.0555556 0.642187 0.0555556 0.640625 0.0527778 0.592188 0.0527778 0.590625 0.05 0.578125 0.0361111 0.578125 0.0277778 0.576563 0.0277778 0.576563 0.0361111 0.2625 0.961111 0.260938 0.961111 0.259375 0.958333 0.257812 0.961111 0.257812 0.969444 0.2625 0.969444 0.2625 0.961111 0.299487
2 0.501562 0.383333 0.501562 0.394444 0.5 0.397222 0.498437 0.397222 0.496875 0.4 0.495313 0.4 0.49375 0.402778 0.489062 0.402778 0.4875 0.405556 0.479688 0.405556 0.478125 0.408333 0.476562 0.408333 0.475 0.411111 0.473437 0.411111 0.471875 0.413889 0.465625 0.413889 0.465625 0.480556 0.470313 0.480556 0.473437 0.486111 0.475 0.486111 0.476562 0.488889 0.482812 0.488889 0.485938 0.483333 0.4875 0.483333 0.492188 0.475 0.49375 0.475 0.495313 0.472222 0.501562 0.472222 0.503125 0.475 0.507812 0.475 0.509375 0.477778 0.521875 0.477778 0.526563 0.486111 0.526563 0.488889 0.529688 0.494444 0.53125 0.494444 0.532812 0.497222 0.534375 0.497222 0.535937 0.5 0.540625 0.5 0.54375 0.494444 0.54375 0.491667 0.545313 0.488889 0.545313 0.486111 0.551562 0.475 0.567187 0.475 0.570312 0.480556 0.570312 0.483333 0.573438 0.488889 0.575 0.488889 0.576563 0.491667 0.578125 0.491667 0.58125 0.486111 0.582812 0.486111 0.584375 0.483333 0.584375 0.472222 0.585938 0.469444 0.585938 0.422222 0.584375 0.419444 0.584375 0.416667 0.58125 0.411111 0.58125 0.408333 0.578125 0.402778 0.578125 0.4 0.575 0.394444 0.575 0.383333 0.253724
2 0.501562 0.383333 0.501562 0.394444 0.5 0.397222 0.498437 0.397222 0.495313 0.402778 0.489062 0.402778 0.4875 0.405556 0.479688 0.405556 0.478125 0.408333 0.476562 0.408333 0.475 0.411111 0.473437 0.411111 0.471875 0.413889 0.465625 0.413889 0.465625 0.480556 0.470313 0.480556 0.473437 0.486111 0.475 0.486111 0.476562 0.488889 0.482812 0.488889 0.485938 0.483333 0.4875 0.483333 0.492188 0.475 0.49375 0.475 0.495313 0.472222 0.501562 0.472222 0.503125 0.475 0.507812 0.475 0.509375 0.477778 0.521875 0.477778 0.526563 0.486111 0.526563 0.488889 0.529688 0.494444 0.53125 0.494444 0.532812 0.497222 0.534375 0.497222 0.535937 0.5 0.540625 0.5 0.54375 0.494444 0.54375 0.491667 0.545313 0.488889 0.545313 0.486111 0.551562 0.475 0.5625 0.475 0.564062 0.472222 0.565625 0.475 0.567187 0.475 0.570312 0.480556 0.570312 0.483333 0.573438 0.488889 0.575 0.488889 0.576563 0.491667 0.578125 0.491667 0.58125 0.486111 0.582812 0.486111 0.584375 0.483333 0.589063 0.483333 0.589063 0.413889 0.582812 0.413889 0.579687 0.408333 0.579687 0.405556 0.578125 0.402778 0.578125 0.4 0.575 0.394444 0.575 0.383333 0.634972
0 0.534375 0.65 0.534375 0.658333 0.529688 0.666667 0.528125 0.666667 0.525 0.672222 0.520312 0.672222 0.51875 0.675 0.514063 0.675 0.5125 0.677778 0.509375 0.677778 0.507812 0.680556 0.504687 0.680556 0.503125 0.683333 0.501562 0.683333 0.5 0.686111 0.496875 0.686111 0.495313 0.688889 0.490625 0.688889 0.489062 0.691667 0.484375 0.691667 0.482812 0.694444 0.478125 0.694444 0.476562 0.697222 0.473437 0.697222 0.471875 0.7 0.470313 0.7 0.46875 0.702778 0.467187 0.702778 0.465625 0.705556 0.460938 0.705556 0.459375 0.708333 0.45625 0.708333 0.454688 0.711111 0.453125 0.711111 0.451562 0.713889 0.45 0.713889 0.448438 0.716667 0.446875 0.716667 0.432813 0.741667 0.43125 0.741667 0.428125 0.747222 0.425 0.747222 0.423438 0.75 0.417188 0.75 0.415625 0.752778 0.404687 0.752778 0.403125 0.755556 0.392188 0.755556 0.390625 0.758333 0.384375 0.758333 0.382812 0.761111 0.379687 0.761111 0.375 0.769444 0.373437 0.769444 0.367188 0.780556 0.365625 0.780556 0.364062 0.783333 0.364062 0.786111 0.360938 0.791667 0.360938 0.794444 0.359375 0.797222 0.359375 0.8 0.357812 0.802778 0.357812 0.805556 0.35625 0.808333 0.35625 0.816667 0.354688 0.819444 0.354688 0.825 0.353125 0.827778 0.353125 0.833333 0.351562 0.836111 0.346875 0.836111 0.346875 0.941667 0.351562 0.941667 0.354688 0.947222 0.354688 0.95 0.35625 0.952778 0.35625 0.955556 0.357812 0.958333 0.357812 0.961111 0.359375 0.963889 0.359375 0.966667 0.360938 0.969444 0.360938 0.972222 0.3625 0.975 0.3625 0.977778 0.364062 0.980556 0.364062 0.983333 0.365625 0.986111 0.365625 0.988889 0.367188 0.991667 0.367188 1 0.609375 1 0.609375 0.986111 0.607813 0.983333 0.607813 0.980556 0.609375 0.977778 0.609375 0.963889 0.610937 0.961111 0.610937 0.95 0.6125 0.947222 0.6125 0.913889 0.610937 0.911111 0.610937 0.902778 0.609375 0.9 0.609375 0.897222 0.607813 0.894444 0.607813 0.891667 0.60625 0.888889 0.60625 0.880556 0.604688 0.877778 0.604688 0.855556 0.60625 0.852778 0.60625 0.838889 0.607813 0.836111 0.607813 0.819444 0.609375 0.816667 0.607813 0.813889 0.607813 0.811111 0.60625 0.808333 0.60625 0.805556 0.604688 0.802778 0.604688 0.8 0.603125 0.797222 0.603125 0.794444 0.601562 0.791667 0.601562 0.788889 0.595312 0.777778 0.59375 0.777778 0.592188 0.775 0.590625 0.775 0.579687 0.755556 0.579687 0.752778 0.578125 0.75 0.578125 0.733333 0.579687 0.730556 0.579687 0.705556 0.578125 0.702778 0.578125 0.694444 0.576563 0.691667 0.576563 0.688889 0.575 0.686111 0.575 0.683333 0.573438 0.680556 0.573438 0.677778 0.5625 0.658333 0.5625 0.65 0.4892
67 0.267188 0.961111 0.267188 0.969444 0.275 0.969444 0.275 0.961111 0.273438 0.961111 0.271875 0.958333 0.270312 0.958333 0.26875 0.961111 0.267188 0.961111 0.2625 0.961111 0.576563 0.0361111 0.578125 0.0361111 0.590625 0.05 0.557813 0.05 0.554688 0.0444444 0.554688 0.0416667 0.553125 0.0388889 0.553125 0.0277778 0.551562 0.0277778 0.551562 0.0388889 0.55 0.0416667 0.548437 0.0416667 0.546875 0.0444444 0.54375 0.0444444 0.540625 0.0388889 0.540625 0.0277778 0.539062 0.0277778 0.539062 0.0388889 0.5375 0.0416667 0.528125 0.0416667 0.525 0.0472222 0.520312 0.0472222 0.51875 0.0444444 0.517187 0.0444444 0.515625 0.0416667 0.514063 0.0416667 0.5125 0.0444444 0.504687 0.0444444 0.503125 0.0416667 0.501562 0.0416667 0.5 0.0444444 0.465625 0.0444444 0.464063 0.0416667 0.451562 0.0416667 0.45 0.0388889 0.4375 0.0388889 0.435937 0.0361111 0.435937 0.0277778 0.1625 0.0277778 0.1625 0.0416667 0.160938 0.0444444 0.160938 0.0472222 0.159375 0.05 0.159375 0.075 0.157813 0.0777778 0.157813 0.0833333 0.159375 0.0861111 0.159375 0.102778 0.157813 0.105556 0.157813 0.158333 0.15625 0.161111 0.15625 0.230556 0.154687 0.233333 0.154687 0.305556 0.153125 0.308333 0.153125 0.327778 0.151562 0.330556 0.146875 0.330556 0.146875 0.830556 0.153125 0.830556 0.157813 0.838889 0.157813 0.841667 0.159375 0.844444 0.160938 0.844444 0.175 0.869444 0.176563 0.869444 0.18125 0.877778 0.182812 0.877778 0.184375 0.880556 0.185937 0.880556 0.1875 0.883333 0.19375 0.883333 0.195312 0.886111 0.201562 0.886111 0.203125 0.888889 0.210938 0.888889 0.2125 0.891667 0.217187 0.891667 0.21875 0.894444 0.223438 0.894444 0.225 0.897222 0.23125 0.897222 0.232812 0.9 0.240625 0.9 0.242188 0.902778 0.259375 0.902778 0.260938 0.905556 0.284375 0.905556 0.285937 0.908333 0.296875 0.908333 0.298438 0.911111 0.317187 0.911111 0.31875 0.913889 0.335938 0.913889 0.335938 0.908333 0.3375 0.905556 0.3375 0.902778 0.340625 0.897222 0.340625 0.886111 0.342187 0.883333 0.342187 0.866667 0.34375 0.863889 0.34375 0.858333 0.345313 0.855556 0.345313 0.852778 0.346875 0.85 0.346875 0.844444 0.348437 0.841667 0.348437 0.838889 0.35 0.836111 0.35 0.827778 0.351562 0.825 0.351562 0.819444 0.353125 0.816667 0.353125 0.805556 0.354688 0.802778 0.354688 0.8 0.35625 0.797222 0.35625 0.794444 0.367188 0.775 0.36875 0.775 0.373437 0.766667 0.375 0.766667 0.379687 0.758333 0.38125 0.758333 0.382812 0.755556 0.3875 0.755556 0.389062 0.752778 0.40625 0.752778 0.407813 0.75 0.415625 0.75 0.417188 0.747222 0.423438 0.747222 0.425 0.744444 0.428125 0.744444 0.43125 0.738889 0.432813 0.738889 0.442187 0.722222 0.44375 0.722222 0.446875 0.716667 0.448438 0.716667 0.45 0.713889 0.451562 0.713889 0.454688 0.708333 0.45625 0.708333 0.457812 0.705556 0.4625 0.705556 0.464063 0.702778 0.467187 0.702778 0.46875 0.7 0.470313 0.7 0.471875 0.697222 0.476562 0.697222 0.478125 0.694444 0.479688 0.694444 0.48125 0.691667 0.4875 0.691667 0.489062 0.688889 0.492188 0.688889 0.49375 0.686111 0.496875 0.686111 0.498437 0.683333 0.501562 0.683333 0.503125 0.680556 0.504687 0.680556 0.50625 0.677778 0.507812 0.677778 0.509375 0.675 0.510938 0.675 0.5125 0.672222 0.51875 0.672222 0.520312 0.669444 0.525 0.669444 0.526563 0.666667 0.528125 0.666667 0.529688 0.663889 0.53125 0.663889 0.534375 0.658333 0.535937 0.658333 0.5375 0.655556 0.540625 0.655556 0.542188 0.652778 0.553125 0.652778 0.554688 0.655556 0.559375 0.655556 0.560938 0.658333 0.5625 0.658333 0.564062 0.661111 0.565625 0.661111 0.567187 0.663889 0.56875 0.663889 0.573438 0.672222 0.573438 0.675 0.576563 0.680556 0.576563 0.683333 0.578125 0.686111 0.578125 0.688889 0.579687 0.691667 0.579687 0.697222 0.58125 0.7 0.58125 0.736111 0.579687 0.738889 0.58125 0.741667 0.58125 0.75 0.584375 0.755556 0.585938 0.755556 0.5875 0.758333 0.589063 0.758333 0.592188 0.763889 0.59375 0.763889 0.595312 0.766667 0.596875 0.766667 0.598437 0.769444 0.598437 0.775 0.6 0.777778 0.6 0.783333 0.601562 0.786111 0.601562 0.788889 0.604688 0.794444 0.604688 0.797222 0.60625 0.8 0.60625 0.805556 0.607813 0.808333 0.607813 0.813889 0.609375 0.816667 0.609375 0.819444 0.607813 0.822222 0.607813 0.841667 0.60625 0.844444 0.60625 0.886111 0.607813 0.888889 0.607813 0.891667 0.609375 0.894444 0.609375 0.897222 0.610937 0.9 0.610937 0.902778 0.6125 0.905556 0.6125 0.916667 0.614062 0.919444 0.614062 0.969444 0.857813 0.969444 0.857813 0.961111 0.860937 0.955556 0.8625 0.955556 0.864062 0.952778 0.865625 0.952778 0.867188 0.95 0.86875 0.95 0.873438 0.941667 0.875 0.941667 0.876562 0.938889 0.878125 0.938889 0.88125 0.933333 0.882812 0.933333 0.889063 0.922222 0.889063 0.919444 0.890625 0.916667 0.890625 0.902778 0.892187 0.9 0.892187 0.805556 0.89375 0.802778 0.89375 0.797222 0.892187 0.794444 0.89375 0.791667 0.89375 0.783333 0.895312 0.780556 0.895312 0.761111 0.896875 0.758333 0.896875 0.736111 0.898438 0.733333 0.898438 0.722222 0.9 0.719444 0.9 0.708333 0.901563 0.705556 0.901563 0.552778 0.903125 0.55 0.903125 0.513889 0.904688 0.511111 0.904688 0.466667 0.90625 0.463889 0.90625 0.438889 0.907812 0.436111 0.907812 0.380556 0.909375 0.377778 0.909375 0.344444 0.910937 0.341667 0.910937 0.313889 0.9125 0.311111 0.9125 0.291667 0.914062 0.288889 0.914062 0.272222 0.915625 0.269444 0.915625 0.258333 0.917188 0.255556 0.917188 0.158333 0.91875 0.155556 0.91875 0.136111 0.920313 0.133333 0.920313 0.130556 0.921875 0.127778 0.926562 0.127778 0.926562 0.1 0.920313 0.1 0.91875 0.0972222 0.91875 0.0944444 0.914062 0.0861111 0.910937 0.0861111 0.909375 0.0833333 0.904688 0.0833333 0.903125 0.0805556 0.892187 0.0805556 0.890625 0.0777778 0.870313 0.0777778 0.86875 0.075 0.854688 0.075 0.853125 0.0722222 0.832812 0.0722222 0.83125 0.0694444 0.80625 0.0694444 0.804688 0.0666667 0.779688 0.0666667 0.778125 0.0638889 0.757812 0.0638889 0.75625 0.0611111 0.745313 0.0611111 0.74375 0.0583333 0.729688 0.0583333 0.728125 0.0555556 0.720312 0.0555556 0.71875 0.0583333 0.704687 0.0583333 0.703125 0.0555556 0.642187 0.0555556 0.640625 0.0527778 0.592188 0.0527778 0.590625 0.05 0.578125 0.0361111 0.578125 0.0277778 0.576563 0.0277778 0.576563 0.0361111 0.2625 0.961111 0.260938 0.961111 0.259375 0.958333 0.257812 0.961111 0.257812 0.969444 0.2625 0.969444 0.2625 0.961111 0.341563
62 0.267188 0.961111 0.267188 0.969444 0.275 0.969444 0.275 0.961111 0.273438 0.961111 0.271875 0.958333 0.270312 0.958333 0.26875 0.961111 0.267188 0.961111 0.2625 0.961111 0.576563 0.0361111 0.578125 0.0361111 0.590625 0.05 0.557813 0.05 0.554688 0.0444444 0.554688 0.0416667 0.553125 0.0388889 0.553125 0.0277778 0.551562 0.0277778 0.551562 0.0388889 0.55 0.0416667 0.548437 0.0416667 0.546875 0.0444444 0.54375 0.0444444 0.540625 0.0388889 0.540625 0.0277778 0.539062 0.0277778 0.539062 0.0388889 0.5375 0.0416667 0.528125 0.0416667 0.525 0.0472222 0.520312 0.0472222 0.51875 0.0444444 0.517187 0.0444444 0.515625 0.0416667 0.514063 0.0416667 0.5125 0.0444444 0.504687 0.0444444 0.503125 0.0416667 0.501562 0.0416667 0.5 0.0444444 0.465625 0.0444444 0.464063 0.0416667 0.451562 0.0416667 0.45 0.0388889 0.4375 0.0388889 0.435937 0.0361111 0.435937 0.0277778 0.1625 0.0277778 0.1625 0.0416667 0.160938 0.0444444 0.160938 0.0472222 0.159375 0.05 0.159375 0.075 0.157813 0.0777778 0.157813 0.0833333 0.159375 0.0861111 0.159375 0.102778 0.157813 0.105556 0.157813 0.158333 0.15625 0.161111 0.15625 0.230556 0.154687 0.233333 0.154687 0.305556 0.153125 0.308333 0.153125 0.327778 0.151562 0.330556 0.146875 0.330556 0.146875 0.830556 0.153125 0.830556 0.157813 0.838889 0.157813 0.841667 0.159375 0.844444 0.160938 0.844444 0.175 0.869444 0.176563 0.869444 0.18125 0.877778 0.182812 0.877778 0.184375 0.880556 0.185937 0.880556 0.1875 0.883333 0.19375 0.883333 0.195312 0.886111 0.201562 0.886111 0.203125 0.888889 0.210938 0.888889 0.2125 0.891667 0.217187 0.891667 0.21875 0.894444 0.223438 0.894444 0.225 0.897222 0.23125 0.897222 0.232812 0.9 0.240625 0.9 0.242188 0.902778 0.259375 0.902778 0.260938 0.905556 0.284375 0.905556 0.285937 0.908333 0.296875 0.908333 0.298438 0.911111 0.317187 0.911111 0.31875 0.913889 0.335938 0.913889 0.335938 0.908333 0.3375 0.905556 0.3375 0.902778 0.340625 0.897222 0.340625 0.886111 0.342187 0.883333 0.342187 0.866667 0.34375 0.863889 0.34375 0.858333 0.345313 0.855556 0.345313 0.852778 0.346875 0.85 0.346875 0.844444 0.348437 0.841667 0.348437 0.838889 0.35 0.836111 0.35 0.827778 0.351562 0.825 0.351562 0.819444 0.353125 0.816667 0.353125 0.805556 0.354688 0.802778 0.354688 0.8 0.35625 0.797222 0.35625 0.794444 0.367188 0.775 0.36875 0.775 0.373437 0.766667 0.375 0.766667 0.379687 0.758333 0.38125 0.758333 0.382812 0.755556 0.3875 0.755556 0.389062 0.752778 0.40625 0.752778 0.407813 0.75 0.415625 0.75 0.417188 0.747222 0.423438 0.747222 0.425 0.744444 0.428125 0.744444 0.43125 0.738889 0.432813 0.738889 0.442187 0.722222 0.44375 0.722222 0.446875 0.716667 0.448438 0.716667 0.45 0.713889 0.451562 0.713889 0.454688 0.708333 0.45625 0.708333 0.457812 0.705556 0.4625 0.705556 0.464063 0.702778 0.467187 0.702778 0.46875 0.7 0.470313 0.7 0.471875 0.697222 0.476562 0.697222 0.478125 0.694444 0.479688 0.694444 0.48125 0.691667 0.4875 0.691667 0.489062 0.688889 0.492188 0.688889 0.49375 0.686111 0.496875 0.686111 0.498437 0.683333 0.501562 0.683333 0.503125 0.680556 0.504687 0.680556 0.50625 0.677778 0.507812 0.677778 0.509375 0.675 0.510938 0.675 0.5125 0.672222 0.51875 0.672222 0.520312 0.669444 0.525 0.669444 0.526563 0.666667 0.528125 0.666667 0.529688 0.663889 0.53125 0.663889 0.534375 0.658333 0.535937 0.658333 0.5375 0.655556 0.540625 0.655556 0.542188 0.652778 0.553125 0.652778 0.554688 0.655556 0.559375 0.655556 0.560938 0.658333 0.5625 0.658333 0.564062 0.661111 0.565625 0.661111 0.567187 0.663889 0.56875 0.663889 0.573438 0.672222 0.573438 0.675 0.576563 0.680556 0.576563 0.683333 0.578125 0.686111 0.578125 0.688889 0.579687 0.691667 0.579687 0.697222 0.58125 0.7 0.58125 0.736111 0.579687 0.738889 0.58125 0.741667 0.58125 0.75 0.584375 0.755556 0.585938 0.755556 0.5875 0.758333 0.589063 0.758333 0.592188 0.763889 0.59375 0.763889 0.595312 0.766667 0.596875 0.766667 0.598437 0.769444 0.598437 0.775 0.6 0.777778 0.6 0.783333 0.601562 0.786111 0.601562 0.788889 0.604688 0.794444 0.604688 0.797222 0.60625 0.8 0.60625 0.805556 0.607813 0.808333 0.607813 0.813889 0.609375 0.816667 0.609375 0.819444 0.607813 0.822222 0.607813 0.841667 0.60625 0.844444 0.60625 0.886111 0.607813 0.888889 0.607813 0.891667 0.609375 0.894444 0.609375 0.897222 0.610937 0.9 0.610937 0.902778 0.6125 0.905556 0.6125 0.916667 0.614062 0.919444 0.614062 0.969444 0.857813 0.969444 0.857813 0.961111 0.860937 0.955556 0.8625 0.955556 0.864062 0.952778 0.865625 0.952778 0.867188 0.95 0.86875 0.95 0.873438 0.941667 0.875 0.941667 0.876562 0.938889 0.878125 0.938889 0.88125 0.933333 0.882812 0.933333 0.889063 0.922222 0.889063 0.919444 0.890625 0.916667 0.890625 0.902778 0.892187 0.9 0.892187 0.805556 0.89375 0.802778 0.89375 0.797222 0.892187 0.794444 0.89375 0.791667 0.89375 0.783333 0.895312 0.780556 0.895312 0.761111 0.896875 0.758333 0.896875 0.736111 0.898438 0.733333 0.898438 0.722222 0.9 0.719444 0.9 0.708333 0.901563 0.705556 0.901563 0.552778 0.903125 0.55 0.903125 0.513889 0.904688 0.511111 0.904688 0.466667 0.90625 0.463889 0.90625 0.438889 0.907812 0.436111 0.907812 0.380556 0.909375 0.377778 0.909375 0.344444 0.910937 0.341667 0.910937 0.313889 0.9125 0.311111 0.9125 0.291667 0.914062 0.288889 0.914062 0.272222 0.915625 0.269444 0.915625 0.258333 0.917188 0.255556 0.917188 0.158333 0.91875 0.155556 0.91875 0.136111 0.920313 0.133333 0.920313 0.130556 0.921875 0.127778 0.926562 0.127778 0.926562 0.1 0.920313 0.1 0.91875 0.0972222 0.91875 0.0944444 0.914062 0.0861111 0.910937 0.0861111 0.909375 0.0833333 0.904688 0.0833333 0.903125 0.0805556 0.892187 0.0805556 0.890625 0.0777778 0.870313 0.0777778 0.86875 0.075 0.854688 0.075 0.853125 0.0722222 0.832812 0.0722222 0.83125 0.0694444 0.80625 0.0694444 0.804688 0.0666667 0.779688 0.0666667 0.778125 0.0638889 0.757812 0.0638889 0.75625 0.0611111 0.745313 0.0611111 0.74375 0.0583333 0.729688 0.0583333 0.728125 0.0555556 0.720312 0.0555556 0.71875 0.0583333 0.704687 0.0583333 0.703125 0.0555556 0.642187 0.0555556 0.640625 0.0527778 0.592188 0.0527778 0.590625 0.05 0.578125 0.0361111 0.578125 0.0277778 0.576563 0.0277778 0.576563 0.0361111 0.2625 0.961111 0.260938 0.961111 0.259375 0.958333 0.257812 0.961111 0.257812 0.969444 0.2625 0.969444 0.2625 0.961111 0.299487
2 0.501562 0.383333 0.501562 0.394444 0.5 0.397222 0.498437 0.397222 0.496875 0.4 0.495313 0.4 0.49375 0.402778 0.489062 0.402778 0.4875 0.405556 0.479688 0.405556 0.478125 0.408333 0.476562 0.408333 0.475 0.411111 0.473437 0.411111 0.471875 0.413889 0.465625 0.413889 0.465625 0.480556 0.470313 0.480556 0.473437 0.486111 0.475 0.486111 0.476562 0.488889 0.482812 0.488889 0.485938 0.483333 0.4875 0.483333 0.492188 0.475 0.49375 0.475 0.495313 0.472222 0.501562 0.472222 0.503125 0.475 0.507812 0.475 0.509375 0.477778 0.521875 0.477778 0.526563 0.486111 0.526563 0.488889 0.529688 0.494444 0.53125 0.494444 0.532812 0.497222 0.534375 0.497222 0.535937 0.5 0.540625 0.5 0.54375 0.494444 0.54375 0.491667 0.545313 0.488889 0.545313 0.486111 0.551562 0.475 0.567187 0.475 0.570312 0.480556 0.570312 0.483333 0.573438 0.488889 0.575 0.488889 0.576563 0.491667 0.578125 0.491667 0.58125 0.486111 0.582812 0.486111 0.584375 0.483333 0.584375 0.472222 0.585938 0.469444 0.585938 0.422222 0.584375 0.419444 0.584375 0.416667 0.58125 0.411111 0.58125 0.408333 0.578125 0.402778 0.578125 0.4 0.575 0.394444 0.575 0.383333 0.253724
2 0.501562 0.383333 0.501562 0.394444 0.5 0.397222 0.498437 0.397222 0.495313 0.402778 0.489062 0.402778 0.4875 0.405556 0.479688 0.405556 0.478125 0.408333 0.476562 0.408333 0.475 0.411111 0.473437 0.411111 0.471875 0.413889 0.465625 0.413889 0.465625 0.480556 0.470313 0.480556 0.473437 0.486111 0.475 0.486111 0.476562 0.488889 0.482812 0.488889 0.485938 0.483333 0.4875 0.483333 0.492188 0.475 0.49375 0.475 0.495313 0.472222 0.501562 0.472222 0.503125 0.475 0.507812 0.475 0.509375 0.477778 0.521875 0.477778 0.526563 0.486111 0.526563 0.488889 0.529688 0.494444 0.53125 0.494444 0.532812 0.497222 0.534375 0.497222 0.535937 0.5 0.540625 0.5 0.54375 0.494444 0.54375 0.491667 0.545313 0.488889 0.545313 0.486111 0.551562 0.475 0.5625 0.475 0.564062 0.472222 0.565625 0.475 0.567187 0.475 0.570312 0.480556 0.570312 0.483333 0.573438 0.488889 0.575 0.488889 0.576563 0.491667 0.578125 0.491667 0.58125 0.486111 0.582812 0.486111 0.584375 0.483333 0.589063 0.483333 0.589063 0.413889 0.582812 0.413889 0.579687 0.408333 0.579687 0.405556 0.578125 0.402778 0.578125 0.4 0.575 0.394444 0.575 0.383333 0.634972
0 0.534375 0.65 0.534375 0.658333 0.529688 0.666667 0.528125 0.666667 0.525 0.672222 0.520312 0.672222 0.51875 0.675 0.514063 0.675 0.5125 0.677778 0.509375 0.677778 0.507812 0.680556 0.504687 0.680556 0.503125 0.683333 0.501562 0.683333 0.5 0.686111 0.496875 0.686111 0.495313 0.688889 0.490625 0.688889 0.489062 0.691667 0.484375 0.691667 0.482812 0.694444 0.478125 0.694444 0.476562 0.697222 0.473437 0.697222 0.471875 0.7 0.470313 0.7 0.46875 0.702778 0.467187 0.702778 0.465625 0.705556 0.460938 0.705556 0.459375 0.708333 0.45625 0.708333 0.454688 0.711111 0.453125 0.711111 0.451562 0.713889 0.45 0.713889 0.448438 0.716667 0.446875 0.716667 0.432813 0.741667 0.43125 0.741667 0.428125 0.747222 0.425 0.747222 0.423438 0.75 0.417188 0.75 0.415625 0.752778 0.404687 0.752778 0.403125 0.755556 0.392188 0.755556 0.390625 0.758333 0.384375 0.758333 0.382812 0.761111 0.379687 0.761111 0.375 0.769444 0.373437 0.769444 0.367188 0.780556 0.365625 0.780556 0.364062 0.783333 0.364062 0.786111 0.360938 0.791667 0.360938 0.794444 0.359375 0.797222 0.359375 0.8 0.357812 0.802778 0.357812 0.805556 0.35625 0.808333 0.35625 0.816667 0.354688 0.819444 0.354688 0.825 0.353125 0.827778 0.353125 0.833333 0.351562 0.836111 0.346875 0.836111 0.346875 0.941667 0.351562 0.941667 0.354688 0.947222 0.354688 0.95 0.35625 0.952778 0.35625 0.955556 0.357812 0.958333 0.357812 0.961111 0.359375 0.963889 0.359375 0.966667 0.360938 0.969444 0.360938 0.972222 0.3625 0.975 0.3625 0.977778 0.364062 0.980556 0.364062 0.983333 0.365625 0.986111 0.365625 0.988889 0.367188 0.991667 0.367188 1 0.609375 1 0.609375 0.986111 0.607813 0.983333 0.607813 0.980556 0.609375 0.977778 0.609375 0.963889 0.610937 0.961111 0.610937 0.95 0.6125 0.947222 0.6125 0.913889 0.610937 0.911111 0.610937 0.902778 0.609375 0.9 0.609375 0.897222 0.607813 0.894444 0.607813 0.891667 0.60625 0.888889 0.60625 0.880556 0.604688 0.877778 0.604688 0.855556 0.60625 0.852778 0.60625 0.838889 0.607813 0.836111 0.607813 0.819444 0.609375 0.816667 0.607813 0.813889 0.607813 0.811111 0.60625 0.808333 0.60625 0.805556 0.604688 0.802778 0.604688 0.8 0.603125 0.797222 0.603125 0.794444 0.601562 0.791667 0.601562 0.788889 0.595312 0.777778 0.59375 0.777778 0.592188 0.775 0.590625 0.775 0.579687 0.755556 0.579687 0.752778 0.578125 0.75 0.578125 0.733333 0.579687 0.730556 0.579687 0.705556 0.578125 0.702778 0.578125 0.694444 0.576563 0.691667 0.576563 0.688889 0.575 0.686111 0.575 0.683333 0.573438 0.680556 0.573438 0.677778 0.5625 0.658333 0.5625 0.65 0.4892
67 0.267188 0.961111 0.267188 0.969444 0.275 0.969444 0.275 0.961111 0.273438 0.961111 0.271875 0.958333 0.270312 0.958333 0.26875 0.961111 0.267188 0.961111 0.2625 0.961111 0.576563 0.0361111 0.578125 0.0361111 0.590625 0.05 0.557813 0.05 0.554688 0.0444444 0.554688 0.0416667 0.553125 0.0388889 0.553125 0.0277778 0.551562 0.0277778 0.551562 0.0388889 0.55 0.0416667 0.548437 0.0416667 0.546875 0.0444444 0.54375 0.0444444 0.540625 0.0388889 0.540625 0.0277778 0.539062 0.0277778 0.539062 0.0388889 0.5375 0.0416667 0.528125 0.0416667 0.525 0.0472222 0.520312 0.0472222 0.51875 0.0444444 0.517187 0.0444444 0.515625 0.0416667 0.514063 0.0416667 0.5125 0.0444444 0.504687 0.0444444 0.503125 0.0416667 0.501562 0.0416667 0.5 0.0444444 0.465625 0.0444444 0.464063 0.0416667 0.451562 0.0416667 0.45 0.0388889 0.4375 0.0388889 0.435937 0.0361111 0.435937 0.0277778 0.1625 0.0277778 0.1625 0.0416667 0.160938 0.0444444 0.160938 0.0472222 0.159375 0.05 0.159375 0.075 0.157813 0.0777778 0.157813 0.0833333 0.159375 0.0861111 0.159375 0.102778 0.157813 0.105556 0.157813 0.158333 0.15625 0.161111 0.15625 0.230556 0.154687 0.233333 0.154687 0.305556 0.153125 0.308333 0.153125 0.327778 0.151562 0.330556 0.146875 0.330556 0.146875 0.830556 0.153125 0.830556 0.157813 0.838889 0.157813 0.841667 0.159375 0.844444 0.160938 0.844444 0.175 0.869444 0.176563 0.869444 0.18125 0.877778 0.182812 0.877778 0.184375 0.880556 0.185937 0.880556 0.1875 0.883333 0.19375 0.883333 0.195312 0.886111 0.201562 0.886111 0.203125 0.888889 0.210938 0.888889 0.2125 0.891667 0.217187 0.891667 0.21875 0.894444 0.223438 0.894444 0.225 0.897222 0.23125 0.897222 0.232812 0.9 0.240625 0.9 0.242188 0.902778 0.259375 0.902778 0.260938 0.905556 0.284375 0.905556 0.285937 0.908333 0.296875 0.908333 0.298438 0.911111 0.317187 0.911111 0.31875 0.913889 0.335938 0.913889 0.335938 0.908333 0.3375 0.905556 0.3375 0.902778 0.340625 0.897222 0.340625 0.886111 0.342187 0.883333 0.342187 0.866667 0.34375 0.863889 0.34375 0.858333 0.345313 0.855556 0.345313 0.852778 0.346875 0.85 0.346875 0.844444 0.348437 0.841667 0.348437 0.838889 0.35 0.836111 0.35 0.827778 0.351562 0.825 0.351562 0.819444 0.353125 0.816667 0.353125 0.805556 0.354688 0.802778 0.354688 0.8 0.35625 0.797222 0.35625 0.794444 0.367188 0.775 0.36875 0.775 0.373437 0.766667 0.375 0.766667 0.379687 0.758333 0.38125 0.758333 0.382812 0.755556 0.3875 0.755556 0.389062 0.752778 0.40625 0.752778 0.407813 0.75 0.415625 0.75 0.417188 0.747222 0.423438 0.747222 0.425 0.744444 0.428125 0.744444 0.43125 0.738889 0.432813 0.738889 0.442187 0.722222 0.44375 0.722222 0.446875 0.716667 0.448438 0.716667 0.45 0.713889 0.451562 0.713889 0.454688 0.708333 0.45625 0.708333 0.457812 0.705556 0.4625 0.705556 0.464063 0.702778 0.467187 0.702778 0.46875 0.7 0.470313 0.7 0.471875 0.697222 0.476562 0.697222 0.478125 0.694444 0.479688 0.694444 0.48125 0.691667 0.4875 0.691667 0.489062 0.688889 0.492188 0.688889 0.49375 0.686111 0.496875 0.686111 0.498437 0.683333 0.501562 0.683333 0.503125 0.680556 0.504687 0.680556 0.50625 0.677778 0.507812 0.677778 0.509375 0.675 0.510938 0.675 0.5125 0.672222 0.51875 0.672222 0.520312 0.669444 0.525 0.669444 0.526563 0.666667 0.528125 0.666667 0.529688 0.663889 0.53125 0.663889 0.534375 0.658333 0.535937 0.658333 0.5375 0.655556 0.540625 0.655556 0.542188 0.652778 0.553125 0.652778 0.554688 0.655556 0.559375 0.655556 0.560938 0.658333 0.5625 0.658333 0.564062 0.661111 0.565625 0.661111 0.567187 0.663889 0.56875 0.663889 0.573438 0.672222 0.573438 0.675 0.576563 0.680556 0.576563 0.683333 0.578125 0.686111 0.578125 0.688889 0.579687 0.691667 0.579687 0.697222 0.58125 0.7 0.58125 0.736111 0.579687 0.738889 0.58125 0.741667 0.58125 0.75 0.584375 0.755556 0.585938 0.755556 0.5875 0.758333 0.589063 0.758333 0.592188 0.763889 0.59375 0.763889 0.595312 0.766667 0.596875 0.766667 0.598437 0.769444 0.598437 0.775 0.6 0.777778 0.6 0.783333 0.601562 0.786111 0.601562 0.788889 0.604688 0.794444 0.604688 0.797222 0.60625 0.8 0.60625 0.805556 0.607813 0.808333 0.607813 0.813889 0.609375 0.816667 0.609375 0.819444 0.607813 0.822222 0.607813 0.841667 0.60625 0.844444 0.60625 0.886111 0.607813 0.888889 0.607813 0.891667 0.609375 0.894444 0.609375 0.897222 0.610937 0.9 0.610937 0.902778 0.6125 0.905556 0.6125 0.916667 0.614062 0.919444 0.614062 0.969444 0.857813 0.969444 0.857813 0.961111 0.860937 0.955556 0.8625 0.955556 0.864062 0.952778 0.865625 0.952778 0.867188 0.95 0.86875 0.95 0.873438 0.941667 0.875 0.941667 0.876562 0.938889 0.878125 0.938889 0.88125 0.933333 0.882812 0.933333 0.889063 0.922222 0.889063 0.919444 0.890625 0.916667 0.890625 0.902778 0.892187 0.9 0.892187 0.805556 0.89375 0.802778 0.89375 0.797222 0.892187 0.794444 0.89375 0.791667 0.89375 0.783333 0.895312 0.780556 0.895312 0.761111 0.896875 0.758333 0.896875 0.736111 0.898438 0.733333 0.898438 0.722222 0.9 0.719444 0.9 0.708333 0.901563 0.705556 0.901563 0.552778 0.903125 0.55 0.903125 0.513889 0.904688 0.511111 0.904688 0.466667 0.90625 0.463889 0.90625 0.438889 0.907812 0.436111 0.907812 0.380556 0.909375 0.377778 0.909375 0.344444 0.910937 0.341667 0.910937 0.313889 0.9125 0.311111 0.9125 0.291667 0.914062 0.288889 0.914062 0.272222 0.915625 0.269444 0.915625 0.258333 0.917188 0.255556 0.917188 0.158333 0.91875 0.155556 0.91875 0.136111 0.920313 0.133333 0.920313 0.130556 0.921875 0.127778 0.926562 0.127778 0.926562 0.1 0.920313 0.1 0.91875 0.0972222 0.91875 0.0944444 0.914062 0.0861111 0.910937 0.0861111 0.909375 0.0833333 0.904688 0.0833333 0.903125 0.0805556 0.892187 0.0805556 0.890625 0.0777778 0.870313 0.0777778 0.86875 0.075 0.854688 0.075 0.853125 0.0722222 0.832812 0.0722222 0.83125 0.0694444 0.80625 0.0694444 0.804688 0.0666667 0.779688 0.0666667 0.778125 0.0638889 0.757812 0.0638889 0.75625 0.0611111 0.745313 0.0611111 0.74375 0.0583333 0.729688 0.0583333 0.728125 0.0555556 0.720312 0.0555556 0.71875 0.0583333 0.704687 0.0583333 0.703125 0.0555556 0.642187 0.0555556 0.640625 0.0527778 0.592188 0.0527778 0.590625 0.05 0.578125 0.0361111 0.578125 0.0277778 0.576563 0.0277778 0.576563 0.0361111 0.2625 0.961111 0.260938 0.961111 0.259375 0.958333 0.257812 0.961111 0.257812 0.969444 0.2625 0.969444 0.2625 0.961111 0.341563
62 0.267188 0.961111 0.267188 0.969444 0.275 0.969444 0.275 0.961111 0.273438 0.961111 0.271875 0.958333 0.270312 0.958333 0.26875 0.961111 0.267188 0.961111 0.2625 0.961111 0.576563 0.0361111 0.578125 0.0361111 0.590625 0.05 0.557813 0.05 0.554688 0.0444444 0.554688 0.0416667 0.553125 0.0388889 0.553125 0.0277778 0.551562 0.0277778 0.551562 0.0388889 0.55 0.0416667 0.548437 0.0416667 0.546875 0.0444444 0.54375 0.0444444 0.540625 0.0388889 0.540625 0.0277778 0.539062 0.0277778 0.539062 0.0388889 0.5375 0.0416667 0.528125 0.0416667 0.525 0.0472222 0.520312 0.0472222 0.51875 0.0444444 0.517187 0.0444444 0.515625 0.0416667 0.514063 0.0416667 0.5125 0.0444444 0.504687 0.0444444 0.503125 0.0416667 0.501562 0.0416667 0.5 0.0444444 0.465625 0.0444444 0.464063 0.0416667 0.451562 0.0416667 0.45 0.0388889 0.4375 0.0388889 0.435937 0.0361111 0.435937 0.0277778 0.1625 0.0277778 0.1625 0.0416667 0.160938 0.0444444 0.160938 0.0472222 0.159375 0.05 0.159375 0.075 0.157813 0.0777778 0.157813 0.0833333 0.159375 0.0861111 0.159375 0.102778 0.157813 0.105556 0.157813 0.158333 0.15625 0.161111 0.15625 0.230556 0.154687 0.233333 0.154687 0.305556 0.153125 0.308333 0.153125 0.327778 0.151562 0.330556 0.146875 0.330556 0.146875 0.830556 0.153125 0.830556 0.157813 0.838889 0.157813 0.841667 0.159375 0.844444 0.160938 0.844444 0.175 0.869444 0.176563 0.869444 0.18125 0.877778 0.182812 0.877778 0.184375 0.880556 0.185937 0.880556 0.1875 0.883333 0.19375 0.883333 0.195312 0.886111 0.201562 0.886111 0.203125 0.888889 0.210938 0.888889 0.2125 0.891667 0.217187 0.891667 0.21875 0.894444 0.223438 0.894444 0.225 0.897222 0.23125 0.897222 0.232812 0.9 0.240625 0.9 0.242188 0.902778 0.259375 0.902778 0.260938 0.905556 0.284375 0.905556 0.285937 0.908333 0.296875 0.908333 0.298438 0.911111 0.317187 0.911111 0.31875 0.913889 0.335938 0.913889 0.335938 0.908333 0.3375 0.905556 0.3375 0.902778 0.340625 0.897222 0.340625 0.886111 0.342187 0.883333 0.342187 0.866667 0.34375 0.863889 0.34375 0.858333 0.345313 0.855556 0.345313 0.852778 0.346875 0.85 0.346875 0.844444 0.348437 0.841667 0.348437 0.838889 0.35 0.836111 0.35 0.827778 0.351562 0.825 0.351562 0.819444 0.353125 0.816667 0.353125 0.805556 0.354688 0.802778 0.354688 0.8 0.35625 0.797222 0.35625 0.794444 0.367188 0.775 0.36875 0.775 0.373437 0.766667 0.375 0.766667 0.379687 0.758333 0.38125 0.758333 0.382812 0.755556 0.3875 0.755556 0.389062 0.752778 0.40625 0.752778 0.407813 0.75 0.415625 0.75 0.417188 0.747222 0.423438 0.747222 0.425 0.744444 0.428125 0.744444 0.43125 0.738889 0.432813 0.738889 0.442187 0.722222 0.44375 0.722222 0.446875 0.716667 0.448438 0.716667 0.45 0.713889 0.451562 0.713889 0.454688 0.708333 0.45625 0.708333 0.457812 0.705556 0.4625 0.705556 0.464063 0.702778 0.467187 0.702778 0.46875 0.7 0.470313 0.7 0.471875 0.697222 0.476562 0.697222 0.478125 0.694444 0.479688 0.694444 0.48125 0.691667 0.4875 0.691667 0.489062 0.688889 0.492188 0.688889 0.49375 0.686111 0.496875 0.686111 0.498437 0.683333 0.501562 0.683333 0.503125 0.680556 0.504687 0.680556 0.50625 0.677778 0.507812 0.677778 0.509375 0.675 0.510938 0.675 0.5125 0.672222 0.51875 0.672222 0.520312 0.669444 0.525 0.669444 0.526563 0.666667 0.528125 0.666667 0.529688 0.663889 0.53125 0.663889 0.534375 0.658333 0.535937 0.658333 0.5375 0.655556 0.540625 0.655556 0.542188 0.652778 0.553125 0.652778 0.554688 0.655556 0.559375 0.655556 0.560938 0.658333 0.5625 0.658333 0.564062 0.661111 0.565625 0.661111 0.567187 0.663889 0.56875 0.663889 0.573438 0.672222 0.573438 0.675 0.576563 0.680556 0.576563 0.683333 0.578125 0.686111 0.578125 0.688889 0.579687 0.691667 0.579687 0.697222 0.58125 0.7 0.58125 0.736111 0.579687 0.738889 0.58125 0.741667 0.58125 0.75 0.584375 0.755556 0.585938 0.755556 0.5875 0.758333 0.589063 0.758333 0.592188 0.763889 0.59375 0.763889 0.595312 0.766667 0.596875 0.766667 0.598437 0.769444 0.598437 0.775 0.6 0.777778 0.6 0.783333 0.601562 0.786111 0.601562 0.788889 0.604688 0.794444 0.604688 0.797222 0.60625 0.8 0.60625 0.805556 0.607813 0.808333 0.607813 0.813889 0.609375 0.816667 0.609375 0.819444 0.607813 0.822222 0.607813 0.841667 0.60625 0.844444 0.60625 0.886111 0.607813 0.888889 0.607813 0.891667 0.609375 0.894444 0.609375 0.897222 0.610937 0.9 0.610937 0.902778 0.6125 0.905556 0.6125 0.916667 0.614062 0.919444 0.614062 0.969444 0.857813 0.969444 0.857813 0.961111 0.860937 0.955556 0.8625 0.955556 0.864062 0.952778 0.865625 0.952778 0.867188 0.95 0.86875 0.95 0.873438 0.941667 0.875 0.941667 0.876562 0.938889 0.878125 0.938889 0.88125 0.933333 0.882812 0.933333 0.889063 0.922222 0.889063 0.919444 0.890625 0.916667 0.890625 0.902778 0.892187 0.9 0.892187 0.805556 0.89375 0.802778 0.89375 0.797222 0.892187 0.794444 0.89375 0.791667 0.89375 0.783333 0.895312 0.780556 0.895312 0.761111 0.896875 0.758333 0.896875 0.736111 0.898438 0.733333 0.898438 0.722222 0.9 0.719444 0.9 0.708333 0.901563 0.705556 0.901563 0.552778 0.903125 0.55 0.903125 0.513889 0.904688 0.511111 0.904688 0.466667 0.90625 0.463889 0.90625 0.438889 0.907812 0.436111 0.907812 0.380556 0.909375 0.377778 0.909375 0.344444 0.910937 0.341667 0.910937 0.313889 0.9125 0.311111 0.9125 0.291667 0.914062 0.288889 0.914062 0.272222 0.915625 0.269444 0.915625 0.258333 0.917188 0.255556 0.917188 0.158333 0.91875 0.155556 0.91875 0.136111 0.920313 0.133333 0.920313 0.130556 0.921875 0.127778 0.926562 0.127778 0.926562 0.1 0.920313 0.1 0.91875 0.0972222 0.91875 0.0944444 0.914062 0.0861111 0.910937 0.0861111 0.909375 0.0833333 0.904688 0.0833333 0.903125 0.0805556 0.892187 0.0805556 0.890625 0.0777778 0.870313 0.0777778 0.86875 0.075 0.854688 0.075 0.853125 0.0722222 0.832812 0.0722222 0.83125 0.0694444 0.80625 0.0694444 0.804688 0.0666667 0.779688 0.0666667 0.778125 0.0638889 0.757812 0.0638889 0.75625 0.0611111 0.745313 0.0611111 0.74375 0.0583333 0.729688 0.0583333 0.728125 0.0555556 0.720312 0.0555556 0.71875 0.0583333 0.704687 0.0583333 0.703125 0.0555556 0.642187 0.0555556 0.640625 0.0527778 0.592188 0.0527778 0.590625 0.05 0.578125 0.0361111 0.578125 0.0277778 0.576563 0.0277778 0.576563 0.0361111 0.2625 0.961111 0.260938 0.961111 0.259375 0.958333 0.257812 0.961111 0.257812 0.969444 0.2625 0.969444 0.2625 0.961111 0.299487
2 0.501562 0.383333 0.501562 0.394444 0.5 0.397222 0.498437 0.397222 0.496875 0.4 0.495313 0.4 0.49375 0.402778 0.489062 0.402778 0.4875 0.405556 0.479688 0.405556 0.478125 0.408333 0.476562 0.408333 0.475 0.411111 0.473437 0.411111 0.471875 0.413889 0.465625 0.413889 0.465625 0.480556 0.470313 0.480556 0.473437 0.486111 0.475 0.486111 0.476562 0.488889 0.482812 0.488889 0.485938 0.483333 0.4875 0.483333 0.492188 0.475 0.49375 0.475 0.495313 0.472222 0.501562 0.472222 0.503125 0.475 0.507812 0.475 0.509375 0.477778 0.521875 0.477778 0.526563 0.486111 0.526563 0.488889 0.529688 0.494444 0.53125 0.494444 0.532812 0.497222 0.534375 0.497222 0.535937 0.5 0.540625 0.5 0.54375 0.494444 0.54375 0.491667 0.545313 0.488889 0.545313 0.486111 0.551562 0.475 0.567187 0.475 0.570312 0.480556 0.570312 0.483333 0.573438 0.488889 0.575 0.488889 0.576563 0.491667 0.578125 0.491667 0.58125 0.486111 0.582812 0.486111 0.584375 0.483333 0.584375 0.472222 0.585938 0.469444 0.585938 0.422222 0.584375 0.419444 0.584375 0.416667 0.58125 0.411111 0.58125 0.408333 0.578125 0.402778 0.578125 0.4 0.575 0.394444 0.575 0.383333 0.253724
2 0.501562 0.383333 0.501562 0.394444 0.5 0.397222 0.498437 0.397222 0.495313 0.402778 0.489062 0.402778 0.4875 0.405556 0.479688 0.405556 0.478125 0.408333 0.476562 0.408333 0.475 0.411111 0.473437 0.411111 0.471875 0.413889 0.465625 0.413889 0.465625 0.480556 0.470313 0.480556 0.473437 0.486111 0.475 0.486111 0.476562 0.488889 0.482812 0.488889 0.485938 0.483333 0.4875 0.483333 0.492188 0.475 0.49375 0.475 0.495313 0.472222 0.501562 0.472222 0.503125 0.475 0.507812 0.475 0.509375 0.477778 0.521875 0.477778 0.526563 0.486111 0.526563 0.488889 0.529688 0.494444 0.53125 0.494444 0.532812 0.497222 0.534375 0.497222 0.535937 0.5 0.540625 0.5 0.54375 0.494444 0.54375 0.491667 0.545313 0.488889 0.545313 0.486111 0.551562 0.475 0.5625 0.475 0.564062 0.472222 0.565625 0.475 0.567187 0.475 0.570312 0.480556 0.570312 0.483333 0.573438 0.488889 0.575 0.488889 0.576563 0.491667 0.578125 0.491667 0.58125 0.486111 0.582812 0.486111 0.584375 0.483333 0.589063 0.483333 0.589063 0.413889 0.582812 0.413889 0.579687 0.408333 0.579687 0.405556 0.578125 0.402778 0.578125 0.4 0.575 0.394444 0.575 0.383333 0.634972
0 0.534375 0.65 0.534375 0.658333 0.529688 0.666667 0.528125 0.666667 0.525 0.672222 0.520312 0.672222 0.51875 0.675 0.514063 0.675 0.5125 0.677778 0.509375 0.677778 0.507812 0.680556 0.504687 0.680556 0.503125 0.683333 0.501562 0.683333 0.5 0.686111 0.496875 0.686111 0.495313 0.688889 0.490625 0.688889 0.489062 0.691667 0.484375 0.691667 0.482812 0.694444 0.478125 0.694444 0.476562 0.697222 0.473437 0.697222 0.471875 0.7 0.470313 0.7 0.46875 0.702778 0.467187 0.702778 0.465625 0.705556 0.460938 0.705556 0.459375 0.708333 0.45625 0.708333 0.454688 0.711111 0.453125 0.711111 0.451562 0.713889 0.45 0.713889 0.448438 0.716667 0.446875 0.716667 0.432813 0.741667 0.43125 0.741667 0.428125 0.747222 0.425 0.747222 0.423438 0.75 0.417188 0.75 0.415625 0.752778 0.404687 0.752778 0.403125 0.755556 0.392188 0.755556 0.390625 0.758333 0.384375 0.758333 0.382812 0.761111 0.379687 0.761111 0.375 0.769444 0.373437 0.769444 0.367188 0.780556 0.365625 0.780556 0.364062 0.783333 0.364062 0.786111 0.360938 0.791667 0.360938 0.794444 0.359375 0.797222 0.359375 0.8 0.357812 0.802778 0.357812 0.805556 0.35625 0.808333 0.35625 0.816667 0.354688 0.819444 0.354688 0.825 0.353125 0.827778 0.353125 0.833333 0.351562 0.836111 0.346875 0.836111 0.346875 0.941667 0.351562 0.941667 0.354688 0.947222 0.354688 0.95 0.35625 0.952778 0.35625 0.955556 0.357812 0.958333 0.357812 0.961111 0.359375 0.963889 0.359375 0.966667 0.360938 0.969444 0.360938 0.972222 0.3625 0.975 0.3625 0.977778 0.364062 0.980556 0.364062 0.983333 0.365625 0.986111 0.365625 0.988889 0.367188 0.991667 0.367188 1 0.609375 1 0.609375 0.986111 0.607813 0.983333 0.607813 0.980556 0.609375 0.977778 0.609375 0.963889 0.610937 0.961111 0.610937 0.95 0.6125 0.947222 0.6125 0.913889 0.610937 0.911111 0.610937 0.902778 0.609375 0.9 0.609375 0.897222 0.607813 0.894444 0.607813 0.891667 0.60625 0.888889 0.60625 0.880556 0.604688 0.877778 0.604688 0.855556 0.60625 0.852778 0.60625 0.838889 0.607813 0.836111 0.607813 0.819444 0.609375 0.816667 0.607813 0.813889 0.607813 0.811111 0.60625 0.808333 0.60625 0.805556 0.604688 0.802778 0.604688 0.8 0.603125 0.797222 0.603125 0.794444 0.601562 0.791667 0.601562 0.788889 0.595312 0.777778 0.59375 0.777778 0.592188 0.775 0.590625 0.775 0.579687 0.755556 0.579687 0.752778 0.578125 0.75 0.578125 0.733333 0.579687 0.730556 0.579687 0.705556 0.578125 0.702778 0.578125 0.694444 0.576563 0.691667 0.576563 0.688889 0.575 0.686111 0.575 0.683333 0.573438 0.680556 0.573438 0.677778 0.5625 0.658333 0.5625 0.65 0.4892
67 0.267188 0.961111 0.267188 0.969444 0.275 0.969444 0.275 0.961111 0.273438 0.961111 0.271875 0.958333 0.270312 0.958333 0.26875 0.961111 0.267188 0.961111 0.2625 0.961111 0.576563 0.0361111 0.578125 0.0361111 0.590625 0.05 0.557813 0.05 0.554688 0.0444444 0.554688 0.0416667 0.553125 0.0388889 0.553125 0.0277778 0.551562 0.0277778 0.551562 0.0388889 0.55 0.0416667 0.548437 0.0416667 0.546875 0.0444444 0.54375 0.0444444 0.540625 0.0388889 0.540625 0.0277778 0.539062 0.0277778 0.539062 0.0388889 0.5375 0.0416667 0.528125 0.0416667 0.525 0.0472222 0.520312 0.0472222 0.51875 0.0444444 0.517187 0.0444444 0.515625 0.0416667 0.514063 0.0416667 0.5125 0.0444444 0.504687 0.0444444 0.503125 0.0416667 0.501562 0.0416667 0.5 0.0444444 0.465625 0.0444444 0.464063 0.0416667 0.451562 0.0416667 0.45 0.0388889 0.4375 0.0388889 0.435937 0.0361111 0.435937 0.0277778 0.1625 0.0277778 0.1625 0.0416667 0.160938 0.0444444 0.160938 0.0472222 0.159375 0.05 0.159375 0.075 0.157813 0.0777778 0.157813 0.0833333 0.159375 0.0861111 0.159375 0.102778 0.157813 0.105556 0.157813 0.158333 0.15625 0.161111 0.15625 0.230556 0.154687 0.233333 0.154687 0.305556 0.153125 0.308333 0.153125 0.327778 0.151562 0.330556 0.146875 0.330556 0.146875 0.830556 0.153125 0.830556 0.157813 0.838889 0.157813 0.841667 0.159375 0.844444 0.160938 0.844444 0.175 0.869444 0.176563 0.869444 0.18125 0.877778 0.182812 0.877778 0.184375 0.880556 0.185937 0.880556 0.1875 0.883333 0.19375 0.883333 0.195312 0.886111 0.201562 0.886111 0.203125 0.888889 0.210938 0.888889 0.2125 0.891667 0.217187 0.891667 0.21875 0.894444 0.223438 0.894444 0.225 0.897222 0.23125 0.897222 0.232812 0.9 0.240625 0.9 0.242188 0.902778 0.259375 0.902778 0.260938 0.905556 0.284375 0.905556 0.285937 0.908333 0.296875 0.908333 0.298438 0.911111 0.317187 0.911111 0.31875 0.913889 0.335938 0.913889 0.335938 0.908333 0.3375 0.905556 0.3375 0.902778 0.340625 0.897222 0.340625 0.886111 0.342187 0.883333 0.342187 0.866667 0.34375 0.863889 0.34375 0.858333 0.345313 0.855556 0.345313 0.852778 0.346875 0.85 0.346875 0.844444 0.348437 0.841667 0.348437 0.838889 0.35 0.836111 0.35 0.827778 0.351562 0.825 0.351562 0.819444 0.353125 0.816667 0.353125 0.805556 0.354688 0.802778 0.354688 0.8 0.35625 0.797222 0.35625 0.794444 0.367188 0.775 0.36875 0.775 0.373437 0.766667 0.375 0.766667 0.379687 0.758333 0.38125 0.758333 0.382812 0.755556 0.3875 0.755556 0.389062 0.752778 0.40625 0.752778 0.407813 0.75 0.415625 0.75 0.417188 0.747222 0.423438 0.747222 0.425 0.744444 0.428125 0.744444 0.43125 0.738889 0.432813 0.738889 0.442187 0.722222 0.44375 0.722222 0.446875 0.716667 0.448438 0.716667 0.45 0.713889 0.451562 0.713889 0.454688 0.708333 0.45625 0.708333 0.457812 0.705556 0.4625 0.705556 0.464063 0.702778 0.467187 0.702778 0.46875 0.7 0.470313 0.7 0.471875 0.697222 0.476562 0.697222 0.478125 0.694444 0.479688 0.694444 0.48125 0.691667 0.4875 0.691667 0.489062 0.688889 0.492188 0.688889 0.49375 0.686111 0.496875 0.686111 0.498437 0.683333 0.501562 0.683333 0.503125 0.680556 0.504687 0.680556 0.50625 0.677778 0.507812 0.677778 0.509375 0.675 0.510938 0.675 0.5125 0.672222 0.51875 0.672222 0.520312 0.669444 0.525 0.669444 0.526563 0.666667 0.528125 0.666667 0.529688 0.663889 0.53125 0.663889 0.534375 0.658333 0.535937 0.658333 0.5375 0.655556 0.540625 0.655556 0.542188 0.652778 0.553125 0.652778 0.554688 0.655556 0.559375 0.655556 0.560938 0.658333 0.5625 0.658333 0.564062 0.661111 0.565625 0.661111 0.567187 0.663889 0.56875 0.663889 0.573438 0.672222 0.573438 0.675 0.576563 0.680556 0.576563 0.683333 0.578125 0.686111 0.578125 0.688889 0.579687 0.691667 0.579687 0.697222 0.58125 0.7 0.58125 0.736111 0.579687 0.738889 0.58125 0.741667 0.58125 0.75 0.584375 0.755556 0.585938 0.755556 0.5875 0.758333 0.589063 0.758333 0.592188 0.763889 0.59375 0.763889 0.595312 0.766667 0.596875 0.766667 0.598437 0.769444 0.598437 0.775 0.6 0.777778 0.6 0.783333 0.601562 0.786111 0.601562 0.788889 0.604688 0.794444 0.604688 0.797222 0.60625 0.8 0.60625 0.805556 0.607813 0.808333 0.607813 0.813889 0.609375 0.816667 0.609375 0.819444 0.607813 0.822222 0.607813 0.841667 0.60625 0.844444 0.60625 0.886111 0.607813 0.888889 0.607813 0.891667 0.609375 0.894444 0.609375 0.897222 0.610937 0.9 0.610937 0.902778 0.6125 0.905556 0.6125 0.916667 0.614062 0.919444 0.614062 0.969444 0.857813 0.969444 0.857813 0.961111 0.860937 0.955556 0.8625 0.955556 0.864062 0.952778 0.865625 0.952778 0.867188 0.95 0.86875 0.95 0.873438 0.941667 0.875 0.941667 0.876562 0.938889 0.878125 0.938889 0.88125 0.933333 0.882812 0.933333 0.889063 0.922222 0.889063 0.919444 0.890625 0.916667 0.890625 0.902778 0.892187 0.9 0.892187 0.805556 0.89375 0.802778 0.89375 0.797222 0.892187 0.794444 0.89375 0.791667 0.89375 0.783333 0.895312 0.780556 0.895312 0.761111 0.896875 0.758333 0.896875 0.736111 0.898438 0.733333 0.898438 0.722222 0.9 0.719444 0.9 0.708333 0.901563 0.705556 0.901563 0.552778 0.903125 0.55 0.903125 0.513889 0.904688 0.511111 0.904688 0.466667 0.90625 0.463889 0.90625 0.438889 0.907812 0.436111 0.907812 0.380556 0.909375 0.377778 0.909375 0.344444 0.910937 0.341667 0.910937 0.313889 0.9125 0.311111 0.9125 0.291667 0.914062 0.288889 0.914062 0.272222 0.915625 0.269444 0.915625 0.258333 0.917188 0.255556 0.917188 0.158333 0.91875 0.155556 0.91875 0.136111 0.920313 0.133333 0.920313 0.130556 0.921875 0.127778 0.926562 0.127778 0.926562 0.1 0.920313 0.1 0.91875 0.0972222 0.91875 0.0944444 0.914062 0.0861111 0.910937 0.0861111 0.909375 0.0833333 0.904688 0.0833333 0.903125 0.0805556 0.892187 0.0805556 0.890625 0.0777778 0.870313 0.0777778 0.86875 0.075 0.854688 0.075 0.853125 0.0722222 0.832812 0.0722222 0.83125 0.0694444 0.80625 0.0694444 0.804688 0.0666667 0.779688 0.0666667 0.778125 0.0638889 0.757812 0.0638889 0.75625 0.0611111 0.745313 0.0611111 0.74375 0.0583333 0.729688 0.0583333 0.728125 0.0555556 0.720312 0.0555556 0.71875 0.0583333 0.704687 0.0583333 0.703125 0.0555556 0.642187 0.0555556 0.640625 0.0527778 0.592188 0.0527778 0.590625 0.05 0.578125 0.0361111 0.578125 0.0277778 0.576563 0.0277778 0.576563 0.0361111 0.2625 0.961111 0.260938 0.961111 0.259375 0.958333 0.257812 0.961111 0.257812 0.969444 0.2625 0.969444 0.2625 0.961111 0.341563
62 0.267188 0.961111 0.267188 0.969444 0.275 0.969444 0.275 0.961111 0.273438 0.961111 0.271875 0.958333 0.270312 0.958333 0.26875 0.961111 0.267188 0.961111 0.2625 0.961111 0.576563 0.0361111 0.578125 0.0361111 0.590625 0.05 0.557813 0.05 0.554688 0.0444444 0.554688 0.0416667 0.553125 0.0388889 0.553125 0.0277778 0.551562 0.0277778 0.551562 0.0388889 0.55 0.0416667 0.548437 0.0416667 0.546875 0.0444444 0.54375 0.0444444 0.540625 0.0388889 0.540625 0.0277778 0.539062 0.0277778 0.539062 0.0388889 0.5375 0.0416667 0.528125 0.0416667 0.525 0.0472222 0.520312 0.0472222 0.51875 0.0444444 0.517187 0.0444444 0.515625 0.0416667 0.514063 0.0416667 0.5125 0.0444444 0.504687 0.0444444 0.503125 0.0416667 0.501562 0.0416667 0.5 0.0444444 0.465625 0.0444444 0.464063 0.0416667 0.451562 0.0416667 0.45 0.0388889 0.4375 0.0388889 0.435937 0.0361111 0.435937 0.0277778 0.1625 0.0277778 0.1625 0.0416667 0.160938 0.0444444 0.160938 0.0472222 0.159375 0.05 0.159375 0.075 0.157813 0.0777778 0.157813 0.0833333 0.159375 0.0861111 0.159375 0.102778 0.157813 0.105556 0.157813 0.158333 0.15625 0.161111 0.15625 0.230556 0.154687 0.233333 0.154687 0.305556 0.153125 0.308333 0.153125 0.327778 0.151562 0.330556 0.146875 0.330556 0.146875 0.830556 0.153125 0.830556 0.157813 0.838889 0.157813 0.841667 0.159375 0.844444 0.160938 0.844444 0.175 0.869444 0.176563 0.869444 0.18125 0.877778 0.182812 0.877778 0.184375 0.880556 0.185937 0.880556 0.1875 0.883333 0.19375 0.883333 0.195312 0.886111 0.201562 0.886111 0.203125 0.888889 0.210938 0.888889 0.2125 0.891667 0.217187 0.891667 0.21875 0.894444 0.223438 0.894444 0.225 0.897222 0.23125 0.897222 0.232812 0.9 0.240625 0.9 0.242188 0.902778 0.259375 0.902778 0.260938 0.905556 0.284375 0.905556 0.285937 0.908333 0.296875 0.908333 0.298438 0.911111 0.317187 0.911111 0.31875 0.913889 0.335938 0.913889 0.335938 0.908333 0.3375 0.905556 0.3375 0.902778 0.340625 0.897222 0.340625 0.886111 0.342187 0.883333 0.342187 0.866667 0.34375 0.863889 0.34375 0.858333 0.345313 0.855556 0.345313 0.852778 0.346875 0.85 0.346875 0.844444 0.348437 0.841667 0.348437 0.838889 0.35 0.836111 0.35 0.827778 0.351562 0.825 0.351562 0.819444 0.353125 0.816667 0.353125 0.805556 0.354688 0.802778 0.354688 0.8 0.35625 0.797222 0.35625 0.794444 0.367188 0.775 0.36875 0.775 0.373437 0.766667 0.375 0.766667 0.379687 0.758333 0.38125 0.758333 0.382812 0.755556 0.3875 0.755556 0.389062 0.752778 0.40625 0.752778 0.407813 0.75 0.415625 0.75 0.417188 0.747222 0.423438 0.747222 0.425 0.744444 0.428125 0.744444 0.43125 0.738889 0.432813 0.738889 0.442187 0.722222 0.44375 0.722222 0.446875 0.716667 0.448438 0.716667 0.45 0.713889 0.451562 0.713889 0.454688 0.708333 0.45625 0.708333 0.457812 0.705556 0.4625 0.705556 0.464063 0.702778 0.467187 0.702778 0.46875 0.7 0.470313 0.7 0.471875 0.697222 0.476562 0.697222 0.478125 0.694444 0.479688 0.694444 0.48125 0.691667 0.4875 0.691667 0.489062 0.688889 0.492188 0.688889 0.49375 0.686111 0.496875 0.686111 0.498437 0.683333 0.501562 0.683333 0.503125 0.680556 0.504687 0.680556 0.50625 0.677778 0.507812 0.677778 0.509375 0.675 0.510938 0.675 0.5125 0.672222 0.51875 0.672222 0.520312 0.669444 0.525 0.669444 0.526563 0.666667 0.528125 0.666667 0.529688 0.663889 0.53125 0.663889 0.534375 0.658333 0.535937 0.658333 0.5375 0.655556 0.540625 0.655556 0.542188 0.652778 0.553125 0.652778 0.554688 0.655556 0.559375 0.655556 0.560938 0.658333 0.5625 0.658333 0.564062 0.661111 0.565625 0.661111 0.567187 0.663889 0.56875 0.663889 0.573438 0.672222 0.573438 0.675 0.576563 0.680556 0.576563 0.683333 0.578125 0.686111 0.578125 0.688889 0.579687 0.691667 0.579687 0.697222 0.58125 0.7 0.58125 0.736111 0.579687 0.738889 0.58125 0.741667 0.58125 0.75 0.584375 0.755556 0.585938 0.755556 0.5875 0.758333 0.589063 0.758333 0.592188 0.763889 0.59375 0.763889 0.595312 0.766667 0.596875 0.766667 0.598437 0.769444 0.598437 0.775 0.6 0.777778 0.6 0.783333 0.601562 0.786111 0.601562 0.788889 0.604688 0.794444 0.604688 0.797222 0.60625 0.8 0.60625 0.805556 0.607813 0.808333 0.607813 0.813889 0.609375 0.816667 0.609375 0.819444 0.607813 0.822222 0.607813 0.841667 0.60625 0.844444 0.60625 0.886111 0.607813 0.888889 0.607813 0.891667 0.609375 0.894444 0.609375 0.897222 0.610937 0.9 0.610937 0.902778 0.6125 0.905556 0.6125 0.916667 0.614062 0.919444 0.614062 0.969444 0.857813 0.969444 0.857813 0.961111 0.860937 0.955556 0.8625 0.955556 0.864062 0.952778 0.865625 0.952778 0.867188 0.95 0.86875 0.95 0.873438 0.941667 0.875 0.941667 0.876562 0.938889 0.878125 0.938889 0.88125 0.933333 0.882812 0.933333 0.889063 0.922222 0.889063 0.919444 0.890625 0.916667 0.890625 0.902778 0.892187 0.9 0.892187 0.805556 0.89375 0.802778 0.89375 0.797222 0.892187 0.794444 0.89375 0.791667 0.89375 0.783333 0.895312 0.780556 0.895312 0.761111 0.896875 0.758333 0.896875 0.736111 0.898438 0.733333 0.898438 0.722222 0.9 0.719444 0.9 0.708333 0.901563 0.705556 0.901563 0.552778 0.903125 0.55 0.903125 0.513889 0.904688 0.511111 0.904688 0.466667 0.90625 0.463889 0.90625 0.438889 0.907812 0.436111 0.907812 0.380556 0.909375 0.377778 0.909375 0.344444 0.910937 0.341667 0.910937 0.313889 0.9125 0.311111 0.9125 0.291667 0.914062 0.288889 0.914062 0.272222 0.915625 0.269444 0.915625 0.258333 0.917188 0.255556 0.917188 0.158333 0.91875 0.155556 0.91875 0.136111 0.920313 0.133333 0.920313 0.130556 0.921875 0.127778 0.926562 0.127778 0.926562 0.1 0.920313 0.1 0.91875 0.0972222 0.91875 0.0944444 0.914062 0.0861111 0.910937 0.0861111 0.909375 0.0833333 0.904688 0.0833333 0.903125 0.0805556 0.892187 0.0805556 0.890625 0.0777778 0.870313 0.0777778 0.86875 0.075 0.854688 0.075 0.853125 0.0722222 0.832812 0.0722222 0.83125 0.0694444 0.80625 0.0694444 0.804688 0.0666667 0.779688 0.0666667 0.778125 0.0638889 0.757812 0.0638889 0.75625 0.0611111 0.745313 0.0611111 0.74375 0.0583333 0.729688 0.0583333 0.728125 0.0555556 0.720312 0.0555556 0.71875 0.0583333 0.704687 0.0583333 0.703125 0.0555556 0.642187 0.0555556 0.640625 0.0527778 0.592188 0.0527778 0.590625 0.05 0.578125 0.0361111 0.578125 0.0277778 0.576563 0.0277778 0.576563 0.0361111 0.2625 0.961111 0.260938 0.961111 0.259375 0.958333 0.257812 0.961111 0.257812 0.969444 0.2625 0.969444 0.2625 0.961111 0.299487
2 0.501562 0.383333 0.501562 0.394444 0.5 0.397222 0.498437 0.397222 0.496875 0.4 0.495313 0.4 0.49375 0.402778 0.489062 0.402778 0.4875 0.405556 0.479688 0.405556 0.478125 0.408333 0.476562 0.408333 0.475 0.411111 0.473437 0.411111 0.471875 0.413889 0.465625 0.413889 0.465625 0.480556 0.470313 0.480556 0.473437 0.486111 0.475 0.486111 0.476562 0.488889 0.482812 0.488889 0.485938 0.483333 0.4875 0.483333 0.492188 0.475 0.49375 0.475 0.495313 0.472222 0.501562 0.472222 0.503125 0.475 0.507812 0.475 0.509375 0.477778 0.521875 0.477778 0.526563 0.486111 0.526563 0.488889 0.529688 0.494444 0.53125 0.494444 0.532812 0.497222 0.534375 0.497222 0.535937 0.5 0.540625 0.5 0.54375 0.494444 0.54375 0.491667 0.545313 0.488889 0.545313 0.486111 0.551562 0.475 0.567187 0.475 0.570312 0.480556 0.570312 0.483333 0.573438 0.488889 0.575 0.488889 0.576563 0.491667 0.578125 0.491667 0.58125 0.486111 0.582812 0.486111 0.584375 0.483333 0.584375 0.472222 0.585938 0.469444 0.585938 0.422222 0.584375 0.419444 0.584375 0.416667 0.58125 0.411111 0.58125 0.408333 0.578125 0.402778 0.578125 0.4 0.575 0.394444 0.575 0.383333 0.253724
2 0.501562 0.383333 0.501562 0.394444 0.5 0.397222 0.498437 0.397222 0.495313 0.402778 0.489062 0.402778 0.4875 0.405556 0.479688 0.405556 0.478125 0.408333 0.476562 0.408333 0.475 0.411111 0.473437 0.411111 0.471875 0.413889 0.465625 0.413889 0.465625 0.480556 0.470313 0.480556 0.473437 0.486111 0.475 0.486111 0.476562 0.488889 0.482812 0.488889 0.485938 0.483333 0.4875 0.483333 0.492188 0.475 0.49375 0.475 0.495313 0.472222 0.501562 0.472222 0.503125 0.475 0.507812 0.475 0.509375 0.477778 0.521875 0.477778 0.526563 0.486111 0.526563 0.488889 0.529688 0.494444 0.53125 0.494444 0.532812 0.497222 0.534375 0.497222 0.535937 0.5 0.540625 0.5 0.54375 0.494444 0.54375 0.491667 0.545313 0.488889 0.545313 0.486111 0.551562 0.475 0.5625 0.475 0.564062 0.472222 0.565625 0.475 0.567187 0.475 0.570312 0.480556 0.570312 0.483333 0.573438 0.488889 0.575 0.488889 0.576563 0.491667 0.578125 0.491667 0.58125 0.486111 0.582812 0.486111 0.584375 0.483333 0.589063 0.483333 0.589063 0.413889 0.582812 0.413889 0.579687 0.408333 0.579687 0.405556 0.578125 0.402778 0.578125 0.4 0.575 0.394444 0.575 0.383333 0.634972
0 0.534375 0.65 0.534375 0.658333 0.529688 0.666667 0.528125 0.666667 0.525 0.672222 0.520312 0.672222 0.51875 0.675 0.514063 0.675 0.5125 0.677778 0.509375 0.677778 0.507812 0.680556 0.504687 0.680556 0.503125 0.683333 0.501562 0.683333 0.5 0.686111 0.496875 0.686111 0.495313 0.688889 0.490625 0.688889 0.489062 0.691667 0.484375 0.691667 0.482812 0.694444 0.478125 0.694444 0.476562 0.697222 0.473437 0.697222 0.471875 0.7 0.470313 0.7 0.46875 0.702778 0.467187 0.702778 0.465625 0.705556 0.460938 0.705556 0.459375 0.708333 0.45625 0.708333 0.454688 0.711111 0.453125 0.711111 0.451562 0.713889 0.45 0.713889 0.448438 0.716667 0.446875 0.716667 0.432813 0.741667 0.43125 0.741667 0.428125 0.747222 0.425 0.747222 0.423438 0.75 0.417188 0.75 0.415625 0.752778 0.404687 0.752778 0.403125 0.755556 0.392188 0.755556 0.390625 0.758333 0.384375 0.758333 0.382812 0.761111 0.379687 0.761111 0.375 0.769444 0.373437 0.769444 0.367188 0.780556 0.365625 0.780556 0.364062 0.783333 0.364062 0.786111 0.360938 0.791667 0.360938 0.794444 0.359375 0.797222 0.359375 0.8 0.357812 0.802778 0.357812 0.805556 0.35625 0.808333 0.35625 0.816667 0.354688 0.819444 0.354688 0.825 0.353125 0.827778 0.353125 0.833333 0.351562 0.836111 0.346875 0.836111 0.346875 0.941667 0.351562 0.941667 0.354688 0.947222 0.354688 0.95 0.35625 0.952778 0.35625 0.955556 0.357812 0.958333 0.357812 0.961111 0.359375 0.963889 0.359375 0.966667 0.360938 0.969444 0.360938 0.972222 0.3625 0.975 0.3625 0.977778 0.364062 0.980556 0.364062 0.983333 0.365625 0.986111 0.365625 0.988889 0.367188 0.991667 0.367188 1 0.609375 1 0.609375 0.986111 0.607813 0.983333 0.607813 0.980556 0.609375 0.977778 0.609375 0.963889 0.610937 0.961111 0.610937 0.95 0.6125 0.947222 0.6125 0.913889 0.610937 0.911111 0.610937 0.902778 0.609375 0.9 0.609375 0.897222 0.607813 0.894444 0.607813 0.891667 0.60625 0.888889 0.60625 0.880556 0.604688 0.877778 0.604688 0.855556 0.60625 0.852778 0.60625 0.838889 0.607813 0.836111 0.607813 0.819444 0.609375 0.816667 0.607813 0.813889 0.607813 0.811111 0.60625 0.808333 0.60625 0.805556 0.604688 0.802778 0.604688 0.8 0.603125 0.797222 0.603125 0.794444 0.601562 0.791667 0.601562 0.788889 0.595312 0.777778 0.59375 0.777778 0.592188 0.775 0.590625 0.775 0.579687 0.755556 0.579687 0.752778 0.578125 0.75 0.578125 0.733333 0.579687 0.730556 0.579687 0.705556 0.578125 0.702778 0.578125 0.694444 0.576563 0.691667 0.576563 0.688889 0.575 0.686111 0.575 0.683333 0.573438 0.680556 0.573438 0.677778 0.5625 0.658333 0.5625 0.65 0.4892
67 0.267188 0.961111 0.267188 0.969444 0.275 0.969444 0.275 0.961111 0.273438 0.961111 0.271875 0.958333 0.270312 0.958333 0.26875 0.961111 0.267188 0.961111 0.2625 0.961111 0.576563 0.0361111 0.578125 0.0361111 0.590625 0.05 0.557813 0.05 0.554688 0.0444444 0.554688 0.0416667 0.553125 0.0388889 0.553125 0.0277778 0.551562 0.0277778 0.551562 0.0388889 0.55 0.0416667 0.548437 0.0416667 0.546875 0.0444444 0.54375 0.0444444 0.540625 0.0388889 0.540625 0.0277778 0.539062 0.0277778 0.539062 0.0388889 0.5375 0.0416667 0.528125 0.0416667 0.525 0.0472222 0.520312 0.0472222 0.51875 0.0444444 0.517187 0.0444444 0.515625 0.0416667 0.514063 0.0416667 0.5125 0.0444444 0.504687 0.0444444 0.503125 0.0416667 0.501562 0.0416667 0.5 0.0444444 0.465625 0.0444444 0.464063 0.0416667 0.451562 0.0416667 0.45 0.0388889 0.4375 0.0388889 0.435937 0.0361111 0.435937 0.0277778 0.1625 0.0277778 0.1625 0.0416667 0.160938 0.0444444 0.160938 0.0472222 0.159375 0.05 0.159375 0.075 0.157813 0.0777778 0.157813 0.0833333 0.159375 0.0861111 0.159375 0.102778 0.157813 0.105556 0.157813 0.158333 0.15625 0.161111 0.15625 0.230556 0.154687 0.233333 0.154687 0.305556 0.153125 0.308333 0.153125 0.327778 0.151562 0.330556 0.146875 0.330556 0.146875 0.830556 0.153125 0.830556 0.157813 0.838889 0.157813 0.841667 0.159375 0.844444 0.160938 0.844444 0.175 0.869444 0.176563 0.869444 0.18125 0.877778 0.182812 0.877778 0.184375 0.880556 0.185937 0.880556 0.1875 0.883333 0.19375 0.883333 0.195312 0.886111 0.201562 0.886111 0.203125 0.888889 0.210938 0.888889 0.2125 0.891667 0.217187 0.891667 0.21875 0.894444 0.223438 0.894444 0.225 0.897222 0.23125 0.897222 0.232812 0.9 0.240625 0.9 0.242188 0.902778 0.259375 0.902778 0.260938 0.905556 0.284375 0.905556 0.285937 0.908333 0.296875 0.908333 0.298438 0.911111 0.317187 0.911111 0.31875 0.913889 0.335938 0.913889 0.335938 0.908333 0.3375 0.905556 0.3375 0.902778 0.340625 0.897222 0.340625 0.886111 0.342187 0.883333 0.342187 0.866667 0.34375 0.863889 0.34375 0.858333 0.345313 0.855556 0.345313 0.852778 0.346875 0.85 0.346875 0.844444 0.348437 0.841667 0.348437 0.838889 0.35 0.836111 0.35 0.827778 0.351562 0.825 0.351562 0.819444 0.353125 0.816667 0.353125 0.805556 0.354688 0.802778 0.354688 0.8 0.35625 0.797222 0.35625 0.794444 0.367188 0.775 0.36875 0.775 0.373437 0.766667 0.375 0.766667 0.379687 0.758333 0.38125 0.758333 0.382812 0.755556 0.3875 0.755556 0.389062 0.752778 0.40625 0.752778 0.407813 0.75 0.415625 0.75 0.417188 0.747222 0.423438 0.747222 0.425 0.744444 0.428125 0.744444 0.43125 0.738889 0.432813 0.738889 0.442187 0.722222 0.44375 0.722222 0.446875 0.716667 0.448438 0.716667 0.45 0.713889 0.451562 0.713889 0.454688 0.708333 0.45625 0.708333 0.457812 0.705556 0.4625 0.705556 0.464063 0.702778 0.467187 0.702778 0.46875 0.7 0.470313 0.7 0.471875 0.697222 0.476562 0.697222 0.478125 0.694444 0.479688 0.694444 0.48125 0.691667 0.4875 0.691667 0.489062 0.688889 0.492188 0.688889 0.49375 0.686111 0.496875 0.686111 0.498437 0.683333 0.501562 0.683333 0.503125 0.680556 0.504687 0.680556 0.50625 0.677778 0.507812 0.677778 0.509375 0.675 0.510938 0.675 0.5125 0.672222 0.51875 0.672222 0.520312 0.669444 0.525 0.669444 0.526563 0.666667 0.528125 0.666667 0.529688 0.663889 0.53125 0.663889 0.534375 0.658333 0.535937 0.658333 0.5375 0.655556 0.540625 0.655556 0.542188 0.652778 0.553125 0.652778 0.554688 0.655556 0.559375 0.655556 0.560938 0.658333 0.5625 0.658333 0.564062 0.661111 0.565625 0.661111 0.567187 0.663889 0.56875 0.663889 0.573438 0.672222 0.573438 0.675 0.576563 0.680556 0.576563 0.683333 0.578125 0.686111 0.578125 0.688889 0.579687 0.691667 0.579687 0.697222 0.58125 0.7 0.58125 0.736111 0.579687 0.738889 0.58125 0.741667 0.58125 0.75 0.584375 0.755556 0.585938 0.755556 0.5875 0.758333 0.589063 0.758333 0.592188 0.763889 0.59375 0.763889 0.595312 0.766667 0.596875 0.766667 0.598437 0.769444 0.598437 0.775 0.6 0.777778 0.6 0.783333 0.601562 0.786111 0.601562 0.788889 0.604688 0.794444 0.604688 0.797222 0.60625 0.8 0.60625 0.805556 0.607813 0.808333 0.607813 0.813889 0.609375 0.816667 0.609375 0.819444 0.607813 0.822222 0.607813 0.841667 0.60625 0.844444 0.60625 0.886111 0.607813 0.888889 0.607813 0.891667 0.609375 0.894444 0.609375 0.897222 0.610937 0.9 0.610937 0.902778 0.6125 0.905556 0.6125 0.916667 0.614062 0.919444 0.614062 0.969444 0.857813 0.969444 0.857813 0.961111 0.860937 0.955556 0.8625 0.955556 0.864062 0.952778 0.865625 0.952778 0.867188 0.95 0.86875 0.95 0.873438 0.941667 0.875 0.941667 0.876562 0.938889 0.878125 0.938889 0.88125 0.933333 0.882812 0.933333 0.889063 0.922222 0.889063 0.919444 0.890625 0.916667 0.890625 0.902778 0.892187 0.9 0.892187 0.805556 0.89375 0.802778 0.89375 0.797222 0.892187 0.794444 0.89375 0.791667 0.89375 0.783333 0.895312 0.780556 0.895312 0.761111 0.896875 0.758333 0.896875 0.736111 0.898438 0.733333 0.898438 0.722222 0.9 0.719444 0.9 0.708333 0.901563 0.705556 0.901563 0.552778 0.903125 0.55 0.903125 0.513889 0.904688 0.511111 0.904688 0.466667 0.90625 0.463889 0.90625 0.438889 0.907812 0.436111 0.907812 0.380556 0.909375 0.377778 0.909375 0.344444 0.910937 0.341667 0.910937 0.313889 0.9125 0.311111 0.9125 0.291667 0.914062 0.288889 0.914062 0.272222 0.915625 0.269444 0.915625 0.258333 0.917188 0.255556 0.917188 0.158333 0.91875 0.155556 0.91875 0.136111 0.920313 0.133333 0.920313 0.130556 0.921875 0.127778 0.926562 0.127778 0.926562 0.1 0.920313 0.1 0.91875 0.0972222 0.91875 0.0944444 0.914062 0.0861111 0.910937 0.0861111 0.909375 0.0833333 0.904688 0.0833333 0.903125 0.0805556 0.892187 0.0805556 0.890625 0.0777778 0.870313 0.0777778 0.86875 0.075 0.854688 0.075 0.853125 0.0722222 0.832812 0.0722222 0.83125 0.0694444 0.80625 0.0694444 0.804688 0.0666667 0.779688 0.0666667 0.778125 0.0638889 0.757812 0.0638889 0.75625 0.0611111 0.745313 0.0611111 0.74375 0.0583333 0.729688 0.0583333 0.728125 0.0555556 0.720312 0.0555556 0.71875 0.0583333 0.704687 0.0583333 0.703125 0.0555556 0.642187 0.0555556 0.640625 0.0527778 0.592188 0.0527778 0.590625 0.05 0.578125 0.0361111 0.578125 0.0277778 0.576563 0.0277778 0.576563 0.0361111 0.2625 0.961111 0.260938 0.961111 0.259375 0.958333 0.257812 0.961111 0.257812 0.969444 0.2625 0.969444 0.2625 0.961111 0.341563
62 0.267188 0.961111 0.267188 0.969444 0.275 0.969444 0.275 0.961111 0.273438 0.961111 0.271875 0.958333 0.270312 0.958333 0.26875 0.961111 0.267188 0.961111 0.2625 0.961111 0.576563 0.0361111 0.578125 0.0361111 0.590625 0.05 0.557813 0.05 0.554688 0.0444444 0.554688 0.0416667 0.553125 0.0388889 0.553125 0.0277778 0.551562 0.0277778 0.551562 0.0388889 0.55 0.0416667 0.548437 0.0416667 0.546875 0.0444444 0.54375 0.0444444 0.540625 0.0388889 0.540625 0.0277778 0.539062 0.0277778 0.539062 0.0388889 0.5375 0.0416667 0.528125 0.0416667 0.525 0.0472222 0.520312 0.0472222 0.51875 0.0444444 0.517187 0.0444444 0.515625 0.0416667 0.514063 0.0416667 0.5125 0.0444444 0.504687 0.0444444 0.503125 0.0416667 0.501562 0.0416667 0.5 0.0444444 0.465625 0.0444444 0.464063 0.0416667 0.451562 0.0416667 0.45 0.0388889 0.4375 0.0388889 0.435937 0.0361111 0.435937 0.0277778 0.1625 0.0277778 0.1625 0.0416667 0.160938 0.0444444 0.160938 0.0472222 0.159375 0.05 0.159375 0.075 0.157813 0.0777778 0.157813 0.0833333 0.159375 0.0861111 0.159375 0.102778 0.157813 0.105556 0.157813 0.158333 0.15625 0.161111 0.15625 0.230556 0.154687 0.233333 0.154687 0.305556 0.153125 0.308333 0.153125 0.327778 0.151562 0.330556 0.146875 0.330556 0.146875 0.830556 0.153125 0.830556 0.157813 0.838889 0.157813 0.841667 0.159375 0.844444 0.160938 0.844444 0.175 0.869444 0.176563 0.869444 0.18125 0.877778 0.182812 0.877778 0.184375 0.880556 0.185937 0.880556 0.1875 0.883333 0.19375 0.883333 0.195312 0.886111 0.201562 0.886111 0.203125 0.888889 0.210938 0.888889 0.2125 0.891667 0.217187 0.891667 0.21875 0.894444 0.223438 0.894444 0.225 0.897222 0.23125 0.897222 0.232812 0.9 0.240625 0.9 0.242188 0.902778 0.259375 0.902778 0.260938 0.905556 0.284375 0.905556 0.285937 0.908333 0.296875 0.908333 0.298438 0.911111 0.317187 0.911111 0.31875 0.913889 0.335938 0.913889 0.335938 0.908333 0.3375 0.905556 0.3375 0.902778 0.340625 0.897222 0.340625 0.886111 0.342187 0.883333 0.342187 0.866667 0.34375 0.863889 0.34375 0.858333 0.345313 0.855556 0.345313 0.852778 0.346875 0.85 0.346875 0.844444 0.348437 0.841667 0.348437 0.838889 0.35 0.836111 0.35 0.827778 0.351562 0.825 0.351562 0.819444 0.353125 0.816667 0.353125 0.805556 0.354688 0.802778 0.354688 0.8 0.35625 0.797222 0.35625 0.794444 0.367188 0.775 0.36875 0.775 0.373437 0.766667 0.375 0.766667 0.379687 0.758333 0.38125 0.758333 0.382812 0.755556 0.3875 0.755556 0.389062 0.752778 0.40625 0.752778 0.407813 0.75 0.415625 0.75 0.417188 0.747222 0.423438 0.747222 0.425 0.744444 0.428125 0.744444 0.43125 0.738889 0.432813 0.738889 0.442187 0.722222 0.44375 0.722222 0.446875 0.716667 0.448438 0.716667 0.45 0.713889 0.451562 0.713889 0.454688 0.708333 0.45625 0.708333 0.457812 0.705556 0.4625 0.705556 0.464063 0.702778 0.467187 0.702778 0.46875 0.7 0.470313 0.7 0.471875 0.697222 0.476562 0.697222 0.478125 0.694444 0.479688 0.694444 0.48125 0.691667 0.4875 0.691667 0.489062 0.688889 0.492188 0.688889 0.49375 0.686111 0.496875 0.686111 0.498437 0.683333 0.501562 0.683333 0.503125 0.680556 0.504687 0.680556 0.50625 0.677778 0.507812 0.677778 0.509375 0.675 0.510938 0.675 0.5125 0.672222 0.51875 0.672222 0.520312 0.669444 0.525 0.669444 0.526563 0.666667 0.528125 0.666667 0.529688 0.663889 0.53125 0.663889 0.534375 0.658333 0.535937 0.658333 0.5375 0.655556 0.540625 0.655556 0.542188 0.652778 0.553125 0.652778 0.554688 0.655556 0.559375 0.655556 0.560938 0.658333 0.5625 0.658333 0.564062 0.661111 0.565625 0.661111 0.567187 0.663889 0.56875 0.663889 0.573438 0.672222 0.573438 0.675 0.576563 0.680556 0.576563 0.683333 0.578125 0.686111 0.578125 0.688889 0.579687 0.691667 0.579687 0.697222 0.58125 0.7 0.58125 0.736111 0.579687 0.738889 0.58125 0.741667 0.58125 0.75 0.584375 0.755556 0.585938 0.755556 0.5875 0.758333 0.589063 0.758333 0.592188 0.763889 0.59375 0.763889 0.595312 0.766667 0.596875 0.766667 0.598437 0.769444 0.598437 0.775 0.6 0.777778 0.6 0.783333 0.601562 0.786111 0.601562 0.788889 0.604688 0.794444 0.604688 0.797222 0.60625 0.8 0.60625 0.805556 0.607813 0.808333 0.607813 0.813889 0.609375 0.816667 0.609375 0.819444 0.607813 0.822222 0.607813 0.841667 0.60625 0.844444 0.60625 0.886111 0.607813 0.888889 0.607813 0.891667 0.609375 0.894444 0.609375 0.897222 0.610937 0.9 0.610937 0.902778 0.6125 0.905556 0.6125 0.916667 0.614062 0.919444 0.614062 0.969444 0.857813 0.969444 0.857813 0.961111 0.860937 0.955556 0.8625 0.955556 0.864062 0.952778 0.865625 0.952778 0.867188 0.95 0.86875 0.95 0.873438 0.941667 0.875 0.941667 0.876562 0.938889 0.878125 0.938889 0.88125 0.933333 0.882812 0.933333 0.889063 0.922222 0.889063 0.919444 0.890625 0.916667 0.890625 0.902778 0.892187 0.9 0.892187 0.805556 0.89375 0.802778 0.89375 0.797222 0.892187 0.794444 0.89375 0.791667 0.89375 0.783333 0.895312 0.780556 0.895312 0.761111 0.896875 0.758333 0.896875 0.736111 0.898438 0.733333 0.898438 0.722222 0.9 0.719444 0.9 0.708333 0.901563 0.705556 0.901563 0.552778 0.903125 0.55 0.903125 0.513889 0.904688 0.511111 0.904688 0.466667 0.90625 0.463889 0.90625 0.438889 0.907812 0.436111 0.907812 0.380556 0.909375 0.377778 0.909375 0.344444 0.910937 0.341667 0.910937 0.313889 0.9125 0.311111 0.9125 0.291667 0.914062 0.288889 0.914062 0.272222 0.915625 0.269444 0.915625 0.258333 0.917188 0.255556 0.917188 0.158333 0.91875 0.155556 0.91875 0.136111 0.920313 0.133333 0.920313 0.130556 0.921875 0.127778 0.926562 0.127778 0.926562 0.1 0.920313 0.1 0.91875 0.0972222 0.91875 0.0944444 0.914062 0.0861111 0.910937 0.0861111 0.909375 0.0833333 0.904688 0.0833333 0.903125 0.0805556 0.892187 0.0805556 0.890625 0.0777778 0.870313 0.0777778 0.86875 0.075 0.854688 0.075 0.853125 0.0722222 0.832812 0.0722222 0.83125 0.0694444 0.80625 0.0694444 0.804688 0.0666667 0.779688 0.0666667 0.778125 0.0638889 0.757812 0.0638889 0.75625 0.0611111 0.745313 0.0611111 0.74375 0.0583333 0.729688 0.0583333 0.728125 0.0555556 0.720312 0.0555556 0.71875 0.0583333 0.704687 0.0583333 0.703125 0.0555556 0.642187 0.0555556 0.640625 0.0527778 0.592188 0.0527778 0.590625 0.05 0.578125 0.0361111 0.578125 0.0277778 0.576563 0.0277778 0.576563 0.0361111 0.2625 0.961111 0.260938 0.961111 0.259375 0.958333 0.257812 0.961111 0.257812 0.969444 0.2625 0.969444 0.2625 0.961111 0.299487
2 0.501562 0.383333 0.501562 0.394444 0.5 0.397222 0.498437 0.397222 0.496875 0.4 0.495313 0.4 0.49375 0.402778 0.489062 0.402778 0.4875 0.405556 0.479688 0.405556 0.478125 0.408333 0.476562 0.408333 0.475 0.411111 0.473437 0.411111 0.471875 0.413889 0.465625 0.413889 0.465625 0.480556 0.470313 0.480556 0.473437 0.486111 0.475 0.486111 0.476562 0.488889 0.482812 0.488889 0.485938 0.483333 0.4875 0.483333 0.492188 0.475 0.49375 0.475 0.495313 0.472222 0.501562 0.472222 0.503125 0.475 0.507812 0.475 0.509375 0.477778 0.521875 0.477778 0.526563 0.486111 0.526563 0.488889 0.529688 0.494444 0.53125 0.494444 0.532812 0.497222 0.534375 0.497222 0.535937 0.5 0.540625 0.5 0.54375 0.494444 0.54375 0.491667 0.545313 0.488889 0.545313 0.486111 0.551562 0.475 0.567187 0.475 0.570312 0.480556 0.570312 0.483333 0.573438 0.488889 0.575 0.488889 0.576563 0.491667 0.578125 0.491667 0.58125 0.486111 0.582812 0.486111 0.584375 0.483333 0.584375 0.472222 0.585938 0.469444 0.585938 0.422222 0.584375 0.419444 0.584375 0.416667 0.58125 0.411111 0.58125 0.408333 0.578125 0.402778 0.578125 0.4 0.575 0.394444 0.575 0.383333 0.253724
2 0.501562 0.383333 0.501562 0.394444 0.5 0.397222 0.498437 0.397222 0.495313 0.402778 0.489062 0.402778 0.4875 0.405556 0.479688 0.405556 0.478125 0.408333 0.476562 0.408333 0.475 0.411111 0.473437 0.411111 0.471875 0.413889 0.465625 0.413889 0.465625 0.480556 0.470313 0.480556 0.473437 0.486111 0.475 0.486111 0.476562 0.488889 0.482812 0.488889 0.485938 0.483333 0.4875 0.483333 0.492188 0.475 0.49375 0.475 0.495313 0.472222 0.501562 0.472222 0.503125 0.475 0.507812 0.475 0.509375 0.477778 0.521875 0.477778 0.526563 0.486111 0.526563 0.488889 0.529688 0.494444 0.53125 0.494444 0.532812 0.497222 0.534375 0.497222 0.535937 0.5 0.540625 0.5 0.54375 0.494444 0.54375 0.491667 0.545313 0.488889 0.545313 0.486111 0.551562 0.475 0.5625 0.475 0.564062 0.472222 0.565625 0.475 0.567187 0.475 0.570312 0.480556 0.570312 0.483333 0.573438 0.488889 0.575 0.488889 0.576563 0.491667 0.578125 0.491667 0.58125 0.486111 0.582812 0.486111 0.584375 0.483333 0.589063 0.483333 0.589063 0.413889 0.582812 0.413889 0.579687 0.408333 0.579687 0.405556 0.578125 0.402778 0.578125 0.4 0.575 0.394444 0.575 0.383333 0.634972
0 0.534375 0.65 0.534375 0.658333 0.529688 0.666667 0.528125 0.666667 0.525 0.672222 0.520312 0.672222 0.51875 0.675 0.514063 0.675 0.5125 0.677778 0.509375 0.677778 0.507812 0.680556 0.504687 0.680556 0.503125 0.683333 0.501562 0.683333 0.5 0.686111 0.496875 0.686111 0.495313 0.688889 0.490625 0.688889 0.489062 0.691667 0.484375 0.691667 0.482812 0.694444 0.478125 0.694444 0.476562 0.697222 0.473437 0.697222 0.471875 0.7 0.470313 0.7 0.46875 0.702778 0.467187 0.702778 0.465625 0.705556 0.460938 0.705556 0.459375 0.708333 0.45625 0.708333 0.454688 0.711111 0.453125 0.711111 0.451562 0.713889 0.45 0.713889 0.448438 0.716667 0.446875 0.716667 0.432813 0.741667 0.43125 0.741667 0.428125 0.747222 0.425 0.747222 0.423438 0.75 0.417188 0.75 0.415625 0.752778 0.404687 0.752778 0.403125 0.755556 0.392188 0.755556 0.390625 0.758333 0.384375 0.758333 0.382812 0.761111 0.379687 0.761111 0.375 0.769444 0.373437 0.769444 0.367188 0.780556 0.365625 0.780556 0.364062 0.783333 0.364062 0.786111 0.360938 0.791667 0.360938 0.794444 0.359375 0.797222 0.359375 0.8 0.357812 0.802778 0.357812 0.805556 0.35625 0.808333 0.35625 0.816667 0.354688 0.819444 0.354688 0.825 0.353125 0.827778 0.353125 0.833333 0.351562 0.836111 0.346875 0.836111 0.346875 0.941667 0.351562 0.941667 0.354688 0.947222 0.354688 0.95 0.35625 0.952778 0.35625 0.955556 0.357812 0.958333 0.357812 0.961111 0.359375 0.963889 0.359375 0.966667 0.360938 0.969444 0.360938 0.972222 0.3625 0.975 0.3625 0.977778 0.364062 0.980556 0.364062 0.983333 0.365625 0.986111 0.365625 0.988889 0.367188 0.991667 0.367188 1 0.609375 1 0.609375 0.986111 0.607813 0.983333 0.607813 0.980556 0.609375 0.977778 0.609375 0.963889 0.610937 0.961111 0.610937 0.95 0.6125 0.947222 0.6125 0.913889 0.610937 0.911111 0.610937 0.902778 0.609375 0.9 0.609375 0.897222 0.607813 0.894444 0.607813 0.891667 0.60625 0.888889 0.60625 0.880556 0.604688 0.877778 0.604688 0.855556 0.60625 0.852778 0.60625 0.838889 0.607813 0.836111 0.607813 0.819444 0.609375 0.816667 0.607813 0.813889 0.607813 0.811111 0.60625 0.808333 0.60625 0.805556 0.604688 0.802778 0.604688 0.8 0.603125 0.797222 0.603125 0.794444 0.601562 0.791667 0.601562 0.788889 0.595312 0.777778 0.59375 0.777778 0.592188 0.775 0.590625 0.775 0.579687 0.755556 0.579687 0.752778 0.578125 0.75 0.578125 0.733333 0.579687 0.730556 0.579687 0.705556 0.578125 0.702778 0.578125 0.694444 0.576563 0.691667 0.576563 0.688889 0.575 0.686111 0.575 0.683333 0.573438 0.680556 0.573438 0.677778 0.5625 0.658333 0.5625 0.65 0.4892
67 0.267188 0.961111 0.267188 0.969444 0.275 0.969444 0.275 0.961111 0.273438 0.961111 0.271875 0.958333 0.270312 0.958333 0.26875 0.961111 0.267188 0.961111 0.2625 0.961111 0.576563 0.0361111 0.578125 0.0361111 0.590625 0.05 0.557813 0.05 0.554688 0.0444444 0.554688 0.0416667 0.553125 0.0388889 0.553125 0.0277778 0.551562 0.0277778 0.551562 0.0388889 0.55 0.0416667 0.548437 0.0416667 0.546875 0.0444444 0.54375 0.0444444 0.540625 0.0388889 0.540625 0.0277778 0.539062 0.0277778 0.539062 0.0388889 0.5375 0.0416667 0.528125 0.0416667 0.525 0.0472222 0.520312 0.0472222 0.51875 0.0444444 0.517187 0.0444444 0.515625 0.0416667 0.514063 0.0416667 0.5125 0.0444444 0.504687 0.0444444 0.503125 0.0416667 0.501562 0.0416667 0.5 0.0444444 0.465625 0.0444444 0.464063 0.0416667 0.451562 0.0416667 0.45 0.0388889 0.4375 0.0388889 0.435937 0.0361111 0.435937 0.0277778 0.1625 0.0277778 0.1625 0.0416667 0.160938 0.0444444 0.160938 0.0472222 0.159375 0.05 0.159375 0.075 0.157813 0.0777778 0.157813 0.0833333 0.159375 0.0861111 0.159375 0.102778 0.157813 0.105556 0.157813 0.158333 0.15625 0.161111 0.15625 0.230556 0.154687 0.233333 0.154687 0.305556 0.153125 0.308333 0.153125 0.327778 0.151562 0.330556 0.146875 0.330556 0.146875 0.830556 0.153125 0.830556 0.157813 0.838889 0.157813 0.841667 0.159375 0.844444 0.160938 0.844444 0.175 0.869444 0.176563 0.869444 0.18125 0.877778 0.182812 0.877778 0.184375 0.880556 0.185937 0.880556 0.1875 0.883333 0.19375 0.883333 0.195312 0.886111 0.201562 0.886111 0.203125 0.888889 0.210938 0.888889 0.2125 0.891667 0.217187 0.891667 0.21875 0.894444 0.223438 0.894444 0.225 0.897222 0.23125 0.897222 0.232812 0.9 0.240625 0.9 0.242188 0.902778 0.259375 0.902778 0.260938 0.905556 0.284375 0.905556 0.285937 0.908333 0.296875 0.908333 0.298438 0.911111 0.317187 0.911111 0.31875 0.913889 0.335938 0.913889 0.335938 0.908333 0.3375 0.905556 0.3375 0.902778 0.340625 0.897222 0.340625 0.886111 0.342187 0.883333 0.342187 0.866667 0.34375 0.863889 0.34375 0.858333 0.345313 0.855556 0.345313 0.852778 0.346875 0.85 0.346875 0.844444 0.348437 0.841667 0.348437 0.838889 0.35 0.836111 0.35 0.827778 0.351562 0.825 0.351562 0.819444 0.353125 0.816667 0.353125 0.805556 0.354688 0.802778 0.354688 0.8 0.35625 0.797222 0.35625 0.794444 0.367188 0.775 0.36875 0.775 0.373437 0.766667 0.375 0.766667 0.379687 0.758333 0.38125 0.758333 0.382812 0.755556 0.3875 0.755556 0.389062 0.752778 0.40625 0.752778 0.407813 0.75 0.415625 0.75 0.417188 0.747222 0.423438 0.747222 0.425 0.744444 0.428125 0.744444 0.43125 0.738889 0.432813 0.738889 0.442187 0.722222 0.44375 0.722222 0.446875 0.716667 0.448438 0.716667 0.45 0.713889 0.451562 0.713889 0.454688 0.708333 0.45625 0.708333 0.457812 0.705556 0.4625 0.705556 0.464063 0.702778 0.467187 0.702778 0.46875 0.7 0.470313 0.7 0.471875 0.697222 0.476562 0.697222 0.478125 0.694444 0.479688 0.694444 0.48125 0.691667 0.4875 0.691667 0.489062 0.688889 0.492188 0.688889 0.49375 0.686111 0.496875 0.686111 0.498437 0.683333 0.501562 0.683333 0.503125 0.680556 0.504687 0.680556 0.50625 0.677778 0.507812 0.677778 0.509375 0.675 0.510938 0.675 0.5125 0.672222 0.51875 0.672222 0.520312 0.669444 0.525 0.669444 0.526563 0.666667 0.528125 0.666667 0.529688 0.663889 0.53125 0.663889 0.534375 0.658333 0.535937 0.658333 0.5375 0.655556 0.540625 0.655556 0.542188 0.652778 0.553125 0.652778 0.554688 0.655556 0.559375 0.655556 0.560938 0.658333 0.5625 0.658333 0.564062 0.661111 0.565625 0.661111 0.567187 0.663889 0.56875 0.663889 0.573438 0.672222 0.573438 0.675 0.576563 0.680556 0.576563 0.683333 0.578125 0.686111 0.578125 0.688889 0.579687 0.691667 0.579687 0.697222 0.58125 0.7 0.58125 0.736111 0.579687 0.738889 0.58125 0.741667 0.58125 0.75 0.584375 0.755556 0.585938 0.755556 0.5875 0.758333 0.589063 0.758333 0.592188 0.763889 0.59375 0.763889 0.595312 0.766667 0.596875 0.766667 0.598437 0.769444 0.598437 0.775 0.6 0.777778 0.6 0.783333 0.601562 0.786111 0.601562 0.788889 0.604688 0.794444 0.604688 0.797222 0.60625 0.8 0.60625 0.805556 0.607813 0.808333 0.607813 0.813889 0.609375 0.816667 0.609375 0.819444 0.607813 0.822222 0.607813 0.841667 0.60625 0.844444 0.60625 0.886111 0.607813 0.888889 0.607813 0.891667 0.609375 0.894444 0.609375 0.897222 0.610937 0.9 0.610937 0.902778 0.6125 0.905556 0.6125 0.916667 0.614062 0.919444 0.614062 0.969444 0.857813 0.969444 0.857813 0.961111 0.860937 0.955556 0.8625 0.955556 0.864062 0.952778 0.865625 0.952778 0.867188 0.95 0.86875 0.95 0.873438 0.941667 0.875 0.941667 0.876562 0.938889 0.878125 0.938889 0.88125 0.933333 0.882812 0.933333 0.889063 0.922222 0.889063 0.919444 0.890625 0.916667 0.890625 0.902778 0.892187 0.9 0.892187 0.805556 0.89375 0.802778 0.89375 0.797222 0.892187 0.794444 0.89375 0.791667 0.89375 0.783333 0.895312 0.780556 0.895312 0.761111 0.896875 0.758333 0.896875 0.736111 0.898438 0.733333 0.898438 0.722222 0.9 0.719444 0.9 0.708333 0.901563 0.705556 0.901563 0.552778 0.903125 0.55 0.903125 0.513889 0.904688 0.511111 0.904688 0.466667 0.90625 0.463889 0.90625 0.438889 0.907812 0.436111 0.907812 0.380556 0.909375 0.377778 0.909375 0.344444 0.910937 0.341667 0.910937 0.313889 0.9125 0.311111 0.9125 0.291667 0.914062 0.288889 0.914062 0.272222 0.915625 0.269444 0.915625 0.258333 0.917188 0.255556 0.917188 0.158333 0.91875 0.155556 0.91875 0.136111 0.920313 0.133333 0.920313 0.130556 0.921875 0.127778 0.926562 0.127778 0.926562 0.1 0.920313 0.1 0.91875 0.0972222 0.91875 0.0944444 0.914062 0.0861111 0.910937 0.0861111 0.909375 0.0833333 0.904688 0.0833333 0.903125 0.0805556 0.892187 0.0805556 0.890625 0.0777778 0.870313 0.0777778 0.86875 0.075 0.854688 0.075 0.853125 0.0722222 0.832812 0.0722222 0.83125 0.0694444 0.80625 0.0694444 0.804688 0.0666667 0.779688 0.0666667 0.778125 0.0638889 0.757812 0.0638889 0.75625 0.0611111 0.745313 0.0611111 0.74375 0.0583333 0.729688 0.0583333 0.728125 0.0555556 0.720312 0.0555556 0.71875 0.0583333 0.704687 0.0583333 0.703125 0.0555556 0.642187 0.0555556 0.640625 0.0527778 0.592188 0.0527778 0.590625 0.05 0.578125 0.0361111 0.578125 0.0277778 0.576563 0.0277778 0.576563 0.0361111 0.2625 0.961111 0.260938 0.961111 0.259375 0.958333 0.257812 0.961111 0.257812 0.969444 0.2625 0.969444 0.2625 0.961111 0.341563
62 0.267188 0.961111 0.267188 0.969444 0.275 0.969444 0.275 0.961111 0.273438 0.961111 0.271875 0.958333 0.270312 0.958333 0.26875 0.961111 0.267188 0.961111 0.2625 0.961111 0.576563 0.0361111 0.578125 0.0361111 0.590625 0.05 0.557813 0.05 0.554688 0.0444444 0.554688 0.0416667 0.553125 0.0388889 0.553125 0.0277778 0.551562 0.0277778 0.551562 0.0388889 0.55 0.0416667 0.548437 0.0416667 0.546875 0.0444444 0.54375 0.0444444 0.540625 0.0388889 0.540625 0.0277778 0.539062 0.0277778 0.539062 0.0388889 0.5375 0.0416667 0.528125 0.0416667 0.525 0.0472222 0.520312 0.0472222 0.51875 0.0444444 0.517187 0.0444444 0.515625 0.0416667 0.514063 0.0416667 0.5125 0.0444444 0.504687 0.0444444 0.503125 0.0416667 0.501562 0.0416667 0.5 0.0444444 0.465625 0.0444444 0.464063 0.0416667 0.451562 0.0416667 0.45 0.0388889 0.4375 0.0388889 0.435937 0.0361111 0.435937 0.0277778 0.1625 0.0277778 0.1625 0.0416667 0.160938 0.0444444 0.160938 0.0472222 0.159375 0.05 0.159375 0.075 0.157813 0.0777778 0.157813 0.0833333 0.159375 0.0861111 0.159375 0.102778 0.157813 0.105556 0.157813 0.158333 0.15625 0.161111 0.15625 0.230556 0.154687 0.233333 0.154687 0.305556 0.153125 0.308333 0.153125 0.327778 0.151562 0.330556 0.146875 0.330556 0.146875 0.830556 0.153125 0.830556 0.157813 0.838889 0.157813 0.841667 0.159375 0.844444 0.160938 0.844444 0.175 0.869444 0.176563 0.869444 0.18125 0.877778 0.182812 0.877778 0.184375 0.880556 0.185937 0.880556 0.1875 0.883333 0.19375 0.883333 0.195312 0.886111 0.201562 0.886111 0.203125 0.888889 0.210938 0.888889 0.2125 0.891667 0.217187 0.891667 0.21875 0.894444 0.223438 0.894444 0.225 0.897222 0.23125 0.897222 0.232812 0.9 0.240625 0.9 0.242188 0.902778 0.259375 0.902778 0.260938 0.905556 0.284375 0.905556 0.285937 0.908333 0.296875 0.908333 0.298438 0.911111 0.317187 0.911111 0.31875 0.913889 0.335938 0.913889 0.335938 0.908333 0.3375 0.905556 0.3375 0.902778 0.340625 0.897222 0.340625 0.886111 0.342187 0.883333 0.342187 0.866667 0.34375 0.863889 0.34375 0.858333 0.345313 0.855556 0.345313 0.852778 0.346875 0.85 0.346875 0.844444 0.348437 0.841667 0.348437 0.838889 0.35 0.836111 0.35 0.827778 0.351562 0.825 0.351562 0.819444 0.353125 0.816667 0.353125 0.805556 0.354688 0.802778 0.354688 0.8 0.35625 0.797222 0.35625 0.794444 0.367188 0.775 0.36875 0.775 0.373437 0.766667 0.375 0.766667 0.379687 0.758333 0.38125 0.758333 0.382812 0.755556 0.3875 0.755556 0.389062 0.752778 0.40625 0.752778 0.407813 0.75 0.415625 0.75 0.417188 0.747222 0.423438 0.747222 0.425 0.744444 0.428125 0.744444 0.43125 0.738889 0.432813 0.738889 0.442187 0.722222 0.44375 0.722222 0.446875 0.716667 0.448438 0.716667 0.45 0.713889 0.451562 0.713889 0.454688 0.708333 0.45625 0.708333 0.457812 0.705556 0.4625 0.705556 0.464063 0.702778 0.467187 0.702778 0.46875 0.7 0.470313 0.7 0.471875 0.697222 0.476562 0.697222 0.478125 0.694444 0.479688 0.694444 0.48125 0.691667 0.4875 0.691667 0.489062 0.688889 0.492188 0.688889 0.49375 0.686111 0.496875 0.686111 0.498437 0.683333 0.501562 0.683333 0.503125 0.680556 0.504687 0.680556 0.50625 0.677778 0.507812 0.677778 0.509375 0.675 0.510938 0.675 0.5125 0.672222 0.51875 0.672222 0.520312 0.669444 0.525 0.669444 0.526563 0.666667 0.528125 0.666667 0.529688 0.663889 0.53125 0.663889 0.534375 0.658333 0.535937 0.658333 0.5375 0.655556 0.540625 0.655556 0.542188 0.652778 0.553125 0.652778 0.554688 0.655556 0.559375 0.655556 0.560938 0.658333 0.5625 0.658333 0.564062 0.661111 0.565625 0.661111 0.567187 0.663889 0.56875 0.663889 0.573438 0.672222 0.573438 0.675 0.576563 0.680556 0.576563 0.683333 0.578125 0.686111 0.578125 0.688889 0.579687 0.691667 0.579687 0.697222 0.58125 0.7 0.58125 0.736111 0.579687 0.738889 0.58125 0.741667 0.58125 0.75 0.584375 0.755556 0.585938 0.755556 0.5875 0.758333 0.589063 0.758333 0.592188 0.763889 0.59375 0.763889 0.595312 0.766667 0.596875 0.766667 0.598437 0.769444 0.598437 0.775 0.6 0.777778 0.6 0.783333 0.601562 0.786111 0.601562 0.788889 0.604688 0.794444 0.604688 0.797222 0.60625 0.8 0.60625 0.805556 0.607813 0.808333 0.607813 0.813889 0.609375 0.816667 0.609375 0.819444 0.607813 0.822222 0.607813 0.841667 0.60625 0.844444 0.60625 0.886111 0.607813 0.888889 0.607813 0.891667 0.609375 0.894444 0.609375 0.897222 0.610937 0.9 0.610937 0.902778 0.6125 0.905556 0.6125 0.916667 0.614062 0.919444 0.614062 0.969444 0.857813 0.969444 0.857813 0.961111 0.860937 0.955556 0.8625 0.955556 0.864062 0.952778 0.865625 0.952778 0.867188 0.95 0.86875 0.95 0.873438 0.941667 0.875 0.941667 0.876562 0.938889 0.878125 0.938889 0.88125 0.933333 0.882812 0.933333 0.889063 0.922222 0.889063 0.919444 0.890625 0.916667 0.890625 0.902778 0.892187 0.9 0.892187 0.805556 0.89375 0.802778 0.89375 0.797222 0.892187 0.794444 0.89375 0.791667 0.89375 0.783333 0.895312 0.780556 0.895312 0.761111 0.896875 0.758333 0.896875 0.736111 0.898438 0.733333 0.898438 0.722222 0.9 0.719444 0.9 0.708333 0.901563 0.705556 0.901563 0.552778 0.903125 0.55 0.903125 0.513889 0.904688 0.511111 0.904688 0.466667 0.90625 0.463889 0.90625 0.438889 0.907812 0.436111 0.907812 0.380556 0.909375 0.377778 0.909375 0.344444 0.910937 0.341667 0.910937 0.313889 0.9125 0.311111 0.9125 0.291667 0.914062 0.288889 0.914062 0.272222 0.915625 0.269444 0.915625 0.258333 0.917188 0.255556 0.917188 0.158333 0.91875 0.155556 0.91875 0.136111 0.920313 0.133333 0.920313 0.130556 0.921875 0.127778 0.926562 0.127778 0.926562 0.1 0.920313 0.1 0.91875 0.0972222 0.91875 0.0944444 0.914062 0.0861111 0.910937 0.0861111 0.909375 0.0833333 0.904688 0.0833333 0.903125 0.0805556 0.892187 0.0805556 0.890625 0.0777778 0.870313 0.0777778 0.86875 0.075 0.854688 0.075 0.853125 0.0722222 0.832812 0.0722222 0.83125 0.0694444 0.80625 0.0694444 0.804688 0.0666667 0.779688 0.0666667 0.778125 0.0638889 0.757812 0.0638889 0.75625 0.0611111 0.745313 0.0611111 0.74375 0.0583333 0.729688 0.0583333 0.728125 0.0555556 0.720312 0.0555556 0.71875 0.0583333 0.704687 0.0583333 0.703125 0.0555556 0.642187 0.0555556 0.640625 0.0527778 0.592188 0.0527778 0.590625 0.05 0.578125 0.0361111 0.578125 0.0277778 0.576563 0.0277778 0.576563 0.0361111 0.2625 0.961111 0.260938 0.961111 0.259375 0.958333 0.257812 0.961111 0.257812 0.969444 0.2625 0.969444 0.2625 0.961111 0.299487
2 0.501562 0.383333 0.501562 0.394444 0.5 0.397222 0.498437 0.397222 0.496875 0.4 0.495313 0.4 0.49375 0.402778 0.489062 0.402778 0.4875 0.405556 0.479688 0.405556 0.478125 0.408333 0.476562 0.408333 0.475 0.411111 0.473437 0.411111 0.471875 0.413889 0.465625 0.413889 0.465625 0.480556 0.470313 0.480556 0.473437 0.486111 0.475 0.486111 0.476562 0.488889 0.482812 0.488889 0.485938 0.483333 0.4875 0.483333 0.492188 0.475 0.49375 0.475 0.495313 0.472222 0.501562 0.472222 0.503125 0.475 0.507812 0.475 0.509375 0.477778 0.521875 0.477778 0.526563 0.486111 0.526563 0.488889 0.529688 0.494444 0.53125 0.494444 0.532812 0.497222 0.534375 0.497222 0.535937 0.5 0.540625 0.5 0.54375 0.494444 0.54375 0.491667 0.545313 0.488889 0.545313 0.486111 0.551562 0.475 0.567187 0.475 0.570312 0.480556 0.570312 0.483333 0.573438 0.488889 0.575 0.488889 0.576563 0.491667 0.578125 0.491667 0.58125 0.486111 0.582812 0.486111 0.584375 0.483333 0.584375 0.472222 0.585938 0.469444 0.585938 0.422222 0.584375 0.419444 0.584375 0.416667 0.58125 0.411111 0.58125 0.408333 0.578125 0.402778 0.578125 0.4 0.575 0.394444 0.575 0.383333 0.253724
