boxes,frame_index,class_label,bounding_box,confidence_score
0,0001,truck,"[126.837158203125, 439.8657531738281, 3721.861328125, 2092.53125]",0.8981139659881592
1,0001,person,"[2854.19775390625, 464.7488708496094, 3362.83203125, 1007.6508178710938]",0.8685211539268494
2,0002,car,"[287.980224609375, 91.49652099609375, 3369.36572265625, 2120.09912109375]",0.6707207560539246
3,0002,truck,"[287.980224609375, 91.49652099609375, 3369.36572265625, 2120.09912109375]",0.42285415530204773
4,0003,motorcycle,"[65.15350341796875, 66.5592041015625, 3840.0, 2147.9921875]",0.6052407026290894
5,0003,motorcycle,"[92.767822265625, 148.5391845703125, 3840.0, 2137.756103515625]",0.5523579120635986
6,0004,car,"[0.0, 0.37371826171875, 3804.312744140625, 2147.865966796875]",0.4960969090461731
7,0004,truck,"[0.0, 0.37371826171875, 3804.312744140625, 2147.865966796875]",0.27094921469688416
8,0005,person,"[1453.02783203125, 9.659042358398438, 3078.45849609375, 1947.8624267578125]",0.8680946826934814
9,0006,person,"[1.698760986328125, 1116.98046875, 1368.106689453125, 2140.978759765625]",0.4189760684967041
10,0006,person,"[1.1019744873046875, 58.431976318359375, 1385.7889404296875, 2140.878173828125]",0.3442307114601135
11,0007,person,"[2369.3603515625, 207.75091552734375, 3369.62353515625, 2132.9326171875]",0.9446110725402832
12,0007,train,"[23.2781982421875, 8.79693603515625, 2682.7197265625, 2131.620849609375]",0.3731873333454132
13,0008,person,"[2402.27392578125, 243.01080322265625, 3323.069091796875, 2134.13330078125]",0.9365261197090149
14,0008,cell phone,"[2567.782470703125, 970.9248046875, 2648.83642578125, 1073.5859375]",0.4122495949268341
15,0009,person,"[2328.2734375, 219.109130859375, 3278.9150390625, 2136.370361328125]",0.942502498626709
16,0010,person,"[2507.987548828125, 169.98257446289062, 3605.293212890625, 2132.70166015625]",0.9351397752761841
17,0012,person,"[2414.708984375, 128.43145751953125, 3377.40673828125, 2136.25146484375]",0.9334052205085754
18,0013,person,"[2339.4580078125, 239.51312255859375, 3351.6279296875, 2139.219970703125]",0.9359750151634216
19,0013,train,"[13.13818359375, 0.67364501953125, 2573.53466796875, 2109.230712890625]",0.5075165629386902
20,0014,person,"[2124.2763671875, 239.22702026367188, 3357.84130859375, 2139.204345703125]",0.9473125338554382
21,0015,person,"[2373.06005859375, 233.3726806640625, 3343.134765625, 2138.2763671875]",0.9351966381072998
22,0015,train,"[30.4266357421875, 1.35845947265625, 2566.70166015625, 2096.6982421875]",0.4793420732021332
23,0015,train,"[54.4061279296875, 10.370086669921875, 3632.234619140625, 2160.0]",0.4725881516933441
24,0016,person,"[2182.506103515625, 296.13299560546875, 3444.83642578125, 2132.8310546875]",0.9130799770355225
25,0017,person,"[2185.444091796875, 270.7294006347656, 3400.12646484375, 2130.725830078125]",0.9430742859840393
26,0018,person,"[2472.69189453125, 291.09210205078125, 3415.11376953125, 2140.596923828125]",0.9298203587532043
27,0019,motorcycle,"[29.7623291015625, 0.0, 3840.0, 2160.0]",0.33317747712135315
28,0020,person,"[1095.319091796875, 42.421875, 3840.0, 2130.8427734375]",0.93526691198349
29,0021,motorcycle,"[0.0, 0.0, 3840.0, 2127.343017578125]",0.26283591985702515
30,0023,person,"[2293.57763671875, 120.78707885742188, 3521.66357421875, 2132.57861328125]",0.9309036135673523
31,0024,person,"[2423.391357421875, 178.9515380859375, 3547.7451171875, 2133.88720703125]",0.9449598789215088
32,0025,person,"[2840.61376953125, 539.273193359375, 3840.0, 1063.0380859375]",0.5992971658706665
33,0025,bottle,"[1431.545654296875, 985.2916259765625, 1827.96923828125, 1675.29541015625]",0.47009602189064026
34,0026,person,"[2570.34765625, 229.09515380859375, 3840.0, 877.0323486328125]",0.7276903986930847
35,0026,motorcycle,"[20.202392578125, 17.225830078125, 3820.560791015625, 2116.5107421875]",0.46537914872169495
36,0027,person,"[2198.98779296875, 1042.77978515625, 3839.9208984375, 2133.20458984375]",0.8579702973365784
37,0027,motorcycle,"[20.666015625, 5.04400634765625, 3792.0, 2160.0]",0.5083634257316589
38,0028,motorcycle,"[0.0, 112.56124877929688, 3840.0, 2160.0]",0.49179723858833313
39,0028,suitcase,"[1403.9429931640625, 489.91375732421875, 2970.44482421875, 1433.4012451171875]",0.2925538420677185
40,0029,person,"[2365.265625, 225.74130249023438, 3840.0, 2135.21826171875]",0.9526943564414978
41,0031,person,"[2448.0869140625, 113.98031616210938, 3566.366455078125, 2132.59619140625]",0.9372260570526123
42,0032,person,"[2134.2294921875, 204.0252685546875, 3406.521484375, 2131.52880859375]",0.9387816190719604
43,0033,person,"[2570.021728515625, 161.564208984375, 3672.878173828125, 2138.55029296875]",0.9451727867126465
44,0034,person,"[2548.6298828125, 174.58657836914062, 3600.349609375, 2135.61328125]",0.9453632235527039
45,0035,person,"[2541.82177734375, 243.74798583984375, 3467.58544921875, 2137.499755859375]",0.9417169094085693
46,0036,person,"[2643.822265625, 112.38446044921875, 3613.467041015625, 2133.9326171875]",0.9467511177062988
47,0037,person,"[2399.36083984375, 115.7047119140625, 3604.1357421875, 2132.427001953125]",0.9539900422096252
48,0038,person,"[2444.7021484375, 141.13375854492188, 3576.90576171875, 2132.192138671875]",0.9452600479125977
49,0038,train,"[19.617919921875, 12.877899169921875, 3784.468505859375, 2092.54052734375]",0.396661639213562
50,0039,person,"[2637.5048828125, 108.27191162109375, 3565.679443359375, 2138.8623046875]",0.9329038262367249
51,0039,airplane,"[6.1702880859375, 8.55889892578125, 3728.66455078125, 2134.732421875]",0.31955069303512573
52,0040,person,"[2288.133544921875, 212.75335693359375, 3601.30908203125, 2131.55859375]",0.93940669298172
53,0040,motorcycle,"[42.15069580078125, 2.673431396484375, 3251.115966796875, 2143.97021484375]",0.5770045518875122
54,0041,person,"[2530.47900390625, 229.20794677734375, 3456.34375, 2138.88037109375]",0.9241509437561035
55,0041,train,"[6.1585693359375, 4.500457763671875, 3776.675537109375, 2096.375]",0.35497286915779114
56,0042,person,"[2615.13525390625, 212.49655151367188, 3562.8193359375, 2137.05615234375]",0.940277636051178
57,0043,person,"[2664.64404296875, 220.3388671875, 3577.12060546875, 2129.0537109375]",0.9342592358589172
58,0043,bottle,"[602.4110107421875, 1867.5069580078125, 912.3404541015625, 2160.0]",0.3359941840171814
59,0044,person,"[2516.37939453125, 202.29812622070312, 3665.319580078125, 2129.326416015625]",0.9429608583450317
60,0045,person,"[2621.7666015625, 193.86767578125, 3642.5126953125, 2143.41552734375]",0.93825364112854
61,0046,person,"[2656.4091796875, 185.8018798828125, 3685.781982421875, 2141.47900390625]",0.9222421646118164
62,0046,train,"[4.21014404296875, 8.11102294921875, 3840.0, 2108.9404296875]",0.38477757573127747
63,0047,person,"[2426.923828125, 221.68487548828125, 3574.4541015625, 2101.758056640625]",0.921990692615509
64,0048,person,"[2532.54638671875, 125.24111938476562, 3627.586669921875, 2134.07470703125]",0.9414517283439636
65,0048,bottle,"[497.68536376953125, 1875.811767578125, 820.92919921875, 2159.301513671875]",0.39642223715782166
66,0048,motorcycle,"[31.0704345703125, 5.521453857421875, 3622.6025390625, 2152.70263671875]",0.3211287260055542
67,0049,person,"[2661.1708984375, 150.9869384765625, 3696.894287109375, 2142.947265625]",0.9333566427230835
68,0050,person,"[2683.001953125, 150.5401611328125, 3680.890869140625, 2130.888671875]",0.9335407018661499
69,0050,bottle,"[510.3661193847656, 1875.2237548828125, 830.963134765625, 2158.6923828125]",0.25589892268180847
70,0051,person,"[2565.2802734375, 147.409423828125, 3629.27001953125, 2136.9150390625]",0.932839035987854
71,0052,person,"[2670.391845703125, 185.423583984375, 3590.94384765625, 2132.35205078125]",0.9244998097419739
72,0052,motorcycle,"[18.218994140625, 6.1307373046875, 3501.084228515625, 2154.75048828125]",0.2892797291278839
73,0053,person,"[2604.5673828125, 162.7628173828125, 3599.76611328125, 2130.741455078125]",0.9282042384147644
74,0053,motorcycle,"[30.67987060546875, 0.3193359375, 3543.3974609375, 2152.484375]",0.25832706689834595
75,0054,person,"[2552.2158203125, 137.93856811523438, 3431.41259765625, 2131.181884765625]",0.9331992268562317
76,0055,motorcycle,"[0.0, 6.5584716796875, 3694.125, 2158.193115234375]",0.6351972222328186
77,0055,motorcycle,"[1584.95849609375, 3.2810211181640625, 2572.288330078125, 770.181396484375]",0.38766995072364807
78,0055,motorcycle,"[249.637939453125, 278.83209228515625, 3717.95361328125, 2151.952392578125]",0.2655821740627289
79,0056,person,"[2472.3212890625, 8.558990478515625, 3838.02197265625, 2070.12890625]",0.9099481105804443
80,0056,motorcycle,"[0.0, 5.854248046875, 3817.29638671875, 2136.335205078125]",0.8322661519050598
81,0057,person,"[2273.269775390625, 121.385009765625, 3367.83837890625, 1983.969970703125]",0.9298361539840698
82,0057,motorcycle,"[40.08746337890625, 5.125946044921875, 3597.1728515625, 2157.0322265625]",0.3535059988498688
83,0058,person,"[2048.38720703125, 153.15774536132812, 3364.9833984375, 2107.868408203125]",0.9314027428627014
84,0058,motorcycle,"[31.45330810546875, 4.51611328125, 3548.25927734375, 2130.376953125]",0.2664746940135956
85,0059,person,"[2143.580078125, 141.86480712890625, 3448.3046875, 2125.927001953125]",0.9391577839851379
86,0059,motorcycle,"[20.0438232421875, 7.05157470703125, 3506.056640625, 2150.089111328125]",0.29680150747299194
87,0060,person,"[2327.41748046875, 122.21392822265625, 3327.12060546875, 2124.131103515625]",0.9303258657455444
88,0060,motorcycle,"[15.681884765625, 7.177459716796875, 3387.50244140625, 2145.7666015625]",0.27842938899993896
89,0061,person,"[2383.51220703125, 77.2174072265625, 3529.59375, 2133.0595703125]",0.9354454278945923
90,0062,person,"[2361.614013671875, 86.00665283203125, 3574.7646484375, 2149.58154296875]",0.938217282295227
91,0063,person,"[2425.46533203125, 140.54534912109375, 3517.691162109375, 2098.88427734375]",0.9378228783607483
92,0064,person,"[2276.4833984375, 167.75271606445312, 3418.1962890625, 1874.9505615234375]",0.9296565651893616
93,0064,motorcycle,"[41.18719482421875, 6.07379150390625, 3509.38623046875, 2160.0]",0.26112258434295654
94,0065,person,"[2340.881103515625, 152.5645751953125, 3529.02099609375, 2008.751220703125]",0.9284600615501404
95,0065,motorcycle,"[9.957275390625, 5.3177490234375, 3467.531982421875, 2134.481689453125]",0.2508423328399658
96,0066,person,"[2332.95458984375, 120.23492431640625, 3526.05810546875, 2130.578125]",0.9478323459625244
97,0067,person,"[2503.80419921875, 161.48501586914062, 3414.3037109375, 2113.697021484375]",0.9422169923782349
98,0067,train,"[0.0, 9.7650146484375, 3735.06884765625, 2160.0]",0.25190290808677673
99,0068,person,"[2521.31591796875, 155.8282470703125, 3472.064208984375, 2125.84716796875]",0.9401516914367676
100,0069,person,"[2502.0361328125, 125.7403564453125, 3536.000244140625, 2104.7431640625]",0.937269926071167
101,0069,motorcycle,"[18.47314453125, 16.2938232421875, 3486.47705078125, 2140.255859375]",0.6792921423912048
102,0070,person,"[2522.92724609375, 143.56109619140625, 3480.375, 2055.290771484375]",0.9359282851219177
103,0070,airplane,"[2.3203125, 11.54974365234375, 3795.22607421875, 2156.756591796875]",0.25406500697135925
104,0071,person,"[2537.075927734375, 193.6226806640625, 3531.128173828125, 2104.834716796875]",0.928131639957428
105,0072,person,"[2439.2158203125, 191.57565307617188, 3657.342041015625, 2114.976806640625]",0.9307547807693481
106,0073,person,"[2153.671875, 209.5887451171875, 3578.9599609375, 2061.34033203125]",0.9415507316589355
107,0074,person,"[2775.3154296875, 134.42138671875, 3828.5625, 2141.74755859375]",0.9417334794998169
108,0075,person,"[2410.380859375, 151.98248291015625, 3702.421875, 2135.13671875]",0.940768837928772
109,0076,person,"[2652.730712890625, 124.39663696289062, 3708.818115234375, 2133.703125]",0.948700487613678
110,0077,person,"[2184.3876953125, 209.3411865234375, 3571.29296875, 2052.352294921875]",0.9346984028816223
111,0077,motorcycle,"[22.8826904296875, 1.446533203125, 3545.49462890625, 2151.9248046875]",0.2785368859767914
112,0078,person,"[2590.87158203125, 164.68606567382812, 3560.687255859375, 2136.911865234375]",0.9224545359611511
113,0079,person,"[2566.7568359375, 194.33724975585938, 3529.5263671875, 2130.6904296875]",0.935479462146759
114,0080,person,"[2533.705810546875, 248.5660400390625, 3470.4716796875, 2136.87744140625]",0.9393109083175659
115,0081,person,"[2565.482666015625, 270.6280517578125, 3512.871826171875, 2138.61376953125]",0.9401675462722778
116,0082,person,"[2699.15966796875, 167.90789794921875, 3787.578125, 2140.867431640625]",0.9455828666687012
117,0083,person,"[2650.349609375, 158.4019775390625, 3640.021728515625, 2137.626708984375]",0.9440585970878601
118,0084,person,"[2704.872802734375, 93.21359252929688, 3760.647216796875, 2134.42578125]",0.9513599872589111
119,0085,person,"[2343.115234375, 79.75543212890625, 3771.344970703125, 2126.88720703125]",0.9521952867507935
120,0085,motorcycle,"[15.0311279296875, 5.66802978515625, 3328.5751953125, 2160.0]",0.3540639579296112
121,0086,person,"[2740.123046875, 45.06353759765625, 3819.43115234375, 2131.06005859375]",0.9429736733436584
122,0087,person,"[2475.96923828125, 86.981689453125, 3710.965576171875, 2131.474609375]",0.9448177814483643
123,0088,person,"[2631.564697265625, 93.76657104492188, 3660.25390625, 2131.74609375]",0.9293635487556458
124,0089,person,"[2869.35546875, 66.75274658203125, 3839.83349609375, 2134.705810546875]",0.9537820219993591
125,0089,motorcycle,"[35.26904296875, 14.7257080078125, 2990.351806640625, 2147.6884765625]",0.2602137327194214
126,0091,person,"[2716.747314453125, 81.34991455078125, 3729.66796875, 2132.376708984375]",0.9421358704566956
127,0091,person,"[2714.28271484375, 78.97000122070312, 3735.4482421875, 2132.779541015625]",0.6546730995178223
128,0092,person,"[2589.113525390625, 120.45501708984375, 3444.32373046875, 2127.2763671875]",0.944774329662323
129,0093,person,"[1527.3529052734375, 823.3764038085938, 2402.4765625, 2145.3330078125]",0.6095663905143738
130,0094,person,"[1267.5970458984375, 390.611083984375, 2386.146240234375, 1651.968017578125]",0.8977538347244263
131,0094,suitcase,"[0.7953643798828125, 877.6683349609375, 976.0986328125, 2140.347412109375]",0.599459707736969
132,0094,chair,"[2544.36083984375, 866.8287963867188, 3837.52294921875, 2143.922607421875]",0.40541449189186096
133,0094,suitcase,"[796.8699951171875, 943.0875244140625, 1493.9761962890625, 2147.808837890625]",0.2720203995704651
134,0095,person,"[1718.86181640625, 2.051239013671875, 3358.64208984375, 1108.7310791015625]",0.8553054332733154
135,0095,suitcase,"[1013.8405151367188, 1043.810302734375, 3790.7578125, 2132.4208984375]",0.6998609304428101
136,0095,suitcase,"[941.38720703125, 191.271240234375, 1806.784423828125, 1756.5692138671875]",0.4648449122905731
137,0095,suitcase,"[2643.875, 7.664703369140625, 3836.1298828125, 2069.81494140625]",0.4508804380893707
138,0095,suitcase,"[5.337615966796875, 2.142608642578125, 1380.107421875, 2143.218017578125]",0.40113741159439087
139,0096,person,"[1414.163818359375, 237.9873046875, 2817.83837890625, 1492.0869140625]",0.9129912257194519
140,0096,suitcase,"[0.9905548095703125, 686.9720458984375, 963.13232421875, 2138.47802734375]",0.5609855651855469
141,0096,car,"[90.103271484375, 0.0, 3840.0, 2136.298095703125]",0.4274791479110718
142,0096,suitcase,"[778.8792114257812, 778.6591186523438, 1488.09326171875, 2082.318115234375]",0.3636060655117035
143,0096,boat,"[90.103271484375, 0.0, 3840.0, 2136.298095703125]",0.27383944392204285
144,0097,person,"[1422.5914306640625, 511.01318359375, 2807.06591796875, 1791.060546875]",0.908237099647522
145,0098,train,"[5.08905029296875, 0.0, 3791.01953125, 1758.556640625]",0.9208707809448242
146,0099,train,"[280.1568603515625, 185.85955810546875, 3840.0, 2022.01513671875]",0.6154063940048218
147,0100,person,"[1918.4630126953125, 653.7954711914062, 2933.9248046875, 2146.342041015625]",0.9339993000030518
148,0101,person,"[2432.47412109375, 904.3363037109375, 3837.7216796875, 2139.5986328125]",0.9198551774024963
149,0101,airplane,"[4.46319580078125, 0.47662353515625, 2950.14599609375, 1256.42138671875]",0.6617320775985718
150,0102,person,"[3111.3359375, 1321.498291015625, 3839.0048828125, 2139.61865234375]",0.5386731028556824
151,0104,person,"[1928.827392578125, 522.0157470703125, 3840.0, 2138.338623046875]",0.9240729808807373
152,0105,person,"[2201.17041015625, 518.9987182617188, 3279.59375, 2143.454833984375]",0.9413807392120361
153,0105,refrigerator,"[1758.7562255859375, 683.1747436523438, 2020.74169921875, 1368.9525146484375]",0.26212626695632935
154,0106,umbrella,"[0.0, 36.51708984375, 3685.295654296875, 2106.0927734375]",0.5504258871078491
155,0107,person,"[1934.595458984375, 539.6964721679688, 2784.034423828125, 2140.34619140625]",0.8159245848655701
156,0108,person,"[1959.8206787109375, 217.59686279296875, 3528.254150390625, 2146.7900390625]",0.862410306930542
157,0108,bottle,"[1298.994384765625, 1404.1822509765625, 1392.897216796875, 1612.891357421875]",0.28540053963661194
158,0109,person,"[628.5123291015625, 1175.3045654296875, 3602.1201171875, 2150.35546875]",0.5034037232398987
159,0109,banana,"[0.7762298583984375, 988.4767456054688, 488.78778076171875, 1296.9840087890625]",0.3317287564277649
160,0110,person,"[43.34893798828125, 659.9642944335938, 1562.1046142578125, 2139.850341796875]",0.9036105275154114
161,0110,umbrella,"[2.4308624267578125, 579.19970703125, 516.40966796875, 880.3628540039062]",0.4728672206401825
162,0110,bottle,"[2128.602783203125, 1344.1806640625, 2212.78076171875, 1531.736328125]",0.3689040243625641
163,0111,person,"[7.5505828857421875, 1011.317138671875, 1198.346435546875, 2146.404052734375]",0.8778138160705566
164,0111,umbrella,"[1.2580604553222656, 942.722412109375, 424.8695983886719, 1187.727783203125]",0.25915199518203735
165,0112,person,"[1053.3740234375, 749.9412231445312, 2693.298583984375, 2145.93603515625]",0.9006359577178955
166,0112,bottle,"[1896.3251953125, 1722.667724609375, 2103.3896484375, 2151.54345703125]",0.38766181468963623
167,0113,person,"[1418.3070068359375, 1183.1390380859375, 2700.0927734375, 2155.4345703125]",0.9177332520484924
168,0114,person,"[759.0775146484375, 1071.902099609375, 2108.31396484375, 2142.67138671875]",0.8877366781234741
169,0115,person,"[384.0801086425781, 974.8229370117188, 1484.388671875, 2138.467529296875]",0.9017060995101929
170,0115,bottle,"[3099.9287109375, 1518.2332763671875, 3208.486083984375, 1726.8408203125]",0.2914070188999176
171,0116,person,"[989.7365112304688, 780.9688110351562, 2220.33740234375, 2145.73681640625]",0.9331050515174866
172,0117,person,"[483.1200256347656, 1019.5691528320312, 1593.652587890625, 2148.073486328125]",0.9129968881607056
173,0117,bottle,"[3570.240966796875, 1569.30419921875, 3734.556884765625, 1823.130615234375]",0.342273473739624
174,0118,person,"[3.161865234375, 553.676025390625, 2010.716552734375, 2146.06640625]",0.7200404405593872
175,0118,bottle,"[1926.5986328125, 1640.04052734375, 2150.5703125, 2124.128173828125]",0.2839741110801697
176,0119,person,"[22.553192138671875, 266.40069580078125, 2249.22314453125, 2137.6025390625]",0.4975370466709137
177,0119,person,"[695.2446899414062, 303.68902587890625, 3590.732421875, 2129.880859375]",0.30802130699157715
178,0120,person,"[838.875732421875, 871.5963134765625, 2390.0283203125, 2148.7568359375]",0.9317689538002014
179,0120,airplane,"[105.26165771484375, 3.596832275390625, 3840.0, 1386.099365234375]",0.34644630551338196
180,0120,bottle,"[3476.00390625, 1399.640869140625, 3623.332763671875, 1641.937744140625]",0.3204704225063324
181,0121,person,"[432.84979248046875, 906.8699340820312, 1616.500732421875, 2149.35205078125]",0.929781436920166
182,0121,bottle,"[3497.08349609375, 1429.73046875, 3640.869873046875, 1664.086669921875]",0.4731089770793915
183,0122,person,"[1792.4088134765625, 599.2108154296875, 3034.908203125, 2151.528564453125]",0.9102335572242737
184,0124,person,"[2168.8330078125, 20.47705078125, 3827.68505859375, 2145.3876953125]",0.37271177768707275
185,0124,person,"[2180.814697265625, 81.17449951171875, 3313.8427734375, 2144.85107421875]",0.34357118606567383
186,0126,person,"[595.1015625, 211.790771484375, 1990.193115234375, 2134.367431640625]",0.8501655459403992
187,0126,bottle,"[3681.94140625, 1454.81005859375, 3838.365234375, 1709.447021484375]",0.30170029401779175
188,0127,person,"[1549.132568359375, 837.136962890625, 3008.69677734375, 2144.2568359375]",0.9204732775688171
189,0128,person,"[1.5538101196289062, 1324.040283203125, 911.35888671875, 2143.74560546875]",0.7813247442245483
190,0129,person,"[631.9246826171875, 609.5408935546875, 1644.5526123046875, 2145.54443359375]",0.9335231184959412
191,0130,person,"[1126.2513427734375, 713.2659912109375, 3034.220703125, 2150.562255859375]",0.8924733996391296
192,0130,tv,"[703.6712036132812, 1297.01220703125, 1338.075439453125, 1703.3580322265625]",0.3483788073062897
193,0132,person,"[991.8984375, 362.8147888183594, 3373.402587890625, 2135.14990234375]",0.6140798926353455
194,0132,suitcase,"[3304.8056640625, 1661.830810546875, 3837.711181640625, 2158.6943359375]",0.25277167558670044
195,0134,person,"[1855.7724609375, 795.3929443359375, 3063.587890625, 2143.04248046875]",0.9334890246391296
196,0135,person,"[844.1555786132812, 757.03955078125, 2743.85009765625, 2146.13134765625]",0.9488036036491394
197,0136,person,"[1748.45703125, 877.3236083984375, 3043.39404296875, 2141.65771484375]",0.9375227093696594
198,0136,truck,"[844.56884765625, 1011.8168334960938, 1964.620849609375, 1705.14404296875]",0.2572740316390991
199,0137,person,"[996.9027099609375, 301.15521240234375, 3489.841552734375, 2128.71630859375]",0.67884361743927
200,0137,person,"[1083.990966796875, 188.42147827148438, 3476.7568359375, 2143.23193359375]",0.6387161612510681
201,0138,person,"[1924.1400146484375, 897.371337890625, 3009.166259765625, 2147.42919921875]",0.9357962608337402
202,0139,person,"[2097.1845703125, 792.418212890625, 3455.07861328125, 2144.9677734375]",0.9333487153053284
203,0139,truck,"[879.415283203125, 1017.0313110351562, 1983.004638671875, 1699.942138671875]",0.40204381942749023
204,0140,person,"[235.767333984375, 694.7186279296875, 1756.191650390625, 2145.57275390625]",0.9415422081947327
205,0141,person,"[576.35888671875, 864.2706298828125, 2371.658447265625, 2146.3251953125]",0.9513176679611206
206,0142,person,"[1141.3775634765625, 909.0910034179688, 2244.85205078125, 2147.392578125]",0.9356155395507812
207,0146,person,"[22.549163818359375, 1364.035400390625, 825.6051025390625, 2149.5908203125]",0.6479020118713379
208,0146,elephant,"[0.0, 1.0103302001953125, 3840.0, 2028.47998046875]",0.38676613569259644
209,0147,person,"[2061.29541015625, 1126.7568359375, 3379.471435546875, 2125.823486328125]",0.7319595217704773
210,0148,person,"[2397.85546875, 1304.290771484375, 3267.67041015625, 2148.92822265625]",0.26122453808784485
211,0149,oven,"[53.68963623046875, 0.0, 3840.0, 2152.7158203125]",0.8410451412200928
212,0149,person,"[1420.529296875, 852.8858642578125, 2347.678955078125, 2134.21337890625]",0.46893802285194397
213,0150,spoon,"[1481.262939453125, 191.59909057617188, 2119.968994140625, 1283.5185546875]",0.4793154001235962
214,0150,person,"[387.79779052734375, 1178.26171875, 2211.336669921875, 2131.879638671875]",0.33917108178138733
215,0150,person,"[439.0194396972656, 1182.7799072265625, 2212.77734375, 2133.88671875]",0.25946569442749023
216,0151,motorcycle,"[206.5792236328125, 6.88055419921875, 3840.0, 2155.87548828125]",0.5890045762062073
217,0152,person,"[2.3443450927734375, 764.162353515625, 1439.97412109375, 2149.489501953125]",0.9188175797462463
218,0152,airplane,"[111.45831298828125, 0.0, 3840.0, 1422.037109375]",0.3180851638317108
219,0153,person,"[329.7581787109375, 733.4994506835938, 1830.8082275390625, 2141.1494140625]",0.9453102946281433
220,0153,airplane,"[162.91424560546875, 0.0, 3840.0, 1273.318115234375]",0.4767790138721466
221,0157,person,"[30.59747314453125, 869.63525390625, 1776.493408203125, 2132.01318359375]",0.7498292922973633
222,0157,motorcycle,"[33.7657470703125, 7.221771240234375, 3816.96337890625, 2094.012451171875]",0.5547453761100769
223,0157,person,"[1.9474411010742188, 1745.632568359375, 441.5041809082031, 2156.9541015625]",0.26549437642097473
224,0158,person,"[3.754669189453125, 805.5986938476562, 1553.2957763671875, 2151.55029296875]",0.9280078411102295
225,0158,bottle,"[3047.226318359375, 1455.0032958984375, 3191.61181640625, 1706.409912109375]",0.2869386076927185
226,0158,motorcycle,"[23.9208984375, 0.0, 3840.0, 1197.110107421875]",0.26792261004447937
227,0159,person,"[745.6236572265625, 809.9844970703125, 2511.915283203125, 2143.59521484375]",0.9299243688583374
228,0159,motorcycle,"[125.93902587890625, 0.0, 3840.0, 1175.796875]",0.702786922454834
229,0159,bottle,"[3084.8193359375, 1312.63818359375, 3212.804443359375, 1560.844482421875]",0.34304678440093994
230,0160,person,"[1074.8701171875, 859.5283203125, 2314.5693359375, 2141.761474609375]",0.9425840973854065
231,0160,motorcycle,"[95.26373291015625, 0.0, 3840.0, 1187.464599609375]",0.35889267921447754
232,0160,bottle,"[2992.451171875, 1323.665771484375, 3118.22802734375, 1554.0985107421875]",0.30881503224372864
233,0161,person,"[359.6053161621094, 814.3119506835938, 2065.84326171875, 2142.70947265625]",0.9430841207504272
234,0161,motorcycle,"[25.72430419921875, 0.0, 3840.0, 1163.258056640625]",0.5254430174827576
235,0161,bottle,"[2954.39453125, 1326.73583984375, 3083.47998046875, 1561.6519775390625]",0.30198103189468384
236,0162,person,"[572.8421020507812, 763.6878662109375, 1991.90087890625, 2142.773193359375]",0.9306638836860657
237,0162,motorcycle,"[57.89776611328125, 0.0, 3840.0, 1174.30126953125]",0.48565876483917236
238,0162,tv,"[54.61354064941406, 924.1907958984375, 606.172607421875, 1265.7384033203125]",0.4556087553501129
239,0163,person,"[1225.849853515625, 813.4781494140625, 2410.76025390625, 2141.2744140625]",0.9356878399848938
240,0163,motorcycle,"[69.88641357421875, 0.0, 3840.0, 1036.1346435546875]",0.7454552054405212
241,0163,bottle,"[3325.140380859375, 1223.2001953125, 3469.103759765625, 1513.36669921875]",0.3199723958969116
242,0164,person,"[859.3573608398438, 705.8253173828125, 2281.2275390625, 2150.649658203125]",0.9390810132026672
243,0164,refrigerator,"[3488.42626953125, 765.0150146484375, 3837.6669921875, 2123.54248046875]",0.35225507616996765
244,0164,chair,"[0.01116943359375, 1471.1962890625, 265.6357421875, 2150.496826171875]",0.320476233959198
245,0166,person,"[1521.63623046875, 900.926025390625, 2381.5234375, 2146.9169921875]",0.9305583834648132
246,0166,bottle,"[162.92279052734375, 1714.239990234375, 235.90219116210938, 1872.9649658203125]",0.3263741731643677
247,0166,bottle,"[242.1551971435547, 1722.803466796875, 305.8785400390625, 1876.166748046875]",0.2506225109100342
248,0167,person,"[1193.443359375, 894.5480346679688, 2268.37841796875, 2142.8623046875]",0.9405102133750916
249,0167,airplane,"[35.30950927734375, 13.26104736328125, 3793.40185546875, 1299.487060546875]",0.5350818037986755
250,0167,bottle,"[169.2022705078125, 1714.168701171875, 240.92050170898438, 1870.7215576171875]",0.5025162100791931
251,0168,person,"[1384.179443359375, 871.7327880859375, 3000.62109375, 2152.56103515625]",0.9271281361579895
252,0169,person,"[1071.15283203125, 855.2319946289062, 2327.80615234375, 2146.238525390625]",0.9483633041381836
253,0170,person,"[1173.937744140625, 845.1930541992188, 2148.881103515625, 2143.916259765625]",0.9409309029579163
254,0170,bottle,"[215.4419403076172, 1668.5810546875, 281.5265808105469, 1822.5267333984375]",0.33930104970932007
255,0170,bottle,"[191.1372833251953, 1670.2437744140625, 247.92984008789062, 1812.565673828125]",0.3337114155292511
256,0170,bottle,"[279.99310302734375, 1682.2862548828125, 340.15771484375, 1828.7156982421875]",0.27648043632507324
257,0171,person,"[1469.55859375, 827.7154541015625, 2362.162109375, 2144.6357421875]",0.9353027939796448
258,0171,bottle,"[190.19461059570312, 1652.741943359375, 259.16705322265625, 1801.2740478515625]",0.4934612214565277
259,0171,bottle,"[268.50335693359375, 1669.63232421875, 329.37164306640625, 1813.949462890625]",0.39670273661613464
260,0171,refrigerator,"[2888.18505859375, 927.129150390625, 3178.319091796875, 1814.953125]",0.3664867579936981
261,0172,person,"[1220.48828125, 802.2550048828125, 2196.95166015625, 2146.858154296875]",0.9438357353210449
262,0172,bottle,"[238.32485961914062, 1649.959716796875, 297.1117858886719, 1804.902099609375]",0.3659459948539734
263,0173,person,"[1358.156494140625, 798.2089233398438, 2365.015380859375, 2143.765625]",0.944710910320282
264,0174,person,"[1165.923583984375, 793.361572265625, 2194.466796875, 2145.5869140625]",0.9424541592597961
265,0174,bottle,"[220.3887176513672, 1656.45458984375, 277.56103515625, 1804.681640625]",0.2638421654701233
266,0175,person,"[1411.5208740234375, 789.92333984375, 2542.337158203125, 2145.177734375]",0.9431385397911072
267,0177,person,"[707.9053344726562, 722.2227783203125, 2101.755859375, 2146.09130859375]",0.9357434511184692
268,0178,person,"[664.4324340820312, 753.321533203125, 2427.740966796875, 2137.50927734375]",0.9587401151657104
269,0180,person,"[1305.720703125, 221.25238037109375, 2296.91943359375, 2130.1416015625]",0.8709233999252319
270,0182,person,"[1213.933349609375, 1139.076171875, 2704.552490234375, 2135.92529296875]",0.4734126031398773
271,0183,person,"[1775.2166748046875, 1327.470703125, 2936.501953125, 2141.81640625]",0.4501105546951294
272,0184,person,"[152.34576416015625, 817.0289306640625, 2866.117431640625, 2146.00390625]",0.7537372708320618
273,0185,person,"[706.34619140625, 190.44891357421875, 3149.654296875, 2071.571533203125]",0.6260475516319275
274,0185,person,"[199.0184326171875, 749.1527709960938, 1822.822265625, 2138.134765625]",0.27786490321159363
275,0186,person,"[67.81503295898438, 768.4656372070312, 1597.026123046875, 2143.33984375]",0.9326252937316895
276,0187,person,"[1133.0079345703125, 808.9017333984375, 3840.0, 2138.5498046875]",0.5708345770835876
277,0187,person,"[1121.621826171875, 562.4276733398438, 3387.65869140625, 2148.81494140625]",0.41306066513061523
278,0189,person,"[1158.6630859375, 760.8711547851562, 1939.3883056640625, 2134.460693359375]",0.806236743927002
279,0189,skateboard,"[1586.251220703125, 74.97711181640625, 3834.822265625, 2030.488037109375]",0.545272707939148
280,0190,person,"[2205.709716796875, 842.5750732421875, 3746.8671875, 2152.345703125]",0.9331772923469543
281,0191,person,"[1900.2176513671875, 816.8040161132812, 2771.7548828125, 2146.95166015625]",0.9284706711769104
282,0191,airplane,"[65.1331787109375, 0.0, 3840.0, 1214.3740234375]",0.5531420111656189
283,0192,person,"[927.7410278320312, 674.5299072265625, 1916.366455078125, 2146.7734375]",0.9389792680740356
284,0192,car,"[3036.7109375, 1004.8160400390625, 3837.908935546875, 1548.76025390625]",0.5859570503234863
285,0192,airplane,"[100.32220458984375, 0.0, 3837.1435546875, 1023.275390625]",0.5132022500038147
286,0192,car,"[3628.88232421875, 1144.34423828125, 3838.36328125, 1641.142822265625]",0.3728663921356201
287,0192,skateboard,"[3059.1962890625, 1467.298828125, 3669.724609375, 1694.405029296875]",0.3627500534057617
288,0193,person,"[2247.1455078125, 320.1101989746094, 3501.564697265625, 2132.080322265625]",0.8725565075874329
289,0194,person,"[2218.52490234375, 321.27410888671875, 3521.580078125, 2133.28662109375]",0.9157163500785828
290,0195,person,"[2448.224853515625, 185.39154052734375, 3748.14990234375, 2135.91455078125]",0.9512210488319397
291,0196,person,"[2544.731689453125, 172.83197021484375, 3838.01513671875, 2133.393310546875]",0.9547718167304993
292,0196,train,"[4.14971923828125, 7.445343017578125, 2976.4111328125, 2151.760986328125]",0.3829309642314911
293,0197,person,"[2508.57763671875, 276.00421142578125, 3776.5107421875, 2148.5224609375]",0.9530045390129089
294,0197,motorcycle,"[8.0980224609375, 10.9083251953125, 2981.7705078125, 2143.89794921875]",0.34930339455604553
295,0197,suitcase,"[2297.383544921875, 1102.563720703125, 2584.28466796875, 1370.020263671875]",0.30675068497657776
296,0198,person,"[2421.144287109375, 335.9736328125, 3541.3037109375, 2147.643798828125]",0.937443196773529
297,0199,motorcycle,"[35.4393310546875, 0.0, 3840.0, 2111.4921875]",0.5807219743728638
298,0200,person,"[3207.14111328125, 8.785308837890625, 3838.67822265625, 2085.8544921875]",0.7693554162979126
299,0200,motorcycle,"[0.0, 13.8350830078125, 3840.0, 2160.0]",0.3575942814350128
300,0201,person,"[2072.0439453125, 209.61126708984375, 3840.0, 2135.322265625]",0.9554800987243652
301,0202,person,"[2522.591552734375, 219.542724609375, 3655.121337890625, 2136.865234375]",0.9281435608863831
302,0203,person,"[2419.05712890625, 128.76150512695312, 3839.33154296875, 2136.627685546875]",0.944994330406189
303,0205,person,"[1939.99365234375, 389.06707763671875, 3272.365234375, 2135.708984375]",0.9395844340324402
304,0206,person,"[2510.275634765625, 248.24688720703125, 3656.458740234375, 2137.5615234375]",0.9425608515739441
305,0207,person,"[2426.61669921875, 307.0576171875, 3673.51220703125, 2136.303466796875]",0.9379310607910156
306,0208,person,"[2754.9462890625, 340.71807861328125, 3784.310302734375, 2148.641357421875]",0.9364537000656128
307,0209,person,"[2317.71728515625, 306.6009521484375, 3690.263671875, 2139.1904296875]",0.9425396919250488
308,0210,person,"[2224.327392578125, 308.16302490234375, 3551.99365234375, 2131.85498046875]",0.9289026856422424
309,0211,person,"[2490.25244140625, 326.234619140625, 3529.3271484375, 2136.501953125]",0.9215167760848999
310,0212,person,"[2461.5185546875, 232.518310546875, 3524.1689453125, 2131.967529296875]",0.9307058453559875
311,0213,person,"[2463.059326171875, 168.998291015625, 3490.061279296875, 2134.014404296875]",0.938440203666687
312,0214,person,"[2479.5830078125, 119.8773193359375, 3486.6328125, 2131.173583984375]",0.9429579973220825
313,0215,person,"[2448.787841796875, 169.8076171875, 3512.334228515625, 2132.8623046875]",0.9334341883659363
314,0216,person,"[2457.62744140625, 169.06961059570312, 3450.715576171875, 2135.7705078125]",0.9289075136184692
315,0217,person,"[2389.204833984375, 201.49566650390625, 3491.928955078125, 2123.38232421875]",0.9215279221534729
316,0218,person,"[2470.900390625, 141.78250122070312, 3544.859619140625, 2130.04345703125]",0.9121299386024475
317,0219,person,"[2479.552001953125, 149.33953857421875, 3707.044189453125, 2134.61181640625]",0.9455137252807617
318,0220,person,"[2638.095703125, 188.219970703125, 3572.20849609375, 2134.43212890625]",0.9273846745491028
319,0220,train,"[16.726318359375, 1.749298095703125, 2973.79296875, 2095.9873046875]",0.27187472581863403
320,0221,person,"[2639.5947265625, 182.31866455078125, 3690.224853515625, 2133.87744140625]",0.9343363046646118
321,0221,train,"[19.6728515625, 0.0, 2885.701171875, 2088.575927734375]",0.3531089723110199
322,0222,person,"[2487.6748046875, 224.90167236328125, 3549.41455078125, 2139.439208984375]",0.9379845857620239
323,0223,person,"[2582.73828125, 185.26318359375, 3491.802734375, 2140.992431640625]",0.9360681176185608
324,0224,person,"[2512.13671875, 247.7545166015625, 3416.013427734375, 2138.962890625]",0.9248833656311035
325,0225,car,"[793.7833251953125, 730.3609619140625, 2700.22021484375, 1643.0723876953125]",0.7715573906898499
326,0226,person,"[0.0, 10.75140380859375, 748.8211669921875, 1946.920166015625]",0.9405049085617065
327,0226,truck,"[935.6314086914062, 349.41510009765625, 2820.869140625, 1654.2579345703125]",0.6137966513633728
328,0226,car,"[935.6314086914062, 349.41510009765625, 2820.869140625, 1654.2579345703125]",0.2530706226825714
329,0227,person,"[1.037200927734375, 0.0, 594.18896484375, 1620.1666259765625]",0.8973483443260193
330,0227,truck,"[826.0946044921875, 151.84130859375, 3153.75, 1696.2982177734375]",0.7264133095741272
331,0227,car,"[826.0946044921875, 151.84130859375, 3153.75, 1696.2982177734375]",0.3187779188156128
332,0228,person,"[1281.5020751953125, 589.58154296875, 1765.87353515625, 2018.4027099609375]",0.9081518054008484
333,0228,truck,"[1973.326171875, 679.1244506835938, 3839.39892578125, 2129.9365234375]",0.7726538181304932
334,0228,umbrella,"[2.2933731079101562, 582.5179443359375, 386.2429504394531, 1028.3612060546875]",0.48342403769493103
335,0228,umbrella,"[907.7246704101562, 718.4240112304688, 1322.897216796875, 1123.32568359375]",0.3855876922607422
336,0229,person,"[805.0826416015625, 213.27520751953125, 2084.304931640625, 2140.19677734375]",0.95416259765625
337,0229,suitcase,"[108.2025146484375, 627.672607421875, 639.8076171875, 1116.245361328125]",0.4128613770008087
338,0229,truck,"[1455.2862548828125, 542.279296875, 3456.29296875, 2085.44873046875]",0.3838154077529907
339,0229,car,"[1455.2862548828125, 542.279296875, 3456.29296875, 2085.44873046875]",0.3139283061027527
340,0231,person,"[310.3369445800781, 313.740234375, 1227.9237060546875, 2143.689453125]",0.9428685307502747
341,0231,car,"[1454.044921875, 637.7990112304688, 3589.58203125, 2136.765625]",0.5467548966407776
342,0232,person,"[445.4959716796875, 127.14642333984375, 1378.7933349609375, 2140.881591796875]",0.9459874629974365
343,0232,truck,"[1637.3115234375, 526.4928588867188, 3840.0, 2118.45751953125]",0.7256231904029846
344,0233,truck,"[124.5626220703125, 92.3441162109375, 3818.3857421875, 2145.56640625]",0.5800312757492065
345,0233,car,"[124.5626220703125, 92.3441162109375, 3818.3857421875, 2145.56640625]",0.30161789059638977
346,0234,person,"[742.5987548828125, 522.7977294921875, 1542.3427734375, 2146.27587890625]",0.9311776757240295
347,0234,truck,"[2340.9697265625, 725.7703857421875, 3837.322998046875, 2136.94677734375]",0.6844444870948792
348,0234,car,"[2340.9697265625, 725.7703857421875, 3837.322998046875, 2136.94677734375]",0.36341649293899536
349,0235,person,"[872.6965942382812, 465.08843994140625, 1600.1357421875, 2150.274169921875]",0.9416453242301941
350,0235,truck,"[1716.53955078125, 673.0409545898438, 3524.46630859375, 2091.456298828125]",0.6440920233726501
351,0235,car,"[1716.53955078125, 673.0409545898438, 3524.46630859375, 2091.456298828125]",0.2889608144760132
352,0236,person,"[830.3534545898438, 485.3251647949219, 1786.8057861328125, 2146.26318359375]",0.9313885569572449
353,0236,truck,"[1684.5853271484375, 678.0240478515625, 3440.05517578125, 2083.712646484375]",0.757655143737793
354,0237,person,"[884.45849609375, 477.6343688964844, 1775.245849609375, 2141.18798828125]",0.937396764755249
355,0237,truck,"[1684.402587890625, 678.64453125, 3455.02001953125, 2081.966796875]",0.7185763120651245
356,0238,person,"[868.6124267578125, 472.738037109375, 1767.5965576171875, 2142.476806640625]",0.939389169216156
357,0238,truck,"[1678.023193359375, 670.35009765625, 3475.482421875, 2080.154296875]",0.7027243375778198
358,0239,person,"[880.6165771484375, 520.6724853515625, 1909.449462890625, 2144.5830078125]",0.9406377077102661
359,0239,car,"[1686.43798828125, 665.395751953125, 3441.07763671875, 2074.96337890625]",0.5115011930465698
360,0239,truck,"[1686.43798828125, 665.395751953125, 3441.07763671875, 2074.96337890625]",0.39324143528938293
361,0240,person,"[1203.5706787109375, 482.184814453125, 2099.51416015625, 2145.617431640625]",0.9255202412605286
362,0240,car,"[1718.74951171875, 670.2332763671875, 3442.87255859375, 2065.0703125]",0.5044349431991577
363,0240,truck,"[1718.74951171875, 670.2332763671875, 3442.87255859375, 2065.0703125]",0.45362982153892517
364,0241,person,"[578.5424194335938, 421.37860107421875, 1422.748291015625, 2151.4501953125]",0.9388850331306458
365,0241,car,"[1741.127197265625, 666.54296875, 3538.288330078125, 2078.516845703125]",0.5115814805030823
366,0241,truck,"[1741.127197265625, 666.54296875, 3538.288330078125, 2078.516845703125]",0.4177750051021576
367,0242,person,"[817.7655029296875, 445.32000732421875, 1628.4290771484375, 2143.54345703125]",0.9398964643478394
368,0242,truck,"[1400.317138671875, 670.3533935546875, 3384.71484375, 2136.6162109375]",0.5115483999252319
369,0242,car,"[1400.317138671875, 670.3533935546875, 3384.71484375, 2136.6162109375]",0.4404556453227997
370,0243,person,"[872.9840698242188, 491.17803955078125, 1622.671875, 2145.5849609375]",0.9368324875831604
371,0243,car,"[1303.866943359375, 673.7070922851562, 3183.79833984375, 2110.517333984375]",0.42200928926467896
372,0243,truck,"[1303.866943359375, 673.7070922851562, 3183.79833984375, 2110.517333984375]",0.4143291711807251
373,0244,person,"[3.557373046875, 8.482177734375, 1144.9508056640625, 2140.5810546875]",0.9521183371543884
374,0244,car,"[1484.37109375, 489.9663391113281, 3831.056396484375, 2137.033203125]",0.8854604363441467
375,0245,person,"[39.416290283203125, 257.586181640625, 1288.7109375, 2139.67724609375]",0.94638991355896
376,0245,car,"[1557.1710205078125, 650.188720703125, 3840.0, 2127.037109375]",0.6597025990486145
377,0245,truck,"[1557.1710205078125, 650.188720703125, 3840.0, 2127.037109375]",0.31872594356536865
378,0246,person,"[774.73974609375, 451.27587890625, 1481.4290771484375, 2153.90771484375]",0.939320981502533
379,0246,truck,"[1873.109619140625, 638.5909423828125, 3832.012939453125, 2107.26904296875]",0.7069423794746399
380,0246,car,"[1873.109619140625, 638.5909423828125, 3832.012939453125, 2107.26904296875]",0.26634421944618225
381,0247,person,"[1014.8662719726562, 428.9740905761719, 1766.086669921875, 2139.322509765625]",0.9173443913459778
382,0247,car,"[1611.09375, 598.7265014648438, 3832.78125, 2135.95458984375]",0.5252853631973267
383,0247,truck,"[1611.09375, 598.7265014648438, 3832.78125, 2135.95458984375]",0.4688393175601959
384,0249,person,"[1102.84765625, 362.570068359375, 1870.47509765625, 2145.522216796875]",0.9465711116790771
385,0249,car,"[1677.8536376953125, 609.7113647460938, 3835.1689453125, 2140.36572265625]",0.8095591068267822
386,0250,person,"[913.3560791015625, 385.1729736328125, 1948.078125, 2143.089599609375]",0.9248505234718323
387,0250,car,"[1316.30712890625, 582.59033203125, 3837.2197265625, 2139.26123046875]",0.7815013527870178
388,0250,handbag,"[1334.9061279296875, 1167.8001708984375, 1545.23583984375, 1651.193359375]",0.35963907837867737
389,0251,airplane,"[0.0, 0.0, 3768.849609375, 2153.5048828125]",0.8803709149360657
390,0252,person,"[0.32427978515625, 979.3515014648438, 1658.616455078125, 1536.6279296875]",0.7155641317367554
391,0252,car,"[435.3284912109375, 453.345458984375, 3830.4794921875, 2142.4306640625]",0.6756868958473206
392,0252,truck,"[435.3284912109375, 453.345458984375, 3830.4794921875, 2142.4306640625]",0.3042994439601898
393,0253,person,"[221.13771057128906, 335.13262939453125, 1327.43896484375, 2146.3408203125]",0.9507896900177002
394,0253,car,"[1731.4288330078125, 629.4951782226562, 3830.867431640625, 2135.97900390625]",0.9067153930664062
395,0254,person,"[191.05101013183594, 281.3588562011719, 1215.228515625, 2141.0458984375]",0.9540297389030457
396,0254,car,"[1403.6888427734375, 619.4188842773438, 3833.140869140625, 2139.968994140625]",0.645817220211029
397,0254,truck,"[1403.6888427734375, 619.4188842773438, 3833.140869140625, 2139.968994140625]",0.2912607491016388
398,0255,person,"[402.6324462890625, 363.45648193359375, 1296.748291015625, 2139.46728515625]",0.9452175498008728
399,0255,car,"[1194.0155029296875, 630.2254028320312, 3825.16796875, 2136.31396484375]",0.8521853089332581
400,0256,person,"[1106.746826171875, 270.5362243652344, 2150.523193359375, 2142.715576171875]",0.9230365753173828
401,0256,car,"[430.16290283203125, 576.1777954101562, 3727.81787109375, 2144.282958984375]",0.7070336937904358
402,0257,person,"[1009.4906616210938, 463.6322937011719, 1826.956787109375, 2141.07470703125]",0.9487636685371399
403,0257,car,"[543.850341796875, 582.2542724609375, 3840.0, 2145.661865234375]",0.6227567195892334
404,0258,person,"[296.59332275390625, 10.96875, 2539.03515625, 2143.287353515625]",0.9498608708381653
405,0258,car,"[24.04925537109375, 392.8026123046875, 3840.0, 2125.10986328125]",0.8237643837928772
406,0259,person,"[831.8212280273438, 324.3614501953125, 2346.5810546875, 2137.776123046875]",0.9521069526672363
407,0259,truck,"[1463.047607421875, 550.943359375, 3840.0, 2139.18994140625]",0.4644911587238312
408,0260,person,"[3.066375732421875, 3.6221923828125, 1732.875732421875, 2111.857421875]",0.95781010389328
409,0260,airplane,"[1031.84716796875, 186.33782958984375, 3840.0, 2121.8642578125]",0.7262765765190125
410,0261,person,"[1.96197509765625, 292.79913330078125, 566.6033935546875, 827.617431640625]",0.5643064975738525
411,0261,person,"[0.38124847412109375, 294.0000915527344, 575.0611572265625, 828.4879150390625]",0.5376076698303223
412,0261,car,"[106.74481201171875, 0.0, 3840.0, 2158.790771484375]",0.3260754644870758
413,0262,person,"[686.2530517578125, 464.1717224121094, 1383.10791015625, 2146.779052734375]",0.9435760378837585
414,0262,car,"[2029.83447265625, 579.242431640625, 3833.5390625, 2140.72900390625]",0.920706570148468
415,0263,person,"[1201.0982666015625, 465.1502380371094, 2170.97412109375, 2138.726806640625]",0.9433313608169556
416,0263,car,"[1799.202392578125, 456.45941162109375, 3834.38671875, 2130.0869140625]",0.5150932669639587
417,0263,truck,"[1799.202392578125, 456.45941162109375, 3834.38671875, 2130.0869140625]",0.2759826183319092
418,0264,person,"[735.798095703125, 11.00885009765625, 2210.540771484375, 2136.193359375]",0.9484499096870422
419,0264,truck,"[1138.857421875, 2.71710205078125, 3831.361083984375, 2138.8818359375]",0.5206917524337769
420,0265,car,"[14.621337890625, 0.0, 2814.6650390625, 2121.021484375]",0.6022361516952515
421,0266,car,"[643.690185546875, 0.0, 3778.893310546875, 2099.8525390625]",0.46578752994537354
422,0266,truck,"[643.690185546875, 0.0, 3778.893310546875, 2099.8525390625]",0.2647767961025238
423,0267,person,"[1193.2816162109375, 502.3904113769531, 1801.576171875, 2139.64990234375]",0.9290683269500732
424,0267,car,"[1664.648193359375, 574.9461669921875, 3831.5556640625, 2123.4091796875]",0.6364223957061768
425,0268,person,"[1318.3870849609375, 429.1679992675781, 2530.1318359375, 2139.88671875]",0.9505976438522339
426,0268,car,"[990.687744140625, 544.447021484375, 3837.66796875, 2143.622802734375]",0.8540439009666443
427,0269,person,"[951.7780151367188, 510.8800964355469, 1851.7978515625, 2137.864013671875]",0.9219187498092651
428,0269,car,"[1409.236572265625, 560.10302734375, 3840.0, 2118.021240234375]",0.8447641730308533
429,0270,person,"[662.9358520507812, 437.50579833984375, 1406.567626953125, 2151.35400390625]",0.9462409019470215
430,0270,car,"[1596.0831298828125, 550.8074951171875, 3834.03857421875, 2110.10693359375]",0.9285311102867126
431,0271,person,"[497.1258544921875, 463.5537414550781, 1301.79296875, 2146.82861328125]",0.9445210695266724
432,0271,car,"[1274.1470947265625, 548.8818359375, 3840.0, 2135.095947265625]",0.7831355929374695
433,0272,person,"[420.9088439941406, 337.2586669921875, 1281.131591796875, 2144.712646484375]",0.9558342695236206
434,0272,car,"[1606.8182373046875, 496.31622314453125, 3837.69970703125, 2133.0224609375]",0.8864569664001465
435,0273,person,"[1071.9835205078125, 539.3637084960938, 1829.537353515625, 2144.9404296875]",0.94789057970047
436,0273,car,"[2031.0516357421875, 502.1575927734375, 3835.19384765625, 2138.45166015625]",0.8527238965034485
437,0274,car,"[566.816650390625, 1151.7059326171875, 2026.85205078125, 1936.11328125]",0.8851073980331421
438,0274,person,"[834.5817260742188, 441.33709716796875, 1322.38916015625, 954.0657348632812]",0.8617448806762695
439,0274,car,"[2349.5400390625, 551.41650390625, 3839.262451171875, 2147.0458984375]",0.6971884965896606
440,0274,truck,"[2349.5400390625, 551.41650390625, 3839.262451171875, 2147.0458984375]",0.3231441378593445
441,0275,person,"[1007.373291015625, 517.6700439453125, 1575.9393310546875, 2131.48876953125]",0.9314560294151306
442,0275,car,"[2151.5498046875, 546.8248901367188, 3840.0, 2141.72509765625]",0.824705958366394
443,0276,suitcase,"[1565.183837890625, 11.01397705078125, 3840.0, 2131.6884765625]",0.3835001587867737
444,0277,person,"[0.0, 261.58447265625, 1858.61865234375, 2144.11474609375]",0.9594452381134033
445,0277,suitcase,"[1890.341552734375, 430.018798828125, 3834.065185546875, 2129.5498046875]",0.28536513447761536
446,0278,person,"[724.6754150390625, 415.651611328125, 1890.11279296875, 2142.82666015625]",0.9373008012771606
447,0278,car,"[1760.9208984375, 515.2260131835938, 3838.310302734375, 2136.4892578125]",0.5642058253288269
448,0279,person,"[1.3133010864257812, 0.0, 1045.892333984375, 2160.0]",0.861592710018158
449,0279,car,"[657.7774658203125, 413.1273193359375, 3508.247314453125, 2120.736328125]",0.7291470170021057
450,0279,car,"[3113.36279296875, 806.840087890625, 3836.299072265625, 1302.16845703125]",0.6436084508895874
451,0279,car,"[3107.140625, 804.0031127929688, 3840.0, 1310.40380859375]",0.39009982347488403
452,0279,truck,"[3519.6142578125, 608.965087890625, 3836.429443359375, 991.0836181640625]",0.3358205556869507
453,0280,person,"[560.336669921875, 451.1507263183594, 1664.77294921875, 2146.810546875]",0.9460791945457458
454,0280,car,"[1921.1533203125, 517.8482666015625, 3836.39306640625, 2143.9599609375]",0.7788719534873962
455,0281,person,"[1179.53955078125, 373.36724853515625, 1939.844970703125, 2140.4921875]",0.9246688485145569
456,0281,car,"[1731.7972412109375, 428.3580322265625, 3837.01123046875, 2135.348876953125]",0.5446691513061523
457,0283,person,"[170.31436157226562, 395.74053955078125, 1213.914306640625, 2149.46142578125]",0.9506041407585144
458,0283,car,"[1742.197265625, 500.2437744140625, 3839.073486328125, 2133.29638671875]",0.8462725281715393
459,0284,person,"[629.357177734375, 450.56085205078125, 1302.876220703125, 2138.14697265625]",0.9328953623771667
460,0285,person,"[1053.525146484375, 576.154052734375, 1800.2449951171875, 2134.65380859375]",0.9244413375854492
461,0285,car,"[1434.257568359375, 554.5772094726562, 3840.0, 2130.87109375]",0.4208759367465973
462,0286,person,"[263.16241455078125, 12.601043701171875, 1623.7327880859375, 2131.095703125]",0.9442484378814697
463,0286,car,"[822.906005859375, 12.4346923828125, 3836.5810546875, 2129.726806640625]",0.4250180125236511
464,0286,car,"[0.0, 0.0, 3804.37646484375, 2132.74560546875]",0.3307185471057892
465,0286,person,"[2656.8095703125, 159.99853515625, 2983.943359375, 491.86029052734375]",0.3300545811653137
466,0287,person,"[2.9163436889648438, 804.5216064453125, 636.64453125, 1361.64306640625]",0.5118188261985779
467,0288,person,"[584.84912109375, 321.5105895996094, 2236.69677734375, 2140.168212890625]",0.9508365392684937
468,0288,car,"[984.8935546875, 5.270599365234375, 3840.0, 2136.26708984375]",0.344996839761734
469,0289,person,"[520.9725952148438, 99.0970458984375, 2790.367431640625, 2147.08447265625]",0.8210026025772095
470,0289,car,"[185.93756103515625, 17.74566650390625, 3384.82763671875, 2138.68603515625]",0.3670281171798706
471,0290,car,"[102.35943603515625, 10.30206298828125, 3840.0, 2149.85205078125]",0.25807392597198486
472,0291,person,"[732.314697265625, 209.98013305664062, 1792.283203125, 2137.443359375]",0.9428699016571045
473,0292,person,"[604.103759765625, 268.11749267578125, 1775.413818359375, 2133.625732421875]",0.9437713623046875
474,0292,train,"[20.9747314453125, 0.0, 3776.253662109375, 2034.669921875]",0.320040225982666
475,0293,oven,"[0.0, 15.72802734375, 3838.8134765625, 2143.53271484375]",0.6682321429252625
476,0294,person,"[344.6248779296875, 10.01458740234375, 2010.4830322265625, 2137.836669921875]",0.944744884967804
477,0294,car,"[610.6138916015625, 3.105010986328125, 3840.0, 2160.0]",0.5583295822143555
478,0294,truck,"[610.6138916015625, 3.105010986328125, 3840.0, 2160.0]",0.3001871407032013
479,0295,person,"[521.26611328125, 184.13131713867188, 2112.95947265625, 2134.70458984375]",0.9509760141372681
480,0295,car,"[324.8353271484375, 0.35614013671875, 3720.286376953125, 2153.38818359375]",0.5655232071876526
481,0295,person,"[2361.305908203125, 652.93115234375, 2673.319580078125, 930.6871337890625]",0.2736614942550659
482,0296,person,"[5.0937652587890625, 292.40606689453125, 1664.1705322265625, 2138.88525390625]",0.9564530849456787
483,0296,car,"[1531.708251953125, 13.328704833984375, 3840.0, 2123.841796875]",0.5224931836128235
484,0297,person,"[704.0619506835938, 381.84283447265625, 1539.1036376953125, 2143.70751953125]",0.9460219144821167
485,0297,car,"[2202.52880859375, 324.94024658203125, 3840.0, 2127.9970703125]",0.6424020528793335
486,0298,person,"[903.3645629882812, 320.84454345703125, 1916.26171875, 2145.78857421875]",0.9432927370071411
487,0298,car,"[3115.380859375, 763.4384765625, 3838.708740234375, 2143.41015625]",0.44081950187683105
488,0299,person,"[922.795166015625, 363.623291015625, 1851.1025390625, 2143.90576171875]",0.9420289993286133
489,0299,car,"[2048.988037109375, 282.07525634765625, 3835.13232421875, 2133.6220703125]",0.7430214285850525
490,0299,truck,"[2048.988037109375, 282.07525634765625, 3835.13232421875, 2133.6220703125]",0.31293052434921265
491,0300,person,"[609.2138061523438, 320.83905029296875, 1551.320068359375, 2144.8837890625]",0.9475739598274231
492,0300,car,"[2069.93359375, 519.979248046875, 3833.466796875, 2130.388916015625]",0.7169129848480225
493,0300,truck,"[2069.93359375, 519.979248046875, 3833.466796875, 2130.388916015625]",0.30155885219573975
494,0300,suitcase,"[381.421142578125, 1011.9241333007812, 618.3381958007812, 1284.8233642578125]",0.25453847646713257
495,0301,person,"[862.5671997070312, 272.15130615234375, 1782.938232421875, 2137.52392578125]",0.9363255500793457
496,0301,car,"[1610.78173828125, 570.1598510742188, 3571.6748046875, 2016.59375]",0.5977566838264465
497,0301,truck,"[1610.78173828125, 570.1598510742188, 3571.6748046875, 2016.59375]",0.3900693953037262
498,0303,person,"[736.27587890625, 456.0103454589844, 1462.833740234375, 2155.291259765625]",0.9374606609344482
499,0303,truck,"[1479.045166015625, 682.0567626953125, 3398.2822265625, 2098.09765625]",0.6104944944381714
500,0303,car,"[1479.045166015625, 682.0567626953125, 3398.2822265625, 2098.09765625]",0.38707131147384644
501,0304,person,"[1154.047607421875, 490.8870849609375, 1801.460205078125, 2139.686767578125]",0.9273459315299988
502,0304,car,"[1595.212890625, 679.7279663085938, 3394.61962890625, 2095.83642578125]",0.4809545874595642
503,0304,truck,"[1595.212890625, 679.7279663085938, 3394.61962890625, 2095.83642578125]",0.4798447787761688
504,0305,person,"[739.7333984375, 456.4852294921875, 1514.59912109375, 2150.6240234375]",0.9333630800247192
505,0305,truck,"[1462.654541015625, 683.5696411132812, 3381.7744140625, 2096.072509765625]",0.5254306197166443
506,0305,car,"[1462.654541015625, 683.5696411132812, 3381.7744140625, 2096.072509765625]",0.46782347559928894
507,0306,person,"[1150.4959716796875, 462.6076354980469, 1721.316650390625, 2146.728515625]",0.9178481698036194
508,0306,car,"[1616.422607421875, 681.923583984375, 3412.447998046875, 2096.6396484375]",0.5375366806983948
509,0306,truck,"[1616.422607421875, 681.923583984375, 3412.447998046875, 2096.6396484375]",0.5013251304626465
510,0307,person,"[871.2142333984375, 472.17535400390625, 1582.441650390625, 2150.01416015625]",0.9332666993141174
511,0307,truck,"[1510.8348388671875, 685.1113891601562, 3435.195556640625, 2101.2783203125]",0.570709228515625
512,0307,car,"[1510.8348388671875, 685.1113891601562, 3435.195556640625, 2101.2783203125]",0.44820502400398254
513,0308,person,"[841.138916015625, 444.61614990234375, 1573.701171875, 2149.092041015625]",0.9419503808021545
514,0308,car,"[1528.16455078125, 686.5559692382812, 3450.13916015625, 2100.013671875]",0.6170246601104736
515,0308,truck,"[1528.16455078125, 686.5559692382812, 3450.13916015625, 2100.013671875]",0.4315764307975769
516,0309,person,"[1101.530029296875, 480.9345703125, 1825.371337890625, 2146.8466796875]",0.9336166381835938
517,0309,truck,"[1612.739013671875, 686.685302734375, 3455.78466796875, 2100.3662109375]",0.5273792743682861
518,0309,car,"[1612.739013671875, 686.685302734375, 3455.78466796875, 2100.3662109375]",0.42069417238235474
519,0310,person,"[779.6031494140625, 522.8751220703125, 1628.009521484375, 2150.20458984375]",0.9337025880813599
520,0310,truck,"[1514.05859375, 686.4841918945312, 3430.80224609375, 2101.472900390625]",0.5423491597175598
521,0310,car,"[1514.05859375, 686.4841918945312, 3430.80224609375, 2101.472900390625]",0.4822421371936798
522,0311,person,"[1101.853515625, 482.77496337890625, 1724.8040771484375, 2145.300048828125]",0.9187787771224976
523,0311,truck,"[1564.0615234375, 690.9410400390625, 3388.88232421875, 2100.562744140625]",0.5028044581413269
524,0311,car,"[1564.0615234375, 690.9410400390625, 3388.88232421875, 2100.562744140625]",0.5016913414001465
525,0312,person,"[710.3123779296875, 444.9493103027344, 1395.21142578125, 2146.84228515625]",0.9417352080345154
526,0312,truck,"[1550.439697265625, 690.3455810546875, 3494.91455078125, 2106.79638671875]",0.5225909948348999
527,0312,car,"[1550.439697265625, 690.3455810546875, 3494.91455078125, 2106.79638671875]",0.5216922760009766
528,0313,person,"[1026.05224609375, 529.6348876953125, 1892.1591796875, 2147.959716796875]",0.9443357586860657
529,0313,truck,"[1631.478515625, 688.3232421875, 3544.948974609375, 2101.1552734375]",0.6427193880081177
530,0313,car,"[1631.478515625, 688.3232421875, 3544.948974609375, 2101.1552734375]",0.3697623610496521
531,0314,person,"[1022.613037109375, 517.25439453125, 1783.6201171875, 2136.150390625]",0.9332217574119568
532,0314,truck,"[1608.93017578125, 692.3631591796875, 3541.62158203125, 2099.993408203125]",0.7323668003082275
533,0314,car,"[1608.93017578125, 692.3631591796875, 3541.62158203125, 2099.993408203125]",0.2650889754295349
534,0315,person,"[582.276611328125, 483.8800964355469, 1353.7379150390625, 2153.66845703125]",0.9410340189933777
535,0315,car,"[1597.72705078125, 694.8529663085938, 3535.30712890625, 2102.079345703125]",0.557879626750946
536,0315,truck,"[1597.72705078125, 694.8529663085938, 3535.30712890625, 2102.079345703125]",0.4954332113265991
537,0316,person,"[845.985595703125, 487.67413330078125, 1474.121826171875, 2145.006591796875]",0.9315140247344971
538,0316,car,"[1562.4437255859375, 698.4109497070312, 3500.635986328125, 2105.93603515625]",0.5398013591766357
539,0316,truck,"[1562.4437255859375, 698.4109497070312, 3500.635986328125, 2105.93603515625]",0.5106208920478821
540,0317,person,"[1215.515380859375, 508.1624450683594, 1869.7965087890625, 2142.139404296875]",0.9333467483520508
541,0317,car,"[1615.16064453125, 694.1760864257812, 3269.340087890625, 2063.300537109375]",0.5009353160858154
542,0317,truck,"[1615.16064453125, 694.1760864257812, 3269.340087890625, 2063.300537109375]",0.4615635275840759
543,0318,person,"[713.9719848632812, 476.310791015625, 1509.0692138671875, 2153.6552734375]",0.9320980310440063
544,0318,truck,"[1319.03466796875, 688.7472534179688, 3228.576416015625, 2067.9716796875]",0.5634166598320007
545,0318,car,"[1319.03466796875, 688.7472534179688, 3228.576416015625, 2067.9716796875]",0.4457095265388489
546,0319,person,"[680.6919555664062, 499.763671875, 1247.3935546875, 2145.02685546875]",0.9362464547157288
547,0319,truck,"[1264.1517333984375, 686.56689453125, 3177.983642578125, 2057.216796875]",0.6353973746299744
548,0319,car,"[1264.1517333984375, 686.56689453125, 3177.983642578125, 2057.216796875]",0.3545914888381958
549,0320,person,"[697.0911865234375, 432.2666931152344, 1441.063720703125, 2143.04443359375]",0.9217550754547119
550,0320,car,"[1284.5489501953125, 653.7302856445312, 3213.75927734375, 2041.207763671875]",0.5338201522827148
551,0320,truck,"[1284.5489501953125, 653.7302856445312, 3213.75927734375, 2041.207763671875]",0.42893174290657043
552,0321,person,"[969.5460205078125, 501.59527587890625, 1769.065185546875, 2149.831787109375]",0.9421747922897339
553,0321,truck,"[1523.925048828125, 626.8128662109375, 3192.273193359375, 1985.9013671875]",0.5680758357048035
554,0321,car,"[1523.925048828125, 626.8128662109375, 3192.273193359375, 1985.9013671875]",0.3745652735233307
555,0322,person,"[789.1614990234375, 386.70281982421875, 1493.611572265625, 2149.0791015625]",0.9291338920593262
556,0322,truck,"[1335.0933837890625, 626.469970703125, 3192.1748046875, 2000.45751953125]",0.6889632344245911
557,0322,car,"[1335.0933837890625, 626.469970703125, 3192.1748046875, 2000.45751953125]",0.2551157772541046
558,0323,person,"[769.86181640625, 405.3243713378906, 1447.595703125, 2138.5263671875]",0.9290148019790649
559,0323,truck,"[1347.4404296875, 630.0927124023438, 3199.4365234375, 2001.8154296875]",0.622894287109375
560,0323,car,"[1347.4404296875, 630.0927124023438, 3199.4365234375, 2001.8154296875]",0.35422730445861816
561,0324,person,"[571.479736328125, 391.47125244140625, 1450.4727783203125, 2150.036865234375]",0.9361386299133301
562,0324,car,"[1277.845947265625, 634.5325927734375, 3204.415283203125, 2004.94873046875]",0.5255188941955566
563,0324,truck,"[1277.845947265625, 634.5325927734375, 3204.415283203125, 2004.94873046875]",0.42645177245140076
564,0325,person,"[807.5033569335938, 394.7196350097656, 1472.938720703125, 2141.4140625]",0.9053077697753906
565,0325,car,"[1339.7593994140625, 632.8114013671875, 3221.22265625, 2003.514404296875]",0.5473088622093201
566,0325,truck,"[1339.7593994140625, 632.8114013671875, 3221.22265625, 2003.514404296875]",0.45076873898506165
567,0326,person,"[906.0987548828125, 393.66375732421875, 1970.957763671875, 2141.258056640625]",0.9187000393867493
568,0326,car,"[1457.58740234375, 639.5633544921875, 3196.095703125, 1999.3818359375]",0.7155366539955139
569,0327,person,"[1255.0960693359375, 476.5280456542969, 1862.0841064453125, 2142.399658203125]",0.9012798070907593
570,0327,car,"[1546.8193359375, 634.8707275390625, 3193.08935546875, 1996.19580078125]",0.5365993976593018
571,0327,truck,"[1546.8193359375, 634.8707275390625, 3193.08935546875, 1996.19580078125]",0.38755765557289124
572,0328,person,"[1457.626953125, 505.39251708984375, 2662.38037109375, 2151.00537109375]",0.9232817888259888
573,0328,car,"[1233.016357421875, 898.7023315429688, 3061.14697265625, 1986.04150390625]",0.4329662322998047
574,0328,car,"[1156.1197509765625, 620.94091796875, 3160.74072265625, 1950.6683349609375]",0.3195618689060211
575,0329,person,"[1065.64501953125, 408.59661865234375, 1824.0032958984375, 2144.86962890625]",0.9226799011230469
576,0329,car,"[1608.7188720703125, 639.6945190429688, 3062.42919921875, 1978.4893798828125]",0.5900862216949463
577,0330,person,"[835.749755859375, 374.35107421875, 1601.044189453125, 2143.51904296875]",0.9298624396324158
578,0330,car,"[1362.422119140625, 637.59912109375, 3036.09619140625, 1998.26318359375]",0.4111023247241974
579,0331,cell phone,"[399.0684814453125, 22.49615478515625, 3605.281494140625, 2098.338623046875]",0.5781849026679993
580,0331,tv,"[399.0684814453125, 22.49615478515625, 3605.281494140625, 2098.338623046875]",0.26429882645606995
581,0332,cell phone,"[380.3616943359375, 35.78466796875, 3591.7958984375, 2112.734130859375]",0.5098613500595093
582,0332,tv,"[380.3616943359375, 35.78466796875, 3591.7958984375, 2112.734130859375]",0.3256564438343048
583,0333,person,"[912.2459716796875, 433.84039306640625, 1555.771240234375, 2138.763916015625]",0.9297637939453125
584,0333,car,"[1336.1005859375, 654.5172119140625, 3066.69091796875, 2026.90087890625]",0.5513913631439209
585,0333,truck,"[1336.1005859375, 654.5172119140625, 3066.69091796875, 2026.90087890625]",0.32320985198020935
586,0334,person,"[908.315185546875, 442.2744140625, 1595.1866455078125, 2140.03955078125]",0.9282084703445435
587,0334,car,"[1350.7705078125, 656.3054809570312, 3066.608642578125, 2032.1883544921875]",0.5330202579498291
588,0334,truck,"[1350.7705078125, 656.3054809570312, 3066.608642578125, 2032.1883544921875]",0.3297079801559448
589,0335,person,"[965.566162109375, 457.1921081542969, 1581.798828125, 2141.6494140625]",0.9258811473846436
590,0335,car,"[1443.0699462890625, 667.0401611328125, 3079.790771484375, 2034.042236328125]",0.45312783122062683
591,0335,truck,"[1443.0699462890625, 667.0401611328125, 3079.790771484375, 2034.042236328125]",0.4461440443992615
592,0336,person,"[917.575927734375, 436.0789489746094, 1916.6011962890625, 2141.239501953125]",0.9174702763557434
593,0336,car,"[1406.9197998046875, 659.2410888671875, 3084.09521484375, 2033.8406982421875]",0.6641924381256104
594,0337,chair,"[28.59283447265625, 138.1160888671875, 2071.984375, 1790.561279296875]",0.8037775158882141
595,0337,cell phone,"[2276.302001953125, 1112.2490234375, 3258.993896484375, 1741.187255859375]",0.7724387645721436
596,0337,chair,"[3512.079345703125, 289.7728271484375, 3838.365234375, 1770.583251953125]",0.5604499578475952
597,0338,cell phone,"[1275.2755126953125, 6.521919250488281, 2359.628662109375, 545.2860107421875]",0.5077260136604309
598,0338,cell phone,"[1306.5361328125, 987.5282592773438, 2425.7451171875, 2149.234375]",0.29350966215133667
599,0338,chair,"[2401.861328125, 1654.503662109375, 3840.0, 2131.9345703125]",0.2674206793308258
600,0339,cell phone,"[1356.7340087890625, 14.597579956054688, 2275.8828125, 563.9036254882812]",0.34154000878334045
601,0339,chair,"[2290.75927734375, 1506.1929931640625, 3838.53515625, 2133.246826171875]",0.2626829743385315
602,0339,chair,"[2.174285888671875, 1589.34228515625, 1439.511962890625, 2137.47607421875]",0.25657278299331665
603,0340,person,"[1070.5302734375, 277.56829833984375, 2471.296875, 1699.033447265625]",0.9134790897369385
604,0340,airplane,"[0.0, 0.0, 3830.390625, 2056.6328125]",0.6894989609718323
605,0340,chair,"[2.267486572265625, 910.97314453125, 1476.690673828125, 2137.862548828125]",0.38268405199050903
606,0341,person,"[1074.7706298828125, 278.5333557128906, 2389.28125, 1685.20751953125]",0.6387731432914734
607,0341,airplane,"[27.50042724609375, 0.0, 3831.849609375, 2109.94775390625]",0.6046148538589478
608,0341,person,"[1077.771484375, 290.51934814453125, 2787.213623046875, 1759.121826171875]",0.5616344213485718
609,0341,chair,"[2.59918212890625, 909.5709228515625, 1475.524169921875, 2138.666748046875]",0.33770161867141724
610,0342,cell phone,"[3385.4423828125, 6.904266357421875, 3839.0986328125, 1216.6082763671875]",0.4373510479927063
611,0342,cell phone,"[188.89407348632812, 676.0093994140625, 2595.013916015625, 1894.397705078125]",0.27299273014068604
612,0344,cell phone,"[997.2445678710938, 689.0252685546875, 3551.03759765625, 1932.026611328125]",0.3741145133972168
613,0344,cell phone,"[732.7797241210938, 15.2384033203125, 3675.2353515625, 2090.234375]",0.25123289227485657
614,0345,laptop,"[7.81402587890625, 110.57830810546875, 3155.7861328125, 2146.79296875]",0.5242702960968018
615,0345,tv,"[7.81402587890625, 110.57830810546875, 3155.7861328125, 2146.79296875]",0.2644609212875366
616,0346,person,"[1074.430419921875, 289.69061279296875, 2544.5341796875, 1795.2139892578125]",0.9068225026130676
617,0346,airplane,"[0.0, 0.0, 3833.83544921875, 2100.03125]",0.6668952107429504
618,0347,person,"[1069.3260498046875, 289.31854248046875, 2562.015380859375, 1794.737548828125]",0.9129641056060791
619,0347,airplane,"[0.0, 0.0, 3831.6494140625, 2107.59326171875]",0.6793240904808044
620,0348,person,"[1064.012939453125, 298.7601013183594, 2769.1982421875, 1768.0675048828125]",0.9205366969108582
621,0348,airplane,"[25.50457763671875, 0.0, 3833.7109375, 2114.0]",0.6641088128089905
622,0349,person,"[1066.23291015625, 284.89251708984375, 2532.08447265625, 1790.447021484375]",0.9189767241477966
623,0349,airplane,"[7.50933837890625, 0.0, 3834.287841796875, 2082.955078125]",0.6115591526031494
624,0349,chair,"[3.18585205078125, 908.7020874023438, 1474.5560302734375, 2138.5810546875]",0.30187833309173584
625,0350,car,"[791.665771484375, 1692.1417236328125, 3073.692626953125, 2142.39453125]",0.4035404324531555
626,0351,car,"[809.5801391601562, 1680.110595703125, 3100.50537109375, 2143.783447265625]",0.5038295984268188
627,0352,clock,"[165.79522705078125, 242.84170532226562, 3712.767578125, 1865.055419921875]",0.3393014967441559
628,0352,car,"[808.7807006835938, 1679.447021484375, 3082.929931640625, 2142.1640625]",0.27883461117744446
629,0353,microwave,"[125.6619873046875, 256.3387756347656, 3695.401611328125, 1768.663330078125]",0.3119408190250397
630,0354,person,"[1067.377685546875, 289.6343994140625, 2543.076171875, 1738.06640625]",0.8603689074516296
631,0354,airplane,"[90.62384033203125, 0.0, 3818.297607421875, 2144.937744140625]",0.5682007670402527
632,0354,chair,"[2.792449951171875, 907.0496826171875, 1477.189453125, 2138.37548828125]",0.37013670802116394
633,0355,person,"[1059.2255859375, 284.18316650390625, 2541.51806640625, 1787.644775390625]",0.9219123721122742
634,0355,airplane,"[0.0, 0.0, 3832.76611328125, 2073.25732421875]",0.6939147114753723
635,0356,car,"[791.5025024414062, 1685.6025390625, 3139.42578125, 2140.58154296875]",0.2882629930973053
636,0357,person,"[1074.524169921875, 298.828857421875, 2564.364990234375, 1775.63525390625]",0.9099218845367432
637,0357,airplane,"[30.6287841796875, 0.0, 3834.523681640625, 2094.77099609375]",0.6486029028892517
638,0358,person,"[1076.8804931640625, 294.19775390625, 2562.608154296875, 1787.370849609375]",0.9152681231498718
639,0358,airplane,"[0.0, 0.0, 3832.14208984375, 2081.11181640625]",0.66819828748703
640,0359,person,"[1073.29052734375, 299.599365234375, 2781.8701171875, 1793.8216552734375]",0.9333011507987976
641,0359,airplane,"[66.95709228515625, 0.0, 3834.793212890625, 2089.9853515625]",0.6630977988243103
642,0360,cell phone,"[2265.080322265625, 4.543121337890625, 3554.3544921875, 725.0055541992188]",0.2924816310405731
643,0362,person,"[999.4898071289062, 268.0696105957031, 2765.73291015625, 1795.59375]",0.9106761813163757
644,0362,airplane,"[1.2696533203125, 0.0, 3834.6181640625, 2097.794921875]",0.4955548048019409
645,0363,person,"[1057.467529296875, 273.2507629394531, 2493.607421875, 1794.641357421875]",0.9245068430900574
646,0363,airplane,"[0.0, 0.0, 3834.37353515625, 2087.95751953125]",0.6384162306785583
647,0364,cell phone,"[1369.133056640625, 26.82037353515625, 2413.409912109375, 2144.628173828125]",0.4823024272918701
648,0365,person,"[1073.0440673828125, 286.493408203125, 2321.2236328125, 1708.713134765625]",0.8142300248146057
649,0365,airplane,"[21.64215087890625, 0.0, 3836.240478515625, 2085.646728515625]",0.6960267424583435
650,0366,person,"[1070.083251953125, 286.37420654296875, 2572.757568359375, 1782.1856689453125]",0.9283565282821655
651,0366,airplane,"[41.9344482421875, 0.0, 3832.046875, 2086.63818359375]",0.6411786079406738
652,0367,person,"[1084.8292236328125, 283.5555725097656, 2762.514892578125, 1759.2484130859375]",0.9327816367149353
653,0367,airplane,"[23.40838623046875, 0.0, 3832.95703125, 2101.33056640625]",0.6127856373786926
654,0367,airplane,"[60.638671875, 0.0, 3823.193359375, 2160.0]",0.4094887375831604
655,0368,person,"[1063.72607421875, 271.43939208984375, 2469.99267578125, 1771.70654296875]",0.9293302893638611
656,0368,airplane,"[0.0, 0.0, 3832.251708984375, 2087.99072265625]",0.6151404976844788
657,0368,chair,"[2.62042236328125, 908.3775634765625, 1489.7005615234375, 2139.651123046875]",0.2571856379508972
658,0369,person,"[1067.7808837890625, 278.03851318359375, 2628.542724609375, 1711.194580078125]",0.929306149482727
659,0369,airplane,"[40.8365478515625, 0.0, 3819.142578125, 2154.25390625]",0.5245635509490967
660,0369,chair,"[2.8567657470703125, 908.6325073242188, 1486.838623046875, 2137.566162109375]",0.2756630778312683
661,0370,car,"[154.8922119140625, 10.1583251953125, 3834.8671875, 2160.0]",0.7879471182823181
662,0370,cell phone,"[2.3709640502929688, 4.00067138671875, 653.58740234375, 1570.292236328125]",0.7516355514526367
663,0370,car,"[0.943817138671875, 20.64056396484375, 2261.15625, 2129.4765625]",0.27709439396858215
664,0371,person,"[1071.90625, 281.71966552734375, 2428.62744140625, 1704.188720703125]",0.9392892122268677
665,0371,airplane,"[0.0, 0.0, 3832.893310546875, 2085.21826171875]",0.6462032198905945
666,0372,person,"[777.9277954101562, 162.02371215820312, 3088.81884765625, 2149.912841796875]",0.9142234325408936
667,0372,train,"[152.312255859375, 0.0, 3835.43798828125, 2130.80322265625]",0.2593723237514496
668,0373,person,"[1069.249267578125, 260.42596435546875, 2312.1201171875, 1660.216796875]",0.8640083074569702
669,0373,airplane,"[0.0, 0.0, 3838.01123046875, 2061.287109375]",0.5290602445602417
670,0373,airplane,"[58.69464111328125, 0.0, 3834.330078125, 2137.248779296875]",0.42556440830230713
671,0373,chair,"[686.222412109375, 765.9710083007812, 2135.892333984375, 1966.814208984375]",0.3646010160446167
672,0373,airplane,"[19.51043701171875, 0.0, 3839.395751953125, 1252.560546875]",0.2910398840904236
673,0374,person,"[1066.1419677734375, 273.05767822265625, 2350.01513671875, 1654.120361328125]",0.8872188329696655
674,0374,airplane,"[0.0, 0.0, 3836.570068359375, 2056.919677734375]",0.6187629103660583
675,0375,person,"[1001.3032836914062, 257.0592041015625, 2762.571533203125, 1810.09716796875]",0.8821512460708618
676,0375,laptop,"[1887.0439453125, 1011.24560546875, 2391.534423828125, 1456.569580078125]",0.7195824384689331
677,0375,airplane,"[43.74609375, 0.0, 3823.84423828125, 2160.0]",0.5737819075584412
678,0376,person,"[990.3328857421875, 262.4914855957031, 2741.77392578125, 1813.562255859375]",0.8335220217704773
679,0376,airplane,"[58.61334228515625, 1.912811279296875, 3823.527099609375, 2153.908447265625]",0.5060753226280212
680,0377,person,"[987.3128662109375, 248.797119140625, 2767.88134765625, 1823.32177734375]",0.9046457409858704
681,0377,airplane,"[38.8758544921875, 0.0, 3840.0, 2082.0244140625]",0.6070634722709656
682,0378,person,"[927.5026245117188, 287.9736328125, 2730.22607421875, 1996.59521484375]",0.7490606904029846
683,0378,airplane,"[0.0, 0.0, 3832.499267578125, 2036.4049072265625]",0.648419201374054
684,0379,airplane,"[109.9244384765625, 0.0, 3831.45654296875, 2020.3934326171875]",0.6240364909172058
685,0379,person,"[926.1673583984375, 304.2337646484375, 1937.4686279296875, 1958.69580078125]",0.5405340194702148
686,0379,person,"[923.5338134765625, 299.87347412109375, 2727.19482421875, 1949.948486328125]",0.4417670667171478
687,0380,person,"[1061.693603515625, 275.32415771484375, 2724.56494140625, 1779.9730224609375]",0.8419299125671387
688,0380,airplane,"[27.38360595703125, 0.0, 3819.506103515625, 2140.25341796875]",0.38707292079925537
689,0380,airplane,"[51.847412109375, 0.0, 3840.0, 2083.23388671875]",0.293125182390213
690,0381,airplane,"[0.0, 0.0, 3837.38525390625, 2055.76220703125]",0.7372614741325378
691,0381,person,"[826.8663940429688, 306.5003356933594, 2133.09765625, 2076.033203125]",0.6361355781555176
692,0381,person,"[825.1129150390625, 297.8042907714844, 2776.236572265625, 2059.83154296875]",0.607437252998352
693,0382,person,"[770.309326171875, 316.4241943359375, 2272.197265625, 1727.5048828125]",0.8810245394706726
694,0382,airplane,"[0.0, 0.0, 3833.16064453125, 2126.96142578125]",0.6712351441383362
695,0383,airplane,"[0.0, 0.0, 3837.68310546875, 2096.137939453125]",0.7308535575866699
696,0383,person,"[907.297607421875, 296.923095703125, 2795.13720703125, 1995.2684326171875]",0.712548553943634
697,0383,person,"[902.7006225585938, 310.532958984375, 2502.370849609375, 1988.7081298828125]",0.42666250467300415
698,0384,person,"[862.7352905273438, 235.14678955078125, 2763.12255859375, 2037.5687255859375]",0.8132502436637878
699,0384,airplane,"[0.0, 0.0, 3835.513916015625, 2077.993896484375]",0.6685342192649841
700,0385,person,"[1100.3873291015625, 302.6150207519531, 3013.083251953125, 1741.237060546875]",0.9315231442451477
701,0385,airplane,"[79.2952880859375, 0.0, 3833.294921875, 2041.10791015625]",0.6014147996902466
702,0386,cell phone,"[1498.411376953125, 614.4439086914062, 2719.2509765625, 1607.986083984375]",0.7591214776039124
703,0387,cell phone,"[2057.186279296875, 503.52801513671875, 3226.12646484375, 1421.4169921875]",0.4690340459346771
704,0388,person,"[1081.8009033203125, 259.2431945800781, 2500.42431640625, 1742.02783203125]",0.8656650185585022
705,0388,airplane,"[47.3712158203125, 0.0, 3835.21630859375, 2090.6728515625]",0.6625621318817139
706,0389,person,"[1071.7255859375, 279.5643310546875, 2525.0888671875, 1729.445068359375]",0.918474018573761
707,0389,airplane,"[0.0, 0.0, 3832.01123046875, 2056.388427734375]",0.6356417536735535
708,0389,chair,"[2.490234375, 911.4757690429688, 1481.5811767578125, 2138.87646484375]",0.28645551204681396
709,0391,laptop,"[1405.7938232421875, 804.721435546875, 2106.74755859375, 1363.7657470703125]",0.3585541546344757
710,0392,person,"[1060.974609375, 301.8999938964844, 2755.89990234375, 1787.131591796875]",0.9068492650985718
711,0392,airplane,"[0.0, 0.0, 3835.289794921875, 2119.099609375]",0.6917213201522827
712,0393,person,"[1081.28076171875, 271.29437255859375, 2465.49609375, 1747.671875]",0.8690932393074036
713,0393,airplane,"[0.0, 0.0, 3821.882080078125, 2160.0]",0.5692291259765625
714,0394,person,"[1059.452392578125, 268.07025146484375, 2761.65771484375, 1801.0982666015625]",0.924081563949585
715,0394,airplane,"[0.0, 0.0, 3838.64990234375, 2096.279296875]",0.6094567775726318
716,0395,person,"[1067.733642578125, 276.0731506347656, 2773.08154296875, 1805.7410888671875]",0.9375115633010864
717,0395,airplane,"[38.14727783203125, 0.0, 3837.333984375, 2127.92333984375]",0.6563995480537415
718,0396,person,"[1061.83740234375, 275.3784484863281, 2750.345703125, 1803.695068359375]",0.9330474734306335
719,0396,airplane,"[67.00689697265625, 0.0, 3824.7333984375, 2160.0]",0.6020734906196594
720,0398,person,"[1068.2855224609375, 272.38311767578125, 2751.67333984375, 1803.608154296875]",0.9366814494132996
721,0398,airplane,"[25.6146240234375, 0.0, 3835.946044921875, 2143.83544921875]",0.6263875961303711
722,0399,person,"[1067.7572021484375, 273.1475830078125, 2568.583740234375, 1813.447998046875]",0.8234961628913879
723,0399,airplane,"[45.9114990234375, 0.0, 3836.912109375, 2103.31982421875]",0.6716381907463074
724,0399,chair,"[2.4311370849609375, 908.7068481445312, 1481.95751953125, 2137.111572265625]",0.2690322995185852
725,0400,person,"[1062.6427001953125, 275.2408447265625, 2737.49169921875, 1794.0048828125]",0.9217857718467712
726,0400,airplane,"[28.32366943359375, 0.0, 3821.58642578125, 2160.0]",0.6560817956924438
727,0402,person,"[1101.264892578125, 281.3002624511719, 2677.7431640625, 1661.9849853515625]",0.921420156955719
728,0402,airplane,"[103.81622314453125, 0.0, 3834.0244140625, 2160.0]",0.6725720167160034
729,0402,airplane,"[104.21337890625, 0.0, 3834.968994140625, 1274.287109375]",0.36326736211776733
730,0403,person,"[1066.1055908203125, 267.331787109375, 2504.058349609375, 1787.46142578125]",0.9342790842056274
731,0403,airplane,"[0.0, 0.0, 3833.7314453125, 1823.1207275390625]",0.7368890643119812
732,0403,chair,"[2.084197998046875, 910.9931030273438, 1491.5, 2137.80078125]",0.30897343158721924
733,0404,person,"[1077.023681640625, 274.6051025390625, 2746.157958984375, 1795.994873046875]",0.9046863913536072
734,0404,airplane,"[25.93359375, 1.144866943359375, 3825.970703125, 2160.0]",0.5969623327255249
735,0405,person,"[1067.375732421875, 275.60430908203125, 2438.00244140625, 1724.578857421875]",0.9010269045829773
736,0405,airplane,"[0.0, 0.0, 3838.294921875, 1854.332275390625]",0.7080980539321899
737,0405,chair,"[1.99896240234375, 911.654541015625, 1488.932861328125, 2138.9052734375]",0.2613283395767212
738,0406,person,"[1068.7510986328125, 275.49993896484375, 2365.96044921875, 1688.5880126953125]",0.8728173971176147
739,0406,airplane,"[0.0, 0.0, 3837.76025390625, 2017.81494140625]",0.6984841227531433
740,0407,person,"[1072.742919921875, 288.47625732421875, 2396.2197265625, 1719.134521484375]",0.9203973412513733
741,0407,airplane,"[0.0, 0.0, 3836.5947265625, 1931.6744384765625]",0.7039026021957397
742,0408,person,"[1080.114990234375, 266.2412109375, 2427.455322265625, 1726.1956787109375]",0.863631546497345
743,0408,airplane,"[4.921142578125, 0.0, 3838.78271484375, 1939.517333984375]",0.6459895372390747
744,0409,person,"[1069.12255859375, 269.7759704589844, 2421.654052734375, 1716.3486328125]",0.9211029410362244
745,0409,airplane,"[0.0, 0.0, 3835.764404296875, 1961.84228515625]",0.6658840775489807
746,0409,chair,"[2.57611083984375, 910.2066650390625, 1488.29541015625, 2138.951171875]",0.2984464466571808
747,0410,person,"[1141.951416015625, 268.31304931640625, 2863.41845703125, 2118.517333984375]",0.937648355960846
748,0411,person,"[1150.1239013671875, 273.69854736328125, 2856.5654296875, 2108.89453125]",0.9429060220718384
749,0411,car,"[57.6357421875, 0.0, 3815.50341796875, 2150.129150390625]",0.2500206530094147
750,0412,person,"[1130.32470703125, 267.8460388183594, 2916.87353515625, 2120.093017578125]",0.940277099609375
751,0413,person,"[1156.9801025390625, 265.401123046875, 2896.3203125, 2116.41748046875]",0.938096284866333
752,0414,person,"[1120.16748046875, 269.53619384765625, 2868.60595703125, 2110.766357421875]",0.9445411562919617
753,0415,car,"[15.232177734375, 0.9884033203125, 3840.0, 2145.34619140625]",0.43827638030052185
754,0416,person,"[1132.422119140625, 283.5334167480469, 2899.100830078125, 2110.84326171875]",0.940294086933136
755,0416,car,"[19.22259521484375, 0.0, 3710.58251953125, 2147.87890625]",0.36891937255859375
756,0417,cell phone,"[323.75775146484375, 14.038421630859375, 3594.114990234375, 1883.8546142578125]",0.805801510810852
757,0417,person,"[662.51318359375, 1560.8118896484375, 1132.960205078125, 2152.184814453125]",0.33983299136161804
758,0417,cell phone,"[0.0, 517.5978393554688, 183.28305053710938, 1779.3665771484375]",0.2722926139831543
759,0417,tv,"[323.75775146484375, 14.038421630859375, 3594.114990234375, 1883.8546142578125]",0.2607051432132721
760,0418,tv,"[605.7696533203125, 76.8475341796875, 3525.350830078125, 2108.833740234375]",0.4430124759674072
761,0418,cell phone,"[605.7696533203125, 76.8475341796875, 3525.350830078125, 2108.833740234375]",0.3566381335258484
762,0419,person,"[1118.054931640625, 1780.80859375, 2752.30810546875, 2160.0]",0.6423196196556091
763,0419,tv,"[604.3458251953125, 72.44924926757812, 3523.201171875, 2099.23046875]",0.37627971172332764
764,0419,cell phone,"[604.3458251953125, 72.44924926757812, 3523.201171875, 2099.23046875]",0.3748199939727783
765,0419,person,"[1121.6060791015625, 1794.92138671875, 1471.463623046875, 2154.6884765625]",0.3253861665725708
766,0419,tv,"[0.8249130249023438, 476.4857482910156, 458.0578308105469, 1714.4775390625]",0.27167436480522156
767,0420,tv,"[613.1861572265625, 73.10623168945312, 3528.1171875, 2107.029296875]",0.46256738901138306
768,0420,cell phone,"[613.1861572265625, 73.10623168945312, 3528.1171875, 2107.029296875]",0.2903864085674286
769,0421,tv,"[605.0289916992188, 73.90951538085938, 3526.48388671875, 2108.826171875]",0.40280431509017944
770,0421,cell phone,"[605.0289916992188, 73.90951538085938, 3526.48388671875, 2108.826171875]",0.3987404406070709
771,0422,person,"[918.41455078125, 1676.9893798828125, 2793.278564453125, 2160.0]",0.661022961139679
772,0422,cell phone,"[596.6143798828125, 68.309326171875, 3523.244384765625, 2086.98291015625]",0.509636640548706
773,0422,tv,"[596.6143798828125, 68.309326171875, 3523.244384765625, 2086.98291015625]",0.28100234270095825
774,0423,tv,"[607.9683837890625, 76.54751586914062, 3525.3916015625, 2098.023681640625]",0.5232402682304382
775,0423,person,"[1066.164794921875, 1861.19775390625, 1449.2470703125, 2160.0]",0.41249778866767883
776,0423,tv,"[0.7074508666992188, 478.1928405761719, 454.4510192871094, 1730.219970703125]",0.2784809470176697
777,0424,tv,"[601.774658203125, 75.9136962890625, 3520.99658203125, 2102.79248046875]",0.436710000038147
778,0424,cell phone,"[601.774658203125, 75.9136962890625, 3520.99658203125, 2102.79248046875]",0.4087908864021301
779,0425,tv,"[614.016357421875, 72.94747924804688, 3523.49169921875, 2107.16064453125]",0.4252017140388489
780,0425,cell phone,"[614.016357421875, 72.94747924804688, 3523.49169921875, 2107.16064453125]",0.3319932520389557
781,0426,tv,"[613.14111328125, 73.40652465820312, 3523.840576171875, 2105.71240234375]",0.40019387006759644
782,0426,cell phone,"[613.14111328125, 73.40652465820312, 3523.840576171875, 2105.71240234375]",0.35910114645957947
783,0427,tv,"[610.020263671875, 73.63385009765625, 3525.613037109375, 2109.984375]",0.41839587688446045
784,0427,cell phone,"[610.020263671875, 73.63385009765625, 3525.613037109375, 2109.984375]",0.34362322092056274
785,0428,person,"[1153.2373046875, 1682.3221435546875, 1752.693603515625, 2154.25537109375]",0.6000217795372009
786,0428,tv,"[614.1212768554688, 76.09652709960938, 3526.666015625, 2096.88818359375]",0.41151589155197144
787,0428,cell phone,"[614.1212768554688, 76.09652709960938, 3526.666015625, 2096.88818359375]",0.28810471296310425
788,0429,tv,"[612.7483520507812, 76.12051391601562, 3523.821533203125, 2107.9619140625]",0.4404166042804718
789,0429,cell phone,"[612.7483520507812, 76.12051391601562, 3523.821533203125, 2107.9619140625]",0.34495916962623596
790,0430,cell phone,"[608.7301025390625, 73.68447875976562, 3524.217041015625, 2112.982421875]",0.4472184181213379
791,0430,tv,"[608.7301025390625, 73.68447875976562, 3524.217041015625, 2112.982421875]",0.3667139708995819
792,0431,tv,"[606.2384033203125, 75.94363403320312, 3524.27001953125, 2108.3642578125]",0.43698450922966003
793,0431,cell phone,"[606.2384033203125, 75.94363403320312, 3524.27001953125, 2108.3642578125]",0.32408538460731506
794,0432,tv,"[607.2322998046875, 70.52655029296875, 3525.25341796875, 2107.51025390625]",0.4052034616470337
795,0432,cell phone,"[607.2322998046875, 70.52655029296875, 3525.25341796875, 2107.51025390625]",0.39945653080940247
796,0433,cell phone,"[607.9374389648438, 74.41470336914062, 3523.34375, 2111.06591796875]",0.40404945611953735
797,0433,tv,"[607.9374389648438, 74.41470336914062, 3523.34375, 2111.06591796875]",0.33286312222480774
798,0434,tv,"[608.0396118164062, 73.52774047851562, 3525.21630859375, 2109.46826171875]",0.403738796710968
799,0434,cell phone,"[608.0396118164062, 73.52774047851562, 3525.21630859375, 2109.46826171875]",0.3872247636318207
800,0435,tv,"[609.487060546875, 78.78277587890625, 3524.199462890625, 2109.480712890625]",0.4053710401058197
801,0435,cell phone,"[609.487060546875, 78.78277587890625, 3524.199462890625, 2109.480712890625]",0.4035792648792267
802,0436,cell phone,"[518.8734741210938, 75.98931884765625, 3527.193603515625, 2102.94677734375]",0.5897337198257446
803,0436,tv,"[518.8734741210938, 75.98931884765625, 3527.193603515625, 2102.94677734375]",0.47516366839408875
804,0437,person,"[283.75335693359375, 919.8699951171875, 1322.911865234375, 2134.60302734375]",0.8129611611366272
805,0437,tv,"[489.60443115234375, 82.02877807617188, 3509.306396484375, 2107.16943359375]",0.4962974488735199
806,0437,tv,"[1.2993621826171875, 480.1866455078125, 463.67633056640625, 1734.396484375]",0.2632206082344055
807,0438,person,"[566.595458984375, 1313.38916015625, 1483.945068359375, 2140.80908203125]",0.7707722187042236
808,0438,tv,"[527.6954956054688, 82.714599609375, 3515.76220703125, 2084.397216796875]",0.41341379284858704
809,0438,tv,"[0.8997573852539062, 479.0402526855469, 460.0514831542969, 1726.4564208984375]",0.341346800327301
810,0438,person,"[27.256072998046875, 1321.1929931640625, 1491.166748046875, 2142.23828125]",0.2930680811405182
811,0438,cell phone,"[527.6954956054688, 82.714599609375, 3515.76220703125, 2084.397216796875]",0.25851497054100037
812,0439,person,"[1.7819137573242188, 1470.580810546875, 869.6904296875, 2144.939453125]",0.7765278220176697
813,0439,cell phone,"[494.693115234375, 74.12246704101562, 3529.927001953125, 2094.271728515625]",0.7447016835212708
814,0439,tv,"[494.693115234375, 74.12246704101562, 3529.927001953125, 2094.271728515625]",0.33834096789360046
815,0440,person,"[1172.689697265625, 1556.166748046875, 2154.8681640625, 2149.64794921875]",0.7584764361381531
816,0440,tv,"[521.9331665039062, 76.07510375976562, 3529.66845703125, 2086.92138671875]",0.5678088665008545
817,0440,cell phone,"[521.9331665039062, 76.07510375976562, 3529.66845703125, 2086.92138671875]",0.5311687588691711
818,0441,cell phone,"[610.071533203125, 74.65667724609375, 3526.75244140625, 2096.37109375]",0.43834370374679565
819,0441,tv,"[610.071533203125, 74.65667724609375, 3526.75244140625, 2096.37109375]",0.31478506326675415
820,0441,person,"[1012.3057250976562, 1609.5205078125, 1743.930419921875, 2148.390625]",0.27926379442214966
821,0442,cell phone,"[552.667236328125, 59.474945068359375, 3535.541015625, 2111.49267578125]",0.6452884674072266
822,0442,person,"[2.438873291015625, 2.4371337890625, 1155.835693359375, 1079.7139892578125]",0.5089704990386963
823,0442,tv,"[552.667236328125, 59.474945068359375, 3535.541015625, 2111.49267578125]",0.2690734565258026
824,0443,person,"[869.1156005859375, 1750.184814453125, 2481.78125, 2160.0]",0.40112775564193726
825,0443,tv,"[590.8040771484375, 67.76129150390625, 3523.4619140625, 2097.773193359375]",0.37487897276878357
826,0443,cell phone,"[590.8040771484375, 67.76129150390625, 3523.4619140625, 2097.773193359375]",0.3561452329158783
827,0444,person,"[1458.521240234375, 1466.628662109375, 2702.236572265625, 2149.244140625]",0.8485357165336609
828,0444,tv,"[594.7587890625, 90.3819580078125, 3521.933349609375, 2102.0810546875]",0.6217349171638489
829,0444,tv,"[0.8134689331054688, 477.57940673828125, 459.9055480957031, 1728.41015625]",0.3077804744243622
830,0445,person,"[213.4589080810547, 1484.72607421875, 1321.36572265625, 2144.5859375]",0.734466016292572
831,0445,cell phone,"[588.2918701171875, 74.4649658203125, 3524.44189453125, 2105.05712890625]",0.5065973401069641
832,0446,person,"[3.2552490234375, 1332.214111328125, 985.8131103515625, 2142.89599609375]",0.850124716758728
833,0446,cell phone,"[602.0773315429688, 92.08401489257812, 3515.71875, 2098.759765625]",0.29579973220825195
834,0446,tv,"[602.0773315429688, 92.08401489257812, 3515.71875, 2098.759765625]",0.2566267251968384
835,0447,tv,"[491.411865234375, 70.17086791992188, 3507.54052734375, 2107.6591796875]",0.3304305076599121
836,0448,car,"[1307.94677734375, 817.440185546875, 1431.2406005859375, 910.096435546875]",0.6010540127754211
837,0448,tv,"[565.3333740234375, 72.53787231445312, 3507.66845703125, 2099.81494140625]",0.5217795968055725
838,0448,car,"[1069.5579833984375, 798.4150390625, 1316.88232421875, 955.3701171875]",0.36032024025917053
839,0449,person,"[0.0, 306.8668212890625, 1567.9515380859375, 2133.095703125]",0.8728406429290771
840,0449,tv,"[619.4631958007812, 79.70919799804688, 3541.0498046875, 2143.878662109375]",0.868381679058075
841,0449,car,"[1729.843017578125, 1018.6297607421875, 1855.12451171875, 1094.4554443359375]",0.47733718156814575
842,0450,tv,"[0.9011764526367188, 480.437255859375, 463.6559143066406, 1733.975830078125]",0.29913797974586487
843,0451,tv,"[0.8336563110351562, 480.15460205078125, 459.8748779296875, 1731.18505859375]",0.5210201740264893
844,0451,person,"[720.2437133789062, 979.7964477539062, 1765.87109375, 2128.2880859375]",0.3326144516468048
845,0452,tv,"[566.13720703125, 68.34832763671875, 3509.300537109375, 2097.53271484375]",0.6264301538467407
846,0453,person,"[534.1959228515625, 1169.289306640625, 1563.516845703125, 2133.027099609375]",0.752903401851654
847,0453,person,"[9.067108154296875, 1142.945556640625, 1570.7149658203125, 2135.587890625]",0.27076151967048645
848,0453,tv,"[439.140380859375, 84.7269287109375, 3514.447998046875, 2100.77734375]",0.26119911670684814
849,0454,person,"[963.456787109375, 1675.3648681640625, 2120.03271484375, 2152.078857421875]",0.7237402200698853
850,0454,tv,"[516.322998046875, 59.75921630859375, 3533.314453125, 2086.69140625]",0.34431618452072144
851,0455,person,"[1019.9529418945312, 1097.8609619140625, 2269.224365234375, 2136.088623046875]",0.6770289540290833
852,0455,cell phone,"[456.160400390625, 72.32839965820312, 3526.8203125, 2094.14013671875]",0.3318355083465576
853,0456,person,"[529.5040283203125, 1106.67529296875, 1762.5810546875, 2134.84326171875]",0.6999821066856384
854,0456,laptop,"[380.038330078125, 63.778289794921875, 3535.748046875, 2092.1181640625]",0.45902734994888306
855,0457,tv,"[491.67864990234375, 72.86709594726562, 3508.78271484375, 2104.6669921875]",0.4870784282684326
856,0457,cell phone,"[491.67864990234375, 72.86709594726562, 3508.78271484375, 2104.6669921875]",0.2773546576499939
857,0458,cell phone,"[553.7030639648438, 67.88209533691406, 3541.318359375, 2087.150634765625]",0.7787299752235413
858,0458,person,"[811.8812255859375, 786.4305419921875, 2604.8076171875, 2130.8212890625]",0.5681750774383545
859,0459,car,"[1785.427734375, 824.07080078125, 2254.520263671875, 1081.1240234375]",0.6349724531173706
860,0459,person,"[1334.922607421875, 1401.7606201171875, 2367.15234375, 2139.16259765625]",0.4892003536224365
861,0459,cell phone,"[561.0816650390625, 56.6832275390625, 3533.29248046875, 2075.64208984375]",0.3415634036064148
862,0459,tv,"[561.0816650390625, 56.6832275390625, 3533.29248046875, 2075.64208984375]",0.29948699474334717
863,0459,car,"[1784.495361328125, 824.9657592773438, 2257.6123046875, 1080.4866943359375]",0.25372445583343506
864,0460,tv,"[594.1534423828125, 59.85612487792969, 3528.2080078125, 2079.87255859375]",0.7087536454200745
865,0460,person,"[1247.5462646484375, 1767.451904296875, 2240.3134765625, 2149.091796875]",0.36945560574531555
866,0460,tv,"[0.87799072265625, 477.7950439453125, 460.70941162109375, 1722.3621826171875]",0.2569255828857422
867,0461,person,"[469.9390869140625, 966.1693725585938, 1456.528076171875, 2131.374267578125]",0.7279505729675293
868,0461,tv,"[1.1019058227539062, 477.6433410644531, 465.13494873046875, 1726.0418701171875]",0.43726229667663574
869,0461,tv,"[497.01654052734375, 81.966064453125, 3519.83154296875, 2105.641845703125]",0.3650597929954529
870,0462,tv,"[576.5114135742188, 71.53582763671875, 3512.88427734375, 2100.85595703125]",0.7870233654975891
871,0463,car,"[1786.402587890625, 823.431884765625, 2255.146484375, 1080.401123046875]",0.7561891078948975
872,0463,person,"[286.40936279296875, 1597.9346923828125, 1050.906494140625, 2150.4326171875]",0.6088920831680298
873,0463,tv,"[478.639892578125, 57.6793212890625, 3528.29150390625, 2090.7998046875]",0.3685424029827118
874,0463,mouse,"[0.41213035583496094, 1446.152099609375, 90.38235473632812, 1716.5650634765625]",0.2583935856819153
875,0464,car,"[1785.1300048828125, 825.0346069335938, 2257.740234375, 1079.5384521484375]",0.7248606085777283
876,0464,tv,"[545.8948974609375, 60.197021484375, 3530.9052734375, 2104.51416015625]",0.3369322717189789
877,0464,cell phone,"[545.8948974609375, 60.197021484375, 3530.9052734375, 2104.51416015625]",0.31462422013282776
878,0465,car,"[1786.28466796875, 824.714599609375, 2255.0498046875, 1080.1785888671875]",0.47465187311172485
879,0465,car,"[1785.8243408203125, 825.5040283203125, 2257.89013671875, 1079.44677734375]",0.43464407324790955
880,0465,tv,"[556.4877319335938, 59.93206787109375, 3531.664306640625, 2104.296630859375]",0.4233320951461792
881,0466,person,"[3.3522491455078125, 1177.9647216796875, 1554.5709228515625, 2138.85888671875]",0.8369120359420776
882,0466,cell phone,"[512.9998168945312, 63.694976806640625, 3533.17138671875, 2073.443115234375]",0.46734410524368286
883,0466,cell phone,"[1.00250244140625, 475.10382080078125, 462.76239013671875, 1755.9019775390625]",0.38441938161849976
884,0466,tv,"[512.9998168945312, 63.694976806640625, 3533.17138671875, 2073.443115234375]",0.2627086341381073
885,0467,person,"[1466.9693603515625, 1689.6591796875, 2685.775634765625, 2155.9970703125]",0.7663103938102722
886,0467,tv,"[619.35791015625, 68.1632080078125, 3525.69482421875, 2104.501953125]",0.4494565725326538
887,0467,cell phone,"[619.35791015625, 68.1632080078125, 3525.69482421875, 2104.501953125]",0.29777973890304565
888,0468,tv,"[604.8821411132812, 76.83984375, 3523.60400390625, 2112.783203125]",0.4615952968597412
889,0468,cell phone,"[604.8821411132812, 76.83984375, 3523.60400390625, 2112.783203125]",0.29204151034355164
890,0469,truck,"[127.35736083984375, 438.29058837890625, 3695.920166015625, 2089.119384765625]",0.8961859345436096
891,0469,person,"[2647.0302734375, 483.8531494140625, 3466.48388671875, 983.5316162109375]",0.5554525256156921
892,0469,person,"[2700.939208984375, 479.61181640625, 3450.207275390625, 979.4148559570312]",0.2731595039367676
893,0470,cell phone,"[1580.613037109375, 199.89193725585938, 2491.62353515625, 777.2650146484375]",0.3402312397956848
894,0471,truck,"[404.924560546875, 0.0, 3817.59765625, 2139.826904296875]",0.8473321795463562
895,0472,truck,"[34.22332763671875, 0.0, 3420.03271484375, 2129.32373046875]",0.6596002578735352
896,0472,car,"[34.22332763671875, 0.0, 3420.03271484375, 2129.32373046875]",0.29289641976356506
897,0473,car,"[515.833740234375, 162.50372314453125, 3840.0, 2130.484619140625]",0.5598205327987671
898,0473,car,"[624.97705078125, 159.0120849609375, 3834.568359375, 1705.0404052734375]",0.5382702946662903
899,0474,cell phone,"[776.4805908203125, 13.8262939453125, 3197.265380859375, 1442.1904296875]",0.6628642678260803
900,0475,car,"[109.77484130859375, 0.0, 3833.778076171875, 2127.9404296875]",0.36628398299217224
901,0475,tv,"[763.2017211914062, 0.0, 3202.445068359375, 1076.43359375]",0.3544374108314514
902,0476,laptop,"[0.0, 102.03277587890625, 3075.64599609375, 2151.11376953125]",0.5239149332046509
903,0477,car,"[474.01226806640625, 522.2484741210938, 3653.0166015625, 1844.228759765625]",0.8972753882408142
904,0478,truck,"[315.6829833984375, 192.94903564453125, 3272.326904296875, 1955.498291015625]",0.9191755056381226
905,0479,car,"[746.9291381835938, 0.0, 3840.0, 2140.1552734375]",0.5335237383842468
906,0479,truck,"[746.9291381835938, 0.0, 3840.0, 2140.1552734375]",0.46587181091308594
907,0480,car,"[76.5791015625, 162.53439331054688, 3830.12890625, 2112.2177734375]",0.6305254101753235
908,0482,cell phone,"[954.3760986328125, 727.3275146484375, 2796.7041015625, 2145.096435546875]",0.42252233624458313
909,0482,car,"[0.0, 2.2620849609375, 3830.876953125, 2134.20263671875]",0.2528136372566223
910,0483,cell phone,"[303.70550537109375, 218.58572387695312, 3670.7138671875, 1504.4677734375]",0.3093133568763733
911,0484,motorcycle,"[128.240478515625, 0.0, 3840.0, 2156.615234375]",0.38168400526046753
912,0485,car,"[40.11676025390625, 0.0, 3839.650634765625, 2124.29443359375]",0.42215678095817566
913,0486,chair,"[3.6800994873046875, 119.65869140625, 1243.6917724609375, 1501.9207763671875]",0.5511311888694763
914,0486,cell phone,"[2274.63525390625, 1111.75341796875, 3273.11279296875, 1744.851806640625]",0.43432632088661194
915,0486,chair,"[16.57415771484375, 101.95294189453125, 2155.807373046875, 2099.39794921875]",0.4316447675228119
916,0486,chair,"[2918.152587890625, 268.8681335449219, 3840.0, 2128.4736328125]",0.29277101159095764
917,0487,chair,"[2366.750732421875, 283.58660888671875, 3835.939453125, 2124.529296875]",0.7763604521751404
918,0487,chair,"[3.36968994140625, 169.65362548828125, 1437.629150390625, 2116.549072265625]",0.4263348877429962
919,0487,cell phone,"[1877.740966796875, 1109.95068359375, 2858.90869140625, 1742.78369140625]",0.4113706350326538
920,0487,chair,"[2.0687255859375, 166.7574462890625, 1747.6314697265625, 2129.851318359375]",0.3686324954032898
921,0487,tv,"[1877.740966796875, 1109.95068359375, 2858.90869140625, 1742.78369140625]",0.27676478028297424
922,0488,cell phone,"[343.07867431640625, 24.432769775390625, 3604.884521484375, 2096.65673828125]",0.46906423568725586
923,0488,tv,"[343.07867431640625, 24.432769775390625, 3604.884521484375, 2096.65673828125]",0.3365122377872467
924,0489,person,"[1759.4410400390625, 1190.621826171875, 2827.745361328125, 2134.802734375]",0.7739673256874084
925,0489,cell phone,"[324.90765380859375, 22.582763671875, 3611.26904296875, 2098.444091796875]",0.6323965787887573
926,0491,motorcycle,"[103.14129638671875, 153.419677734375, 3840.0, 2132.137451171875]",0.7707194685935974
927,0492,car,"[3090.990966796875, 1.5474128723144531, 3831.339111328125, 421.14471435546875]",0.7571777105331421
928,0492,motorcycle,"[0.0, 0.0, 3840.0, 2144.97021484375]",0.7331506013870239
929,0492,motorcycle,"[10.644012451171875, 13.8446044921875, 3776.332763671875, 2142.39794921875]",0.437813401222229
930,0493,car,"[797.1567993164062, 1687.584716796875, 3091.730712890625, 2141.3857421875]",0.44323796033859253
931,0497,train,"[200.1298828125, 10.103302001953125, 3656.86376953125, 2160.0]",0.37316370010375977
932,0497,suitcase,"[200.1298828125, 10.103302001953125, 3656.86376953125, 2160.0]",0.27244797348976135
933,0498,train,"[0.0, 14.928314208984375, 3840.0, 2137.138916015625]",0.49382689595222473
934,0499,car,"[787.3575439453125, 4.86767578125, 3837.564697265625, 2127.388916015625]",0.8893294334411621
935,0500,truck,"[1093.7425537109375, 555.5865478515625, 3510.63427734375, 1672.3897705078125]",0.5975271463394165
936,0501,truck,"[826.5624389648438, 349.8254699707031, 2664.1943359375, 1990.72705078125]",0.532443642616272
937,0501,car,"[826.5624389648438, 349.8254699707031, 2664.1943359375, 1990.72705078125]",0.255007266998291
938,0502,car,"[1006.0830688476562, 402.8183898925781, 2808.51953125, 1954.0177001953125]",0.710797905921936
939,0503,car,"[0.0, 7.81182861328125, 2650.310546875, 2132.25244140625]",0.3500632643699646
940,0505,parking meter,"[1596.4324951171875, 8.137481689453125, 3833.4931640625, 2104.0244140625]",0.5122033953666687
941,0506,car,"[0.0, 21.51708984375, 3815.5654296875, 2145.613037109375]",0.5068114399909973
942,0507,car,"[0.0, 0.0, 3833.291015625, 2113.65576171875]",0.657913327217102
943,0508,car,"[5.95953369140625, 0.0, 3840.0, 2114.18359375]",0.5880149602890015
944,0509,cell phone,"[1920.0106201171875, 150.81454467773438, 3210.059326171875, 974.38330078125]",0.8730859160423279
945,0509,cell phone,"[76.95684814453125, 129.94647216796875, 1742.918701171875, 1792.699951171875]",0.6663490533828735
946,0510,cell phone,"[1797.5595703125, 156.9236297607422, 3072.59716796875, 972.7952880859375]",0.8271853923797607
947,0510,cell phone,"[0.0, 137.00161743164062, 1599.8865966796875, 1791.7767333984375]",0.4586690664291382
948,0510,parking meter,"[0.0, 137.00161743164062, 1599.8865966796875, 1791.7767333984375]",0.40005746483802795
949,0511,cell phone,"[1661.3485107421875, 166.93560791015625, 2934.913818359375, 995.52685546875]",0.6763990521430969
950,0512,train,"[64.76129150390625, 85.39498901367188, 3807.4580078125, 1815.592041015625]",0.4683380126953125
951,0514,clock,"[266.68780517578125, 251.33042907714844, 3731.468994140625, 1861.302001953125]",0.2719131410121918
952,0517,cell phone,"[565.0021362304688, 10.76861572265625, 3199.32275390625, 2119.914306640625]",0.2730799913406372
953,0518,cell phone,"[2650.63623046875, 2.88336181640625, 3835.1533203125, 2014.903564453125]",0.3487555980682373
954,0518,cell phone,"[376.08270263671875, 67.27890014648438, 3200.306640625, 2142.910400390625]",0.283742219209671
955,0519,cell phone,"[758.688232421875, 31.204193115234375, 3149.461669921875, 1535.1383056640625]",0.5889272689819336
956,0520,car,"[2584.67529296875, 734.850830078125, 3100.9072265625, 1023.49462890625]",0.769398033618927
957,0520,person,"[983.4755859375, 1504.4505615234375, 1530.362060546875, 2149.76708984375]",0.40471649169921875
958,0520,person,"[993.35546875, 1519.37109375, 1534.878173828125, 2137.603271484375]",0.33338049054145813
959,0521,person,"[711.5672607421875, 1207.99072265625, 1771.10009765625, 2141.4052734375]",0.7096093893051147
960,0521,cell phone,"[418.93707275390625, 3.010894775390625, 3558.42333984375, 2052.5791015625]",0.32082462310791016
961,0522,person,"[71.17195129394531, 1277.3992919921875, 1136.539794921875, 2135.623046875]",0.8080282807350159
962,0522,car,"[2208.733642578125, 599.8193359375, 2891.4091796875, 1055.94287109375]",0.42775312066078186
963,0523,cell phone,"[416.1624755859375, 17.5096435546875, 3553.31884765625, 2053.03173828125]",0.7263541221618652
964,0523,person,"[650.34716796875, 1706.794677734375, 950.1197509765625, 2158.3466796875]",0.308020681142807
965,0524,tv,"[260.37213134765625, 0.0, 3829.369140625, 1249.5164794921875]",0.47889915108680725
966,0524,tv,"[255.8170166015625, 0.8345947265625, 3840.0, 1256.0411376953125]",0.3495594263076782
967,0526,tv,"[0.0, 7.2345428466796875, 3636.76171875, 1149.86767578125]",0.34478655457496643
968,0527,cell phone,"[901.4317626953125, 326.019287109375, 3415.8427734375, 2049.630615234375]",0.8078761696815491
969,0527,cell phone,"[0.0, 638.9846801757812, 895.7437133789062, 1653.7708740234375]",0.26872020959854126
970,0528,cell phone,"[889.8995361328125, 329.7831115722656, 3423.42626953125, 2036.1787109375]",0.8396548628807068
971,0528,person,"[912.2697143554688, 1668.243896484375, 1907.103515625, 2148.3798828125]",0.5334867238998413
972,0528,cell phone,"[0.0, 647.9656372070312, 898.5591430664062, 1653.6126708984375]",0.28981804847717285
973,0529,person,"[608.3792724609375, 1048.874755859375, 1756.2392578125, 2139.08203125]",0.8067218065261841
974,0529,tv,"[965.2783813476562, 328.4171142578125, 3422.22216796875, 2028.8499755859375]",0.4137924015522003
975,0529,tv,"[0.12890625, 640.2233276367188, 902.6922607421875, 1631.55615234375]",0.26944780349731445
976,0530,car,"[33.7137451171875, 0.05950927734375, 3840.0, 2002.810302734375]",0.3058467507362366
977,0530,chair,"[62.614288330078125, 55.783447265625, 1220.021728515625, 1137.755615234375]",0.2772378921508789
978,0531,chair,"[356.11602783203125, 67.43719482421875, 1444.9539794921875, 1138.510009765625]",0.28207316994667053
979,0531,chair,"[0.0720062255859375, 569.1307373046875, 1305.0179443359375, 1783.1964111328125]",0.26252201199531555
980,0532,mouse,"[1272.668212890625, 315.6111145019531, 2820.2880859375, 1522.4278564453125]",0.5791744589805603
981,0533,cell phone,"[305.688720703125, 9.1600341796875, 3765.54345703125, 2145.205078125]",0.47416603565216064
982,0533,person,"[1.8986778259277344, 1385.9893798828125, 328.90875244140625, 1883.26220703125]",0.44390878081321716
983,0533,person,"[0.0, 641.2501831054688, 1774.57373046875, 2134.556640625]",0.40351566672325134
984,0534,cell phone,"[26.89910888671875, 6.09722900390625, 3834.785888671875, 2137.9150390625]",0.36110687255859375
985,0534,cell phone,"[1760.757080078125, 657.0494384765625, 2684.92578125, 1615.3662109375]",0.260600745677948
986,0535,car,"[68.001708984375, 0.0, 3807.00830078125, 2007.686279296875]",0.3770369589328766
987,0536,car,"[162.21258544921875, 9.792938232421875, 3830.40673828125, 2149.46142578125]",0.423272967338562
988,0537,cell phone,"[4.57342529296875, 675.1973876953125, 2026.78271484375, 1839.599853515625]",0.5222571492195129
989,0537,cell phone,"[1.49432373046875, 661.5713500976562, 1998.296630859375, 1840.2359619140625]",0.3687394857406616
990,0538,keyboard,"[403.7606506347656, 600.9425659179688, 3809.127685546875, 2134.214111328125]",0.34459376335144043
991,0538,keyboard,"[7.30810546875, 7.619293212890625, 3666.072509765625, 2143.16845703125]",0.2614597976207733
992,0540,suitcase,"[29.775146484375, 44.69732666015625, 3833.25390625, 1957.018798828125]",0.5260805487632751
993,0542,cell phone,"[2390.04248046875, 5.159820556640625, 3840.0, 1561.5443115234375]",0.5873445868492126
994,0543,truck,"[320.94085693359375, 6.272918701171875, 3835.118408203125, 2160.0]",0.47565382719039917
995,0544,truck,"[380.0928955078125, 6.36822509765625, 3832.0908203125, 2155.398681640625]",0.8912075757980347
996,0545,car,"[0.0, 315.53851318359375, 3823.040771484375, 2112.457275390625]",0.9301568865776062
997,0546,car,"[0.0, 2.9150390625, 3824.615478515625, 2141.14111328125]",0.45433878898620605
998,0547,car,"[128.73651123046875, 10.82977294921875, 3837.599853515625, 2139.260498046875]",0.512771487236023
999,0548,truck,"[705.4158325195312, 132.53512573242188, 3701.197265625, 2123.785400390625]",0.6969631314277649
1000,0549,truck,"[693.242919921875, 347.88970947265625, 3032.497802734375, 1648.1202392578125]",0.80708909034729
1001,0550,truck,"[1077.275146484375, 331.3570861816406, 3001.524169921875, 1642.646484375]",0.9156554341316223
1002,0551,truck,"[1334.88134765625, 343.4021301269531, 3101.53076171875, 1662.903076171875]",0.910372257232666
1003,0552,truck,"[1288.65673828125, 355.61407470703125, 3222.908935546875, 1693.22900390625]",0.8685333132743835
1004,0553,truck,"[831.4191284179688, 360.47662353515625, 3181.24072265625, 1712.752685546875]",0.7404671311378479
1005,0554,truck,"[131.095458984375, 439.66009521484375, 3719.70263671875, 2088.45654296875]",0.9014865159988403
1006,0554,person,"[2782.708984375, 468.52239990234375, 3439.45947265625, 1020.093505859375]",0.4263751208782196
1007,0555,truck,"[132.85015869140625, 437.14251708984375, 3714.333984375, 2090.46533203125]",0.9087100625038147
1008,0555,person,"[2913.51123046875, 471.42803955078125, 3427.630859375, 1027.630615234375]",0.8427711129188538
1009,0556,truck,"[127.93157958984375, 437.9656677246094, 3721.9873046875, 2090.570068359375]",0.9052704572677612
1010,0556,person,"[2931.40283203125, 465.01287841796875, 3431.682861328125, 1024.521728515625]",0.8554118275642395
1011,0557,truck,"[114.84173583984375, 437.9993591308594, 3727.52294921875, 2093.07666015625]",0.8987438082695007
1012,0557,person,"[2903.2958984375, 459.6583557128906, 3400.94873046875, 1013.521728515625]",0.8465006351470947
1013,0558,truck,"[114.44073486328125, 438.7822265625, 3724.93603515625, 2093.911376953125]",0.893789529800415
1014,0558,person,"[2928.578125, 468.13897705078125, 3426.217529296875, 1029.221435546875]",0.8463800549507141
1015,0559,truck,"[132.53155517578125, 437.9272155761719, 3720.8798828125, 2089.20703125]",0.9020197987556458
1016,0559,person,"[2941.21630859375, 466.26068115234375, 3415.406982421875, 1012.0270385742188]",0.8203814029693604
